GAS_ZONES,TIMESERIES,gas_import_ref_quantity,gas_export_ref_quantity
AZ,20230130,0.0,115318.935483871
AZ,20230103,0.0,115318.935483871
AZ,20231020,0.0,124985.806451613
AZ,20231005,0.0,124985.806451613
AZ,20231129,0.0,134600.6
AZ,20231121,0.0,134600.6
AZ,20231218,0.0,114342.483870968
AZ,20231228,0.0,114342.483870968
AZ,20230216,0.0,116575.535714286
AZ,20230213,0.0,116575.535714286
AZ,20230315,0.0,99760.8064516129
AZ,20230306,0.0,99760.8064516129
AZ,20230403,0.0,86235.8666666667
AZ,20230410,0.0,86235.8666666667
AZ,20230530,0.0,155809.129032258
AZ,20230517,0.0,155809.129032258
AZ,20230630,0.0,163188.933333333
AZ,20230615,0.0,163188.933333333
AZ,20230727,0.0,165541.096774194
AZ,20230710,0.0,165541.096774194
AZ,20230803,0.0,163165.064516129
AZ,20230831,0.0,163165.064516129
AZ,20230912,0.0,153435.266666667
AZ,20230906,0.0,153435.266666667
CA,20230130,4199.1935483871,302341.967741935
CA,20230103,4199.1935483871,302341.967741935
CA,20231020,0.0,483408.64516129
CA,20231005,0.0,483408.64516129
CA,20231129,0.0,400135.766666667
CA,20231121,0.0,400135.766666667
CA,20231218,0.0,348723.419354839
CA,20231228,0.0,348723.419354839
CA,20230213,22037.5,321366.5
CA,20230216,22037.5,321366.5
CA,20230315,0.0,352661.774193548
CA,20230306,0.0,352661.774193548
CA,20230403,0.0,327218.7
CA,20230410,0.0,327218.7
CA,20230530,0.0,374176.258064516
CA,20230517,0.0,374176.258064516
CA,20230630,0.0,368285.0
CA,20230615,0.0,368285.0
CA,20230727,0.0,491122.612903226
CA,20230710,0.0,491122.612903226
CA,20230831,0.0,509512.451612903
CA,20230803,0.0,509512.451612903
CA,20230912,0.0,425091.7
CA,20230906,0.0,425091.7
ID,20230130,2777683.87096774,0.0
ID,20230103,2777683.87096774,0.0
ID,20231020,2269779.83870968,0.0
ID,20231005,2269779.83870968,0.0
ID,20231129,2400789.16666667,0.0
ID,20231121,2400789.16666667,0.0
ID,20231218,2700312.90322581,0.0
ID,20231228,2700312.90322581,0.0
ID,20230216,2712735.71428571,0.0
ID,20230213,2712735.71428571,0.0
ID,20230315,2735592.74193548,0.0
ID,20230306,2735592.74193548,0.0
ID,20230403,2649488.33333333,0.0
ID,20230410,2649488.33333333,0.0
ID,20230530,2246270.96774194,0.0
ID,20230517,2246270.96774194,0.0
ID,20230630,2574663.33333333,0.0
ID,20230615,2574663.33333333,0.0
ID,20230727,2459636.29032258,0.0
ID,20230710,2459636.29032258,0.0
ID,20230831,2556118.5483871,0.0
ID,20230803,2556118.5483871,0.0
ID,20230912,2632575.83333333,0.0
ID,20230906,2632575.83333333,0.0
ME,20230130,31459.6774193548,291082.096774194
ME,20230103,31459.6774193548,291082.096774194
ME,20231020,25239.8387096774,250158.35483871
ME,20231005,25239.8387096774,250158.35483871
ME,20231129,39348.6666666667,311074.033333333
ME,20231121,39348.6666666667,311074.033333333
ME,20231228,57209.0322580645,331265.774193548
ME,20231218,57209.0322580645,331265.774193548
ME,20230216,162891.428571429,349375.321428571
ME,20230213,162891.428571429,349375.321428571
ME,20230315,18829.0322580645,350027.225806452
ME,20230306,18829.0322580645,350027.225806452
ME,20230403,20859.6666666667,295304.233333333
ME,20230410,20859.6666666667,295304.233333333
ME,20230530,22941.6129032258,293174.677419355
ME,20230517,22941.6129032258,293174.677419355
ME,20230630,46075.1666666667,291025.3
ME,20230615,46075.1666666667,291025.3
ME,20230727,79941.1290322581,262959.35483871
ME,20230710,79941.1290322581,262959.35483871
ME,20230831,34027.0967741935,275695.258064516
ME,20230803,34027.0967741935,275695.258064516
ME,20230906,17716.8333333333,282314.266666667
ME,20230912,17716.8333333333,282314.266666667
MI,20230130,175969.35483871,2266344.19354839
MI,20230103,175969.35483871,2266344.19354839
MI,20231020,704670.967741936,1102706.80645161
MI,20231005,704670.967741936,1102706.80645161
MI,20231129,161266.666666667,1880574.2
MI,20231121,161266.666666667,1880574.2
MI,20231218,143599.193548387,2445523.06451613
MI,20231228,143599.193548387,2445523.06451613
MI,20230216,165976.785714286,2236808.85714286
MI,20230213,165976.785714286,2236808.85714286
MI,20230306,139400.0,2293945.22580645
MI,20230315,139400.0,2293945.22580645
MI,20230403,243471.666666667,1409169.4
MI,20230410,243471.666666667,1409169.4
MI,20230530,244644.35483871,1413120.77419355
MI,20230517,244644.35483871,1413120.77419355
MI,20230630,334901.666666667,1398675.8
MI,20230615,334901.666666667,1398675.8
MI,20230710,407916.935483871,1398962.22580645
MI,20230727,407916.935483871,1398962.22580645
MI,20230803,645452.419354839,1051768.58064516
MI,20230831,645452.419354839,1051768.58064516
MI,20230906,421172.5,1477781.4
MI,20230912,421172.5,1477781.4
MN,20230130,1230793.5483871,9569.22580645161
MN,20230103,1230793.5483871,9569.22580645161
MN,20231020,1215319.35483871,8039.45161290323
MN,20231005,1215319.35483871,8039.45161290323
MN,20231129,1559366.66666667,7634.76666666667
MN,20231121,1559366.66666667,7634.76666666667
MN,20231218,1718759.67741935,8137.09677419355
MN,20231228,1718759.67741935,8137.09677419355
MN,20230213,1217443.75,15098.9642857143
MN,20230216,1217443.75,15098.9642857143
MN,20230315,1002383.87096774,10545.6774193548
MN,20230306,1002383.87096774,10545.6774193548
MN,20230403,1064291.66666667,12377.0666666667
MN,20230410,1064291.66666667,12377.0666666667
MN,20230530,1276389.51612903,14972.2580645161
MN,20230517,1276389.51612903,14972.2580645161
MN,20230630,1237892.5,11738.0333333333
MN,20230615,1237892.5,11738.0333333333
MN,20230710,1443034.67741935,5858.70967741936
MN,20230727,1443034.67741935,5858.70967741936
MN,20230831,1276091.93548387,6477.12903225806
MN,20230803,1276091.93548387,6477.12903225806
MN,20230912,1339743.33333333,6255.8
MN,20230906,1339743.33333333,6255.8
MT,20230130,801946.774193548,0.0
MT,20230103,801946.774193548,0.0
MT,20231020,575190.322580645,0.0
MT,20231005,575190.322580645,0.0
MT,20231129,499140.833333333,0.0
MT,20231121,499140.833333333,0.0
MT,20231218,506713.709677419,0.0
MT,20231228,506713.709677419,0.0
MT,20230213,604200.892857143,0.0
MT,20230216,604200.892857143,0.0
MT,20230315,525789.838709677,0.0
MT,20230306,525789.838709677,0.0
MT,20230403,491829.166666667,0.0
MT,20230410,491829.166666667,0.0
MT,20230530,588779.838709677,0.0
MT,20230517,588779.838709677,0.0
MT,20230630,613394.166666667,0.0
MT,20230615,613394.166666667,0.0
MT,20230727,592020.161290323,0.0
MT,20230710,592020.161290323,0.0
MT,20230831,498282.258064516,0.0
MT,20230803,498282.258064516,0.0
MT,20230912,469176.666666667,0.0
MT,20230906,469176.666666667,0.0
ND,20230130,1406961.29032258,1432.12903225806
ND,20230103,1406961.29032258,1432.12903225806
ND,20231020,1230826.61290323,1334.48387096774
ND,20231005,1230826.61290323,1334.48387096774
ND,20231129,1394307.5,1009.0
ND,20231121,1394307.5,1009.0
ND,20231218,1415690.32258065,585.870967741935
ND,20231228,1415690.32258065,585.870967741935
ND,20230213,1349815.17857143,1513.5
ND,20230216,1349815.17857143,1513.5
ND,20230315,1349561.29032258,1627.41935483871
ND,20230306,1349561.29032258,1627.41935483871
ND,20230403,1203930.83333333,1547.13333333333
ND,20230410,1203930.83333333,1547.13333333333
ND,20230517,1170847.58064516,1204.29032258065
ND,20230530,1170847.58064516,1204.29032258065
ND,20230615,1185310.0,1513.5
ND,20230630,1185310.0,1513.5
ND,20230727,1333095.16129032,1367.03225806452
ND,20230710,1333095.16129032,1367.03225806452
ND,20230831,1325093.5483871,1497.22580645161
ND,20230803,1325093.5483871,1497.22580645161
ND,20230912,1207142.5,1109.9
ND,20230906,1207142.5,1109.9
NH,20230130,355873.387096774,0.0
NH,20230103,355873.387096774,0.0
NH,20231005,232708.064516129,195.290322580645
NH,20231020,232708.064516129,195.290322580645
NH,20231129,350550.0,0.0
NH,20231121,350550.0,0.0
NH,20231218,378886.290322581,162.741935483871
NH,20231228,378886.290322581,162.741935483871
NH,20230216,352160.714285714,0.0
NH,20230213,352160.714285714,0.0
NH,20230315,345557.258064516,0.0
NH,20230306,345557.258064516,0.0
NH,20230403,325403.333333333,0.0
NH,20230410,325403.333333333,0.0
NH,20230517,255555.64516129,292.935483870968
NH,20230530,255555.64516129,292.935483870968
NH,20230615,304151.666666667,840.833333333333
NH,20230630,304151.666666667,840.833333333333
NH,20230710,350682.258064516,1562.32258064516
NH,20230727,350682.258064516,1562.32258064516
NH,20230803,273972.580645161,1171.74193548387
NH,20230831,273972.580645161,1171.74193548387
NH,20230912,274836.666666667,773.566666666667
NH,20230906,274836.666666667,773.566666666667
NY,20230130,770766.935483871,858073.129032258
NY,20230103,770766.935483871,858073.129032258
NY,20231005,172662.903225806,800006.806451613
NY,20231020,172662.903225806,800006.806451613
NY,20231129,689312.5,804139.366666667
NY,20231121,689312.5,804139.366666667
NY,20231218,680236.290322581,853321.064516129
NY,20231228,680236.290322581,853321.064516129
NY,20230216,746932.142857143,830154.75
NY,20230213,746932.142857143,830154.75
NY,20230315,581175.0,791023.451612903
NY,20230306,581175.0,791023.451612903
NY,20230403,210227.5,800406.066666667
NY,20230410,210227.5,800406.066666667
NY,20230530,107228.225806452,815857.870967742
NY,20230517,107228.225806452,815857.870967742
NY,20230630,444440.0,823041.3
NY,20230615,444440.0,823041.3
NY,20230710,582629.838709677,819145.258064516
NY,20230727,582629.838709677,819145.258064516
NY,20230831,305549.193548387,843524.0
NY,20230803,305549.193548387,843524.0
NY,20230912,270873.333333333,807233.633333333
NY,20230906,270873.333333333,807233.633333333
TX,20230130,661.290322580645,4986250.16129032
TX,20230103,661.290322580645,4986250.16129032
TX,20231005,760.483870967742,5916483.06451613
TX,20231020,760.483870967742,5916483.06451613
TX,20231121,717.5,5485663.93333333
TX,20231129,717.5,5485663.93333333
TX,20231218,727.41935483871,5219980.12903226
TX,20231228,727.41935483871,5219980.12903226
TX,20230216,585.714285714286,5068495.28571429
TX,20230213,585.714285714286,5068495.28571429
TX,20230315,793.548387096774,5329830.93548387
TX,20230306,793.548387096774,5329830.93548387
TX,20230403,785.833333333333,5276599.13333333
TX,20230410,785.833333333333,5276599.13333333
TX,20230530,760.483870967742,5772130.96774194
TX,20230517,760.483870967742,5772130.96774194
TX,20230630,717.5,6333627.53333333
TX,20230615,717.5,6333627.53333333
TX,20230727,727.41935483871,6133776.09677419
TX,20230710,727.41935483871,6133776.09677419
TX,20230831,727.41935483871,6261788.90322581
TX,20230803,727.41935483871,6261788.90322581
TX,20230912,717.5,6228926.96666667
TX,20230906,717.5,6228926.96666667
VT,20230130,55151.6129032258,0.0
VT,20230103,55151.6129032258,0.0
VT,20231005,27311.2903225806,0.0
VT,20231020,27311.2903225806,0.0
VT,20231121,45339.1666666667,0.0
VT,20231129,45339.1666666667,0.0
VT,20231218,50489.5161290323,0.0
VT,20231228,50489.5161290323,0.0
VT,20230213,58388.3928571429,0.0
VT,20230216,58388.3928571429,0.0
VT,20230315,50324.1935483871,0.0
VT,20230306,50324.1935483871,0.0
VT,20230403,33517.5,0.0
VT,20230410,33517.5,0.0
VT,20230517,22682.2580645161,0.0
VT,20230530,22682.2580645161,0.0
VT,20230615,18074.1666666667,0.0
VT,20230630,18074.1666666667,0.0
VT,20230727,20433.8709677419,0.0
VT,20230710,20433.8709677419,0.0
VT,20230831,19739.5161290323,0.0
VT,20230803,19739.5161290323,0.0
VT,20230912,21149.1666666667,0.0
VT,20230906,21149.1666666667,0.0
WA,20230130,1400745.16129032,6054.0
WA,20230103,1400745.16129032,6054.0
WA,20231005,1175112.90322581,17022.8064516129
WA,20231020,1175112.90322581,17022.8064516129
WA,20231121,1448837.5,4506.86666666667
WA,20231129,1448837.5,4506.86666666667
WA,20231228,1430635.48387097,2994.45161290323
WA,20231218,1430635.48387097,2994.45161290323
WA,20230216,1387923.21428571,16576.4285714286
WA,20230213,1387923.21428571,16576.4285714286
WA,20230315,1455797.58064516,10024.9032258065
WA,20230306,1455797.58064516,10024.9032258065
WA,20230403,1279131.66666667,27612.9666666667
WA,20230410,1279131.66666667,27612.9666666667
WA,20230517,1156960.48387097,683.516129032258
WA,20230530,1156960.48387097,683.516129032258
WA,20230615,1142670.0,7163.9
WA,20230630,1142670.0,7163.9
WA,20230710,1147735.48387097,2896.8064516129
WA,20230727,1147735.48387097,2896.8064516129
WA,20230803,1204507.25806452,46283.8064516129
WA,20230831,1204507.25806452,46283.8064516129
WA,20230912,1197370.83333333,2219.8
WA,20230906,1197370.83333333,2219.8
