GAS_ZONES,TIMESERIES,DEMAND_SECTORS,gas_ref_price,gas_demand_ref_quantity
AL,20230103,EI,6.062827043,698424.8238
AL,20230103,RC,10.05920937,178807.9535
AL,20230130,EI,6.654361369,735137.0232
AL,20230130,RC,11.04066036,272628.4042
AL,20230213,EI,6.670070444,768998.8851
AL,20230213,RC,11.06672425,414681.6166
AL,20230216,EI,6.737897459,689608.2095
AL,20230216,RC,11.17926023,141200.7405
AL,20230306,EI,5.793368133,707186.9457
AL,20230306,RC,9.61213351,174497.7258
AL,20230315,EI,5.37186771,773832.3821
AL,20230315,RC,8.912796225,513435.1402
AL,20230403,EI,4.462422962,698521.4325
AL,20230403,RC,7.40388049,145489.1375
AL,20230410,EI,4.545839923,701739.9318
AL,20230410,RC,7.542282701,170592.4109
AL,20230517,EI,2.907245433,682444.4347
AL,20230517,RC,4.823589768,68575.01999
AL,20230530,EI,2.665611011,655148.6206
AL,20230530,RC,4.422679232,73429.71148
AL,20230615,EI,2.702187654,668469.4816
AL,20230615,RC,4.48336579,61194.12634
AL,20230630,EI,3.892562712,661721.9861
AL,20230630,RC,6.458390288,58348.64655
AL,20230710,EI,4.684618411,657444.7355
AL,20230710,RC,7.772538629,56968.63354
AL,20230727,EI,4.904845916,654027.7801
AL,20230727,RC,8.137931632,55415.92138
AL,20230803,EI,4.84279748,654717.6914
AL,20230803,RC,8.034983255,55081.06242
AL,20230831,EI,5.070496151,667941.1513
AL,20230831,RC,8.412772128,55398.66125
AL,20230906,EI,4.929655539,682237.3853
AL,20230906,RC,8.179094805,56390.71717
AL,20230912,EI,5.382610467,688979.2477
AL,20230912,RC,8.930620194,57165.5683
AL,20231005,EI,5.770138226,705835.5674
AL,20231005,RC,9.573591341,63629.01446
AL,20231020,EI,5.134096774,699443.7726
AL,20231020,RC,8.518295836,81856.33801
AL,20231121,EI,5.189174761,715777.8324
AL,20231121,RC,8.609679113,115943.6301
AL,20231129,EI,5.325918039,758454.5033
AL,20231129,RC,8.836558299,328124.9984
AL,20231218,EI,5.103589472,743807.7775
AL,20231218,RC,8.467679294,284803.4735
AL,20231228,EI,5.015872512,743490.1765
AL,20231228,RC,8.32214269,314289.7458
AR,20230103,EI,8.392102157,309833.7909
AR,20230103,RC,11.39783797,329766.6305
AR,20230130,EI,12.8774339,362627.6755
AR,20230130,RC,17.48964709,488988.2205
AR,20230213,EI,26.01100498,359209.3646
AR,20230213,RC,35.32717009,463422.7672
AR,20230216,EI,24.25918042,335225.3661
AR,20230216,RC,32.94790776,326823.8584
AR,20230306,EI,9.803325545,342701.1652
AR,20230306,RC,13.31450858,330659.474
AR,20230315,EI,6.231791198,362197.3258
AR,20230315,RC,8.463784761,530524.3064
AR,20230403,EI,4.530046556,338408.7952
AR,20230403,RC,6.152539101,275375.5427
AR,20230410,EI,4.393331661,335924.4728
AR,20230410,RC,5.966858065,257645.3606
AR,20230517,EI,3.569067172,321312.0326
AR,20230517,RC,4.847372992,157201.7632
AR,20230530,EI,4.366112575,316079.0711
AR,20230530,RC,5.929890125,148061.0134
AR,20230615,EI,6.133106594,310450.5402
AR,20230615,RC,8.329755039,138866.0232
AR,20230630,EI,5.211942061,305937.9637
AR,20230630,RC,7.078663965,135214.576
AR,20230710,EI,4.41202012,303545.8856
AR,20230710,RC,5.992240028,133411.5289
AR,20230727,EI,3.874255723,302125.5954
AR,20230727,RC,5.261868621,133580.6368
AR,20230803,EI,3.825244702,302503.8001
AR,20230803,RC,5.195303692,133732.2645
AR,20230831,EI,4.005100072,311764.6932
AR,20230831,RC,5.439576501,134010.4864
AR,20230906,EI,3.89385243,314668.6055
AR,20230906,RC,5.288484131,135334.5078
AR,20230912,EI,4.251633949,318490.2165
AR,20230912,RC,5.774409554,135316.8597
AR,20231005,EI,4.557735641,329750.6917
AR,20231005,RC,6.190145376,140497.7813
AR,20231020,EI,4.055337141,341124.3034
AR,20231020,RC,5.507806601,159588.6881
AR,20231121,EI,4.098842321,353342.379
AR,20231121,RC,5.566893703,248870.5784
AR,20231129,EI,4.206853548,377202.9928
AR,20231129,RC,5.713590495,378952.8753
AR,20231218,EI,4.031239933,356480.4972
AR,20231218,RC,5.475078679,368158.2575
AR,20231228,EI,3.961953774,368272.6081
AR,20231228,RC,5.38097682,472087.3749
AZ,20230103,EI,6.518566902,71128.64031
AZ,20230103,RC,9.693010381,452407.0927
AZ,20230130,EI,7.581953033,69530.22465
AZ,20230130,RC,11.27424947,472343.5192
AZ,20230213,EI,8.367171085,61400.23314
AZ,20230213,RC,12.44185684,369354.4626
AZ,20230216,EI,8.430131923,87607.18151
AZ,20230216,RC,12.53547865,845896.0833
AZ,20230306,EI,6.939112071,61825.93206
AZ,20230306,RC,10.31835469,349703.7425
AZ,20230315,EI,6.295489234,57132.51176
AZ,20230315,RC,9.361297264,253903.0733
AZ,20230403,EI,5.304929439,56343.47641
AZ,20230403,RC,7.888349832,239410.7383
AZ,20230410,EI,5.432615418,54319.44314
AZ,20230410,RC,8.078216951,195489.7896
AZ,20230517,EI,5.750643668,50359.92995
AZ,20230517,RC,8.551120149,135274.3355
AZ,20230530,EI,5.426807325,49813.12853
AZ,20230530,RC,8.069580404,129849.4632
AZ,20230615,EI,5.643195808,49076.50479
AZ,20230615,RC,8.391346806,120155.2901
AZ,20230630,EI,6.227720892,47895.46943
AZ,20230630,RC,9.260526764,111567.2811
AZ,20230710,EI,6.275143793,46799.72263
AZ,20230710,RC,9.331043901,107431.0016
AZ,20230727,EI,6.011776122,46108.04003
AZ,20230727,RC,8.939420159,102095.8792
AZ,20230803,EI,5.935724538,46216.83979
AZ,20230803,RC,8.826332603,100234.7868
AZ,20230831,EI,6.214810457,46013.83683
AZ,20230831,RC,9.241329143,99474.30193
AZ,20230906,EI,6.042184805,47073.14424
AZ,20230906,RC,8.984637409,99419.54839
AZ,20230912,EI,6.597363024,46614.78278
AZ,20230912,RC,9.810179024,101490.425
AZ,20231005,EI,7.072348409,50392.26885
AZ,20231005,RC,10.51647511,110937.7011
AZ,20231020,EI,6.292764529,49065.64352
AZ,20231020,RC,9.357245669,122240.9062
AZ,20231121,EI,6.360272567,56959.35618
AZ,20231121,RC,9.4576291,195633.7952
AZ,20231129,EI,6.527876196,56498.4599
AZ,20231129,RC,9.706853161,211907.8725
AZ,20231218,EI,6.25537231,57718.94811
AZ,20231218,RC,9.301644005,278073.0572
AZ,20231228,EI,6.147859305,63851.6552
AZ,20231228,RC,9.141773793,444544.9918
CA,20230103,EI,6.799751859,1843106.292
CA,20230103,RC,7.735463244,4040265.949
CA,20230130,EI,7.420744885,1799169.779
CA,20230130,RC,8.441910896,4200251.524
CA,20230213,EI,6.84271908,1821469.163
CA,20230213,RC,7.784343169,3592957.124
CA,20230216,EI,7.145510818,1752170.423
CA,20230216,RC,8.128801969,4574259.537
CA,20230306,EI,7.971056137,1742549.438
CA,20230306,RC,9.067950279,4154370.976
CA,20230315,EI,8.418757104,1854355.692
CA,20230315,RC,9.577259213,2502155.622
CA,20230403,EI,5.569831026,1782043.781
CA,20230403,RC,6.336293453,2628386.826
CA,20230410,EI,5.217548521,1869255.892
CA,20230410,RC,5.93553348,1792485.123
CA,20230517,EI,4.471682895,1864340.242
CA,20230517,RC,5.087029556,1361436.648
CA,20230530,EI,3.991391902,1796118.881
CA,20230530,RC,4.540645893,1478524.252
CA,20230615,EI,3.878728342,1818007.766
CA,20230615,RC,4.412478741,1384718.747
CA,20230630,EI,4.108917633,1866710.622
CA,20230630,RC,4.674344298,1300416.373
CA,20230710,EI,4.028821362,1830825.127
CA,20230710,RC,4.583226007,1360967.191
CA,20230727,EI,3.807458211,2030910.634
CA,20230727,RC,4.331401154,1137442.132
CA,20230803,EI,3.759292207,1976672.775
CA,20230803,RC,4.276607044,1201764.459
CA,20230831,EI,3.936046623,2110165.723
CA,20230831,RC,4.47768457,1092072.305
CA,20230906,EI,3.826717043,2045462.844
CA,20230906,RC,4.353310187,1162814.094
CA,20230912,EI,4.178329915,2086885.093
CA,20230912,RC,4.753308379,1121646.952
CA,20231005,EI,4.479153992,2070896.012
CA,20231005,RC,5.095528748,1169111.632
CA,20231020,EI,3.985417535,2065007.918
CA,20231020,RC,4.533849396,1195225.41
CA,20231121,EI,4.028172626,1934371.367
CA,20231121,RC,4.582487999,1991047.48
CA,20231129,EI,4.134321591,1912903.022
CA,20231129,RC,4.703244084,2398718.47
CA,20231218,EI,3.961735797,1888351.886
CA,20231218,RC,4.506908822,2365084.986
CA,20231228,EI,3.893644227,1874178.223
CA,20231228,RC,4.429447196,2807734.219
CO,20230103,EI,7.303271917,362861.6996
CO,20230103,RC,7.93139333,1335234.282
CO,20230130,EI,7.302242065,514291.6815
CO,20230130,RC,7.930274904,2287197.438
CO,20230213,EI,6.228705969,293995.4261
CO,20230213,RC,6.764408821,907159.1666
CO,20230216,EI,6.366739356,507375.415
CO,20230216,RC,6.914313836,2193772.059
CO,20230306,EI,6.212221015,287986.148
CO,20230306,RC,6.74650607,851507.8075
CO,20230315,EI,6.136244144,238507.0191
CO,20230315,RC,6.663994771,607492.4644
CO,20230403,EI,5.413722519,223109.1675
CO,20230403,RC,5.879332328,496418.2697
CO,20230410,EI,5.638620295,220900.0915
CO,20230410,RC,6.123572544,466890.0128
CO,20230517,EI,4.210930557,191853.1391
CO,20230517,RC,4.573093664,253606.7667
CO,20230530,EI,3.441246306,187792.92
CO,20230530,RC,3.737212349,210375.9958
CO,20230615,EI,3.017289855,194139.3087
CO,20230615,RC,3.27679332,196214.4957
CO,20230630,EI,3.429781929,190750.4402
CO,20230630,RC,3.724761972,162060.4054
CO,20230710,EI,3.524720508,190527.838
CO,20230710,RC,3.82786579,148424.9793
CO,20230727,EI,3.410245313,189587.8609
CO,20230727,RC,3.703545101,130433.1888
CO,20230803,EI,3.367104225,190496.8225
CO,20230803,RC,3.656693643,130752.4663
CO,20230831,EI,3.525418745,187075.6618
CO,20230831,RC,3.828624079,134055.7412
CO,20230906,EI,3.427494968,191024.5708
CO,20230906,RC,3.722278321,152075.0427
CO,20230912,EI,3.742425844,196461.4724
CO,20230912,RC,4.064294978,174610.2332
CO,20231005,EI,4.011866463,206070.0391
CO,20231005,RC,4.356908968,232153.5147
CO,20231020,EI,3.569639039,199945.2191
CO,20231020,RC,3.876647561,249332.9998
CO,20231121,EI,3.607933707,308558.7591
CO,20231121,RC,3.91823578,766466.0935
CO,20231129,EI,3.703008686,304634.4618
CO,20231129,RC,4.021487728,808526.1739
CO,20231218,EI,3.548427897,293893.8659
CO,20231218,RC,3.853612144,950772.2902
CO,20231228,EI,3.487439976,330739.413
CO,20231228,RC,3.787378928,1114997.69
CT,20230103,EI,7.233751855,75580.88385
CT,20230103,RC,11.80759393,513541.3586
CT,20230130,EI,8.063838983,73911.68139
CT,20230130,RC,13.16253836,489462.0725
CT,20230213,EI,7.787035736,75286.76678
CT,20230213,RC,12.71071468,518321.9279
CT,20230216,EI,7.440873805,66429.35196
CT,20230216,RC,12.1456774,375212.0268
CT,20230306,EI,4.328833563,71044.94882
CT,20230306,RC,7.065919587,457024.6564
CT,20230315,EI,3.301681537,76247.75591
CT,20230315,RC,5.389307744,561186.1577
CT,20230403,EI,3.565573005,72358.41011
CT,20230403,RC,5.820055626,512499.0199
CT,20230410,EI,4.000864568,66567.65369
CT,20230410,RC,6.530578482,407779.6827
CT,20230517,EI,3.528195841,51702.63203
CT,20230517,RC,5.759045188,169444.0071
CT,20230530,EI,3.926795582,54610.2022
CT,20230530,RC,6.409676282,164556.7124
CT,20230615,EI,4.942485375,52610.74184
CT,20230615,RC,8.067578417,135884.8081
CT,20230630,EI,4.585654243,52523.67143
CT,20230630,RC,7.48512588,126871.2279
CT,20230710,EI,4.115890152,52161.40364
CT,20230710,RC,6.718333801,124692.8655
CT,20230727,EI,3.721575695,53149.00511
CT,20230727,RC,6.07469754,123239.5373
CT,20230803,EI,3.674496143,56857.57154
CT,20230803,RC,5.997849972,118482.3225
CT,20230831,EI,3.847263616,52280.62324
CT,20230831,RC,6.279856905,122315.3464
CT,20230906,EI,3.740400117,49679.70671
CT,20230906,RC,6.105424491,124560.5232
CT,20230912,EI,4.084081872,48661.31575
CT,20230912,RC,6.666413406,125558.1087
CT,20231005,EI,4.378120444,47351.70544
CT,20231005,RC,7.146370159,137715.0533
CT,20231020,EI,3.895520899,53797.48284
CT,20231020,RC,6.358626873,179261.2922
CT,20231121,EI,3.937311589,77668.9995
CT,20231121,RC,6.426841474,463499.4056
CT,20231129,EI,4.041066216,78935.66051
CT,20231129,RC,6.596199303,518183.2056
CT,20231218,EI,3.872373335,56005.5536
CT,20231218,RC,6.320843294,353883.0918
CT,20231228,EI,3.805817665,60579.31227
CT,20231228,RC,6.212205018,432847.754
DC,20230103,EI,6.149897866,0.0
DC,20230103,RC,9.733037853,125341.7598
DC,20230130,EI,7.993656879,0.0
DC,20230130,RC,12.65103367,129150.1427
DC,20230213,EI,9.320131086,0.0
DC,20230213,RC,14.75035694,151524.3127
DC,20230216,EI,9.178375516,0.0
DC,20230216,RC,14.52600974,82046.06963
DC,20230306,EI,6.320176728,0.0
DC,20230306,RC,10.00252698,98754.91601
DC,20230315,EI,5.244471638,0.0
DC,20230315,RC,8.300079463,165366.0956
DC,20230403,EI,3.870568303,0.0
DC,20230403,RC,6.125693244,102712.8389
DC,20230410,EI,3.774778376,0.0
DC,20230410,RC,5.974092842,90849.6572
DC,20230517,EI,4.913137339,0.0
DC,20230517,RC,7.775698514,36285.03057
DC,20230530,EI,3.674450385,0.0
DC,20230530,RC,5.815310347,37259.25789
DC,20230615,EI,2.901619,0.0
DC,20230615,RC,4.59220107,33307.1871
DC,20230630,EI,3.403745199,0.0
DC,20230630,RC,5.386883098,31002.77779
DC,20230710,EI,3.572125207,0.0
DC,20230710,RC,5.653367034,30510.24162
DC,20230727,EI,3.492555652,0.0
DC,20230727,RC,5.527437546,29963.8003
DC,20230803,EI,3.448373303,0.0
DC,20230803,RC,5.457513055,29825.26375
DC,20230831,EI,3.610508932,0.0
DC,20230831,RC,5.714114425,29990.33031
DC,20230906,EI,3.510221649,0.0
DC,20230906,RC,5.555396353,30202.06661
DC,20230912,EI,3.832753757,0.0
DC,20230912,RC,6.065846655,30468.1103
DC,20231005,EI,4.108697647,0.0
DC,20231005,RC,6.502564855,33457.95303
DC,20231020,EI,3.655796536,0.0
DC,20231020,RC,5.785788129,42079.50026
DC,20231121,EI,3.695015491,0.0
DC,20231121,RC,5.847857384,99315.87394
DC,20231129,EI,3.792385219,0.0
DC,20231129,RC,6.001958031,158083.6293
DC,20231218,EI,3.634073437,0.0
DC,20231218,RC,5.751408413,91320.39369
DC,20231228,EI,3.571613501,0.0
DC,20231228,RC,5.65255719,96339.04342
DE,20230103,EI,8.867123553,150540.381
DE,20230103,RC,13.84064277,111018.1227
DE,20230130,EI,10.61454426,128440.1565
DE,20230130,RC,16.56818182,115713.184
DE,20230213,EI,11.41301973,127534.664
DE,20230213,RC,17.81451765,135632.5114
DE,20230216,EI,11.25137648,107753.1413
DE,20230216,RC,17.56220963,73324.78271
DE,20230306,EI,7.971424192,114474.2639
DE,20230306,RC,12.44255073,105058.7899
DE,20230315,EI,6.709526468,132894.5382
DE,20230315,RC,10.47286174,154663.6266
DE,20230403,EI,4.275946101,126465.4133
DE,20230403,RC,6.674299974,121346.8519
DE,20230410,EI,3.950649469,124786.7651
DE,20230410,RC,6.166546309,106783.6702
DE,20230517,EI,5.949025798,82594.98539
DE,20230517,RC,9.285800567,33495.29689
DE,20230530,EI,5.09887255,98210.38081
DE,20230530,RC,7.958801194,31479.20649
DE,20230615,EI,4.715858455,115164.0972
DE,20230615,RC,7.360956668,26367.51003
DE,20230630,EI,4.838184045,96439.15959
DE,20230630,RC,7.551893987,25312.26933
DE,20230710,EI,4.643605621,93306.84752
DE,20230710,RC,7.248177631,24942.96123
DE,20230727,EI,4.341838311,95543.10419
DE,20230727,RC,6.77715075,23731.28443
DE,20230803,EI,4.286912166,102992.0441
DE,20230803,RC,6.691416844,22222.50853
DE,20230831,EI,4.488474219,91512.17308
DE,20230831,RC,7.006033906,25223.08675
DE,20230906,EI,4.363800137,86024.39944
DE,20230906,RC,6.81143084,27171.23525
DE,20230912,EI,4.764762184,86578.85474
DE,20230912,RC,7.437290221,27865.37976
DE,20231005,EI,5.107807184,99340.00311
DE,20231005,RC,7.972747213,31554.27469
DE,20231020,EI,4.544774382,122179.9218
DE,20231020,RC,7.093912511,38721.29201
DE,20231121,EI,4.593530187,135907.8971
DE,20231121,RC,7.17001517,90744.77037
DE,20231129,EI,4.714577253,124728.6231
DE,20231129,RC,7.358956847,139825.4097
DE,20231218,EI,4.517768891,205059.7212
DE,20231218,RC,7.051759793,70136.63343
DE,20231228,EI,4.440120609,209531.7268
DE,20231228,RC,6.930559032,85041.84506
FL,20230103,EI,5.809867078,395853.7049
FL,20230103,RC,7.359954746,297865.6091
FL,20230130,EI,6.40427314,417373.8619
FL,20230130,RC,8.112949894,287510.658
FL,20230213,EI,7.705931607,433265.5121
FL,20230213,RC,9.76189423,337537.1694
FL,20230216,EI,7.721296711,428356.7917
FL,20230216,RC,9.781358784,284483.0551
FL,20230306,EI,5.974334419,436648.5573
FL,20230306,RC,7.568302402,262628.3925
FL,20230315,EI,5.255087978,430253.3947
FL,20230315,RC,6.657159137,305494.8711
FL,20230403,EI,4.24230512,434745.4939
FL,20230403,RC,5.374163175,244880.5917
FL,20230410,EI,4.276300582,429846.3958
FL,20230410,RC,5.417228715,255670.6193
FL,20230517,EI,3.566282539,406558.9285
FL,20230517,RC,4.517776009,216678.8364
FL,20230530,EI,4.698712031,399540.8773
FL,20230530,RC,5.952340639,207826.8268
FL,20230615,EI,7.260054413,392783.6678
FL,20230615,RC,9.197055839,201067.7267
FL,20230630,EI,7.567203136,388372.2151
FL,20230630,RC,9.586152641,194289.5949
FL,20230710,EI,7.33991332,386264.4141
FL,20230710,RC,9.298221311,190517.3135
FL,20230727,EI,6.899228788,383964.8092
FL,20230727,RC,8.739960998,185830.6983
FL,20230803,EI,6.811950541,383419.2043
FL,20230803,RC,8.629396688,184636.2667
FL,20230831,EI,7.132234858,383158.9996
FL,20230831,RC,9.035133694,185025.9023
FL,20230906,EI,6.934126371,383625.0059
FL,20230906,RC,8.784169348,186176.8407
FL,20230912,EI,7.571259471,384376.0238
FL,20230912,RC,9.591291217,187664.0167
FL,20231005,EI,8.116361746,390749.4514
FL,20231005,RC,10.2818282,195841.2277
FL,20231020,EI,7.221696435,393048.7327
FL,20231020,RC,9.148463854,195403.9963
FL,20231121,EI,7.299169946,425404.138
FL,20231121,RC,9.246607499,226633.1984
FL,20231129,EI,7.491515063,386857.7984
FL,20231129,RC,9.490270794,293926.1496
FL,20231218,EI,7.178784413,443621.6784
FL,20231218,RC,9.094102792,265660.5796
FL,20231228,EI,7.055400441,458881.2572
FL,20231228,RC,8.937799654,271603.8515
GA,20230103,EI,6.371171027,482823.5967
GA,20230103,RC,9.931303772,714291.7414
GA,20230130,EI,6.348846512,497336.1829
GA,20230130,RC,9.89650459,974069.9566
GA,20230213,EI,6.659269237,539181.0657
GA,20230213,RC,10.38038775,1381598.67
GA,20230216,EI,6.726509344,460106.2465
GA,20230216,RC,10.48520081,631228.5693
GA,20230306,EI,5.713562951,447286.9165
GA,20230306,RC,8.906232316,538361.0825
GA,20230315,EI,5.265704317,579390.3796
GA,20230315,RC,8.208115733,1474798.972
GA,20230403,EI,13.91219119,444710.3412
GA,20230403,RC,21.68615412,442280.7205
GA,20230410,EI,21.70541941,487165.4374
GA,20230410,RC,33.83414333,593544.7641
GA,20230517,EI,9.676508646,412975.0573
GA,20230517,RC,15.08362378,235474.6185
GA,20230530,EI,5.798384233,424371.1947
GA,20230530,RC,9.038450696,264755.1483
GA,20230615,EI,3.519089274,418607.3558
GA,20230615,RC,5.485513485,226135.72
GA,20230630,EI,4.252280469,418921.2492
GA,20230630,RC,6.628402987,223461.2411
GA,20230710,EI,4.551712688,418652.3608
GA,20230710,RC,7.095154281,222872.9744
GA,20230727,EI,4.494518339,417884.2004
GA,20230727,RC,7.006000427,222438.0113
GA,20230803,EI,4.437660726,417709.4892
GA,20230803,RC,6.917371472,222164.7378
GA,20230831,EI,4.646310675,419130.557
GA,20230831,RC,7.242612471,219647.4883
GA,20230906,EI,4.517252449,420284.477
GA,20230906,RC,7.041438081,218830.6401
GA,20230912,EI,4.932314261,421267.5111
GA,20230912,RC,7.688431376,218713.4746
GA,20231005,EI,5.287422382,424325.0432
GA,20231005,RC,8.241969588,245908.7311
GA,20231020,EI,4.704590624,439199.5431
GA,20231020,RC,7.333458545,367913.9244
GA,20231121,EI,4.755060919,446778.9055
GA,20231121,RC,7.412131026,455838.0631
GA,20231129,EI,4.880364584,531708.5642
GA,20231129,RC,7.607452853,1460967.953
GA,20231218,EI,4.676635489,478739.6462
GA,20231218,RC,7.289882422,901145.6479
GA,20231228,EI,4.596256719,465757.5591
GA,20231228,RC,7.164588973,851892.1819
IA,20230103,EI,6.404769559,728859.8173
IA,20230103,RC,7.376558776,606067.0407
IA,20230130,EI,5.953762614,922384.1769
IA,20230130,RC,6.857121003,1016060.957
IA,20230213,EI,5.498316468,756162.9742
IA,20230213,RC,6.332570473,527240.0147
IA,20230216,EI,5.789225043,804165.9476
IA,20230216,RC,6.667618312,653492.6145
IA,20230306,EI,6.851003687,760643.7572
IA,20230306,RC,7.890499558,481868.4196
IA,20230315,EI,7.452670223,798990.2413
IA,20230315,RC,8.58345635,648438.1775
IA,20230403,EI,3.527401606,722434.2045
IA,20230403,RC,4.06261069,294804.3513
IA,20230410,EI,2.92073504,710134.0298
IA,20230410,RC,3.363895218,235199.6367
IA,20230517,EI,6.547159987,689601.5818
IA,20230517,RC,7.54055396,148568.6671
IA,20230530,EI,5.197499452,682416.6627
IA,20230530,RC,5.986110795,118414.0612
IA,20230615,EI,4.439544362,674051.0392
IA,20230615,RC,5.113151945,109186.6195
IA,20230630,EI,6.49865899,668716.0385
IA,20230630,RC,7.484693956,96543.8006
IA,20230710,EI,7.905072214,661887.0821
IA,20230710,RC,9.104500838,102128.435
IA,20230727,EI,8.321061554,660154.0399
IA,20230727,RC,9.58360782,90882.33773
IA,20230803,EI,8.215796503,659045.0298
IA,20230803,RC,9.46237101,90444.07542
IA,20230831,EI,8.602086855,666011.2766
IA,20230831,RC,9.907272806,103400.304
IA,20230906,EI,8.363151032,664898.9835
IA,20230906,RC,9.632083492,90442.07826
IA,20230912,EI,9.131588186,679802.3128
IA,20230912,RC,10.51711484,116922.2004
IA,20231005,EI,9.789028274,696115.4733
IA,20231005,RC,11.27430765,127325.4999
IA,20231020,EI,8.709985189,734508.6516
IA,20231020,RC,10.03154245,191621.1625
IA,20231121,EI,8.803424887,760084.8511
IA,20231121,RC,10.13915965,362416.794
IA,20231129,EI,9.035409592,893906.9419
IA,20231129,RC,10.40634316,754907.9859
IA,20231218,EI,8.65822961,752852.0872
IA,20231218,RC,9.971934046,538473.384
IA,20231228,EI,8.509417959,722502.6777
IA,20231228,RC,9.800543353,545884.8341
ID,20230103,EI,8.149933192,162428.5706
ID,20230103,RC,11.09070685,309662.3801
ID,20230130,EI,7.767642623,193022.6733
ID,20230130,RC,10.57047281,483753.3513
ID,20230213,EI,6.291383168,156297.9436
ID,20230213,RC,8.561528635,304230.5081
ID,20230216,EI,6.198727386,163249.641
ID,20230216,RC,8.435439489,358343.7457
ID,20230306,EI,4.70415581,150684.388
ID,20230306,RC,6.401575551,315490.8785
ID,20230315,EI,4.097906989,137110.5114
ID,20230315,RC,5.576571493,204804.9271
ID,20230403,EI,5.288040848,128860.936
ID,20230403,RC,7.196146211,251091.5845
ID,20230410,EI,6.335960625,122390.8588
ID,20230410,RC,8.622191158,129892.1296
ID,20230517,EI,4.236064493,111469.849
ID,20230517,RC,5.764580934,67288.18344
ID,20230530,EI,3.788981718,107173.9041
ID,20230530,RC,5.156175457,63448.91551
ID,20230615,EI,3.698031967,102682.6056
ID,20230615,RC,5.032407935,64703.72774
ID,20230630,EI,4.140722264,96704.26352
ID,20230630,RC,5.634835979,50521.46441
ID,20230710,EI,4.212807252,92444.18651
ID,20230710,RC,5.732931688,45415.66804
ID,20230727,EI,4.055563257,91054.489
ID,20230727,RC,5.5189487,45880.58045
ID,20230803,EI,4.004258617,89241.02393
ID,20230803,RC,5.449131597,43734.55648
ID,20230831,EI,4.192530864,103363.6256
ID,20230831,RC,5.705338888,51584.96897
ID,20230906,EI,4.076077051,103761.2561
ID,20230906,RC,5.54686457,50275.59709
ID,20230912,EI,4.45060204,103360.4969
ID,20230912,RC,6.05653094,48069.10279
ID,20231005,EI,4.771028689,123108.3131
ID,20231005,RC,6.492578444,70513.21713
ID,20231020,EI,4.245118928,123873.247
ID,20231020,RC,5.776902518,76335.05444
ID,20231121,EI,4.290660065,148890.7248
ID,20231121,RC,5.838876449,218089.5802
ID,20231129,EI,4.403726005,161719.476
ID,20231129,RC,5.992740434,280838.1624
ID,20231218,EI,4.219894019,157794.2196
ID,20231218,RC,5.742575602,284277.539
ID,20231228,EI,4.147365404,154926.6091
ID,20231228,RC,5.643876191,293939.7715
IL,20230103,EI,7.363712775,852050.0578
IL,20230103,RC,9.38148661,2854943.261
IL,20230130,EI,5.627640419,1018446.092
IL,20230130,RC,7.169702955,4346905.588
IL,20230213,EI,4.25582143,869725.928
IL,20230213,RC,5.421983853,2722468.666
IL,20230216,EI,4.491280517,860627.9193
IL,20230216,RC,5.721962456,2628248.773
IL,20230306,EI,5.688410345,843170.5533
IL,20230306,RC,7.247124803,2486270.592
IL,20230315,EI,6.401652627,915329.9665
IL,20230315,RC,8.155806757,3639251.98
IL,20230403,EI,5.079783035,772374.1876
IL,20230403,RC,6.471723977,2068743.508
IL,20230410,EI,5.088148811,708686.7005
IL,20230410,RC,6.482382109,1357924.503
IL,20230517,EI,2.472965385,637502.4181
IL,20230517,RC,3.150597037,874412.7594
IL,20230530,EI,3.171336564,613390.0068
IL,20230530,RC,4.040332971,637725.945
IL,20230615,EI,4.743437259,607096.7272
IL,20230615,RC,6.043214135,604925.9169
IL,20230630,EI,4.905342801,598010.9302
IL,20230630,RC,6.249484358,518614.6646
IL,20230710,EI,4.733096491,600625.909
IL,20230710,RC,6.030039834,540063.2888
IL,20230727,EI,4.437263328,597844.5153
IL,20230727,RC,5.653143703,506558.2467
IL,20230803,EI,4.381130016,599375.7325
IL,20230803,RC,5.581628975,512833.1076
IL,20230831,EI,4.587122004,629813.6529
IL,20230831,RC,5.844066027,672093.2014
IL,20230906,EI,4.459707832,601838.9443
IL,20230906,RC,5.681738356,517184.4758
IL,20230912,EI,4.869482232,632525.8098
IL,20230912,RC,6.203797426,672003.1079
IL,20231005,EI,5.220066683,609595.3976
IL,20231005,RC,6.650447565,577010.1043
IL,20231020,EI,4.644659533,695707.3103
IL,20231020,RC,5.91736975,1079388.747
IL,20231121,EI,4.694486895,783010.1045
IL,20231121,RC,5.980850597,1984392.042
IL,20231129,EI,4.818194335,1009281.255
IL,20231129,RC,6.138455834,4794640.038
IL,20231218,EI,4.617060515,841905.0597
IL,20231218,RC,5.882208164,2765047.76
IL,20231228,EI,4.537705678,835801.3711
IL,20231228,RC,5.781108845,2781689.663
IN,20230103,EI,7.635820557,1268501.926
IN,20230103,RC,10.42046396,956741.2595
IN,20230130,EI,8.39485762,1418575.0
IN,20230130,RC,11.45630788,1229783.36
IN,20230213,EI,8.484818788,1378377.543
IN,20230213,RC,11.57907624,1014486.685
IN,20230216,EI,8.250202671,1283677.041
IN,20230216,RC,11.25889993,709451.7927
IN,20230306,EI,5.378069294,1319181.874
IN,20230306,RC,7.339352308,792032.257
IN,20230315,EI,4.342082794,1438200.515
IN,20230315,RC,5.925560574,1490480.462
IN,20230403,EI,3.93623655,1248328.795
IN,20230403,RC,5.371709665,734841.884
IN,20230410,EI,4.140965684,1185432.602
IN,20230410,RC,5.651099752,499592.8014
IN,20230517,EI,3.96053301,1089730.567
IN,20230517,RC,5.404866598,276172.2152
IN,20230530,EI,3.164306058,1075031.835
IN,20230530,RC,4.318270313,188541.0579
IN,20230615,EI,2.718189383,1069671.576
IN,20230615,RC,3.709463086,192173.4907
IN,20230630,EI,3.749085395,1071106.372
IN,20230630,RC,5.116307924,150607.1919
IN,20230710,EI,4.383095577,1069966.499
IN,20230710,RC,5.981529965,158333.3798
IN,20230727,EI,4.523145845,1073193.767
IN,20230727,RC,6.172653992,141822.9877
IN,20230803,EI,4.465926081,1072746.442
IN,20230803,RC,6.094567232,147282.6066
IN,20230831,EI,4.67590501,1078000.624
IN,20230831,RC,6.381121617,192019.442
IN,20230906,EI,4.546024758,1067587.385
IN,20230906,RC,6.203876424,152384.3507
IN,20230912,EI,4.963730275,1073254.528
IN,20230912,RC,6.773911466,175667.4652
IN,20231005,EI,5.321100232,1066586.125
IN,20231005,RC,7.261607676,186337.885
IN,20231020,EI,4.734556169,1139989.052
IN,20231020,RC,6.461161776,357318.5487
IN,20231121,EI,4.785347931,1248497.522
IN,20231121,RC,6.53047636,686325.0
IN,20231129,EI,4.911449709,1472931.821
IN,20231129,RC,6.702565138,1798172.979
IN,20231218,EI,4.706422976,1329807.536
IN,20231218,RC,6.422768924,931937.5024
IN,20231228,EI,4.625532239,1355218.477
IN,20231228,RC,6.312378822,988515.664
KS,20230103,EI,7.309808371,396080.2894
KS,20230103,RC,9.194052226,521052.4216
KS,20230130,EI,7.388374149,524250.4223
KS,20230130,RC,9.292869845,1004271.054
KS,20230213,EI,7.597158992,395664.3939
KS,20230213,RC,9.555473001,487055.71
KS,20230216,EI,8.778883421,448118.1105
KS,20230216,RC,11.04180966,692880.7159
KS,20230306,EI,19.74398228,350901.9252
KS,20230306,RC,24.83337387,315733.5924
KS,20230315,EI,29.60897044,422965.4185
KS,20230315,RC,37.24125268,548198.5593
KS,20230403,EI,9.20483623,339916.1231
KS,20230403,RC,11.57756,232183.9967
KS,20230410,EI,6.528267857,345134.5064
KS,20230410,RC,8.211054596,229206.9036
KS,20230517,EI,4.475731106,347129.7882
KS,20230517,RC,5.629436977,160504.9825
KS,20230530,EI,4.332939536,342720.7473
KS,20230530,RC,5.44983813,122663.9392
KS,20230615,EI,4.642389214,363627.0664
KS,20230615,RC,5.839054421,120127.4182
KS,20230630,EI,5.037162287,389723.9523
KS,20230630,RC,6.335587854,116489.5893
KS,20230710,EI,5.018501602,397574.0868
KS,20230710,RC,6.312117019,117734.1087
KS,20230727,EI,4.780793393,426569.443
KS,20230727,RC,6.013134941,119256.8502
KS,20230803,EI,4.720314275,431315.6401
KS,20230803,RC,5.937066167,119456.2674
KS,20230831,EI,4.94225403,406637.9077
KS,20230831,RC,6.216215167,113041.0825
KS,20230906,EI,4.804975535,399894.3196
KS,20230906,RC,6.043550497,111656.2749
KS,20230912,EI,5.246474405,372672.2874
KS,20230912,RC,6.598854201,112340.2276
KS,20231005,EI,5.624200878,358331.2077
KS,20231005,RC,7.073946945,118938.0914
KS,20231020,EI,5.004246078,355013.6322
KS,20231020,RC,6.294186858,141770.8003
KS,20231121,EI,5.057931041,414198.3024
KS,20231121,RC,6.361710155,340925.522
KS,20231129,EI,5.191215832,462694.7418
KS,20231129,RC,6.529351667,522954.9009
KS,20231218,EI,4.974510361,416362.6162
KS,20231218,RC,6.256786188,446970.5032
KS,20231228,EI,4.889011924,449126.7439
KS,20231228,RC,6.149248882,587665.3571
KY,20230103,EI,7.270221644,379969.019
KY,20230103,RC,9.798702104,280190.121
KY,20230130,EI,6.621116478,427672.798
KY,20230130,RC,8.923847325,413981.6308
KY,20230213,EI,6.178230961,430531.3605
KY,20230213,RC,8.326932477,427542.672
KY,20230216,EI,6.002175838,356073.1619
KY,20230216,RC,8.089647866,190054.6025
KY,20230306,EI,3.968940695,396682.381
KY,20230306,RC,5.349282243,296990.4116
KY,20230315,EI,3.227367162,470226.7929
KY,20230315,RC,4.349799903,686185.8195
KY,20230403,EI,3.277229668,385393.6252
KY,20230403,RC,4.417003885,253843.1418
KY,20230410,EI,3.594855343,373700.6649
KY,20230410,RC,4.845095285,213797.8516
KY,20230517,EI,8.30305985,327965.7269
KY,20230517,RC,11.19074686,95594.64892
KY,20230530,EI,5.403237141,315289.882
KY,20230530,RC,7.282406746,73451.92221
KY,20230615,EI,3.72658385,310148.4262
KY,20230615,RC,5.022637107,66639.82625
KY,20230630,EI,10.9140406,305715.4002
KY,20230630,RC,14.70978985,59952.46025
KY,20230710,EI,21.07951126,307344.3786
KY,20230710,RC,28.41066772,64972.77289
KY,20230727,EI,27.95953022,305446.6007
KY,20230727,RC,37.68346015,58930.21072
KY,20230803,EI,27.60582999,306516.4866
KY,20230803,RC,37.20674798,60299.77046
KY,20230831,EI,28.90380101,316113.03
KY,20230831,RC,38.956135,69496.05645
KY,20230906,EI,28.10095473,313556.7801
KY,20230906,RC,37.87407011,58737.79006
KY,20230912,EI,30.68297406,317330.1722
KY,20230912,RC,41.35407932,62937.44478
KY,20231005,EI,32.89203308,324836.6021
KY,20231005,RC,44.33141787,69325.10635
KY,20231020,EI,29.26634932,345604.2441
KY,20231020,RC,39.44477248,110378.0187
KY,20231121,EI,29.58031527,374905.9378
KY,20231121,RC,39.86793136,237901.7617
KY,20231129,EI,30.35980516,496468.7977
KY,20231129,RC,40.91851684,811596.8448
KY,20231218,EI,29.09244582,393876.3098
KY,20231218,RC,39.21038781,372404.1062
KY,20231228,EI,28.59242502,401482.1882
KY,20231228,RC,38.53646683,411646.1879
LA,20230103,EI,7.331632816,3497971.395
LA,20230103,RC,10.39314802,244469.0294
LA,20230130,EI,6.361357101,3505620.564
LA,20230130,RC,9.017708278,247359.0152
LA,20230213,EI,4.997626572,3627332.455
LA,20230213,RC,7.084516369,396064.0718
LA,20230216,EI,5.112240027,3439232.057
LA,20230216,RC,7.246989672,192387.1272
LA,20230306,EI,5.122608295,3487932.985
LA,20230306,RC,7.261687482,224329.2141
LA,20230315,EI,5.127691905,3666570.415
LA,20230315,RC,7.268893887,401660.7428
LA,20230403,EI,2.701372644,3418053.487
LA,20230403,RC,3.829401505,161181.264
LA,20230410,EI,2.326807951,3519638.752
LA,20230410,RC,3.29842752,209831.6734
LA,20230517,EI,3.797339404,3387987.037
LA,20230517,RC,5.383017874,129240.7495
LA,20230530,EI,3.362787034,3386862.181
LA,20230530,RC,4.767006787,124367.7827
LA,20230615,EI,3.261559251,3390690.061
LA,20230615,RC,4.623508694,118931.912
LA,20230630,EI,4.326152398,3392712.218
LA,20230630,RC,6.132650576,114975.7911
LA,20230710,EI,4.927705027,3394015.572
LA,20230710,RC,6.985397253,112929.87
LA,20230727,EI,5.019355937,3395798.839
LA,20230727,RC,7.115319399,110736.0817
LA,20230803,EI,4.9558589,3396270.928
LA,20230803,RC,7.025307512,110366.5487
LA,20230831,EI,5.188873493,3396126.472
LA,20230831,RC,7.355623448,112582.4649
LA,20230906,EI,5.044744774,3396526.3
LA,20230906,RC,7.151310009,113849.2268
LA,20230912,EI,5.508274525,3388264.016
LA,20230912,RC,7.808398742,114517.8468
LA,20231005,EI,5.904849624,3407928.74
LA,20231005,RC,8.370574155,122994.3877
LA,20231020,EI,5.253958956,3435531.43
LA,20231020,RC,7.44788705,132184.6473
LA,20231121,EI,5.31032281,3540132.54
LA,20231121,RC,7.527787107,156227.2251
LA,20231129,EI,5.450258538,3902570.744
LA,20231129,RC,7.726156661,306363.0104
LA,20231218,EI,5.222739421,3784358.245
LA,20231218,RC,7.403630981,322450.7979
LA,20231228,EI,5.132974594,3742693.987
LA,20231228,RC,7.276382501,363189.5262
MA,20230103,EI,7.475234438,205328.1133
MA,20230103,RC,13.21275026,1196211.777
MA,20230130,EI,7.605619069,202845.2478
MA,20230130,RC,13.44320986,1105265.916
MA,20230213,EI,6.986236533,201890.6742
MA,20230213,RC,12.34842858,1130261.187
MA,20230216,EI,7.128414839,193426.7433
MA,20230216,RC,12.59973394,882154.6305
MA,20230306,EI,6.737680512,200704.2834
MA,20230306,RC,11.90909672,1231007.286
MA,20230315,EI,6.550281378,199367.9278
MA,20230315,RC,11.5778619,1298768.664
MA,20230403,EI,4.696688576,187929.9049
MA,20230403,RC,8.30156883,1312607.553
MA,20230410,EI,4.531980681,170791.5006
MA,20230410,RC,8.010441602,988192.4908
MA,20230517,EI,4.367486433,118657.3225
MA,20230517,RC,7.719692002,367972.8354
MA,20230530,EI,3.551950448,123399.1145
MA,20230530,RC,6.278202322,407637.7359
MA,20230615,EI,3.094922387,105075.2078
MA,20230615,RC,5.470388509,272094.9668
MA,20230630,EI,3.466938886,99669.81626
MA,20230630,RC,6.127941277,244009.0907
MA,20230710,EI,3.528328366,97107.71607
MA,20230710,RC,6.236449428,233222.5645
MA,20230727,EI,3.397130634,96404.65484
MA,20230727,RC,6.004552639,226264.725
MA,20230803,EI,3.354155453,104196.5081
MA,20230803,RC,5.928592435,235030.8536
MA,20230831,EI,3.511861147,100172.8579
MA,20230831,RC,6.207343017,226945.7005
MA,20230906,EI,3.414313953,96118.71964
MA,20230906,RC,6.034924784,220920.2488
MA,20230912,EI,3.728033709,96264.22652
MA,20230912,RC,6.589435926,222301.0063
MA,20231005,EI,3.996438149,101825.7521
MA,20231005,RC,7.063850589,253030.7684
MA,20231020,EI,3.555911385,119856.275
MA,20231020,RC,6.285203422,365910.9633
MA,20231121,EI,3.594058784,194724.8879
MA,20231121,RC,6.352630346,1244175.804
MA,20231129,EI,3.688768136,189847.2798
MA,20231129,RC,6.52003259,1224553.423
MA,20231218,EI,3.534781813,145824.1823
MA,20231218,RC,6.247856133,793149.617
MA,20231228,EI,3.474028433,151470.1235
MA,20231228,RC,6.14047231,892422.0357
MD,20230103,EI,7.736381074,46042.18384
MD,20230103,RC,11.48448327,647820.0689
MD,20230130,EI,6.588817825,54649.49604
MD,20230130,RC,9.780951504,703577.3863
MD,20230213,EI,5.96088768,58940.3784
MD,20230213,RC,8.848803361,794105.7935
MD,20230216,EI,5.952968801,48474.62922
MD,20230216,RC,8.837047963,424391.8863
MD,20230306,EI,4.839439511,53759.5997
MD,20230306,RC,7.184038839,573073.6167
MD,20230315,EI,4.363315472,55975.32347
MD,20230315,RC,6.477243439,902362.874
MD,20230403,EI,4.385349923,46522.57462
MD,20230403,RC,6.509953084,591055.128
MD,20230410,EI,4.792163579,43839.09105
MD,20230410,RC,7.113858784,518767.214
MD,20230517,EI,3.855831813,44087.2252
MD,20230517,RC,5.723895388,182431.7647
MD,20230530,EI,6.063857143,39289.01608
MD,20230530,RC,9.001659208,188619.99
MD,20230615,EI,11.44187493,35261.05605
MD,20230615,RC,16.98520535,180325.8125
MD,20230630,EI,8.523272947,39517.23861
MD,20230630,RC,12.65260652,153753.4861
MD,20230710,EI,6.60852277,39802.17461
MD,20230710,RC,9.81020305,148692.9513
MD,20230727,EI,5.553736037,38558.14786
MD,20230727,RC,8.244395927,145889.4756
MD,20230803,EI,5.483478859,37030.26086
MD,20230803,RC,8.14010073,146758.8891
MD,20230831,EI,5.741301089,37762.4149
MD,20230831,RC,8.522832017,145617.7772
MD,20230906,EI,5.581827867,39363.89861
MD,20230906,RC,8.286097616,143668.4155
MD,20230912,EI,6.094706794,39340.04167
MD,20230912,RC,9.047454818,145632.0886
MD,20231005,EI,6.533502816,39820.95008
MD,20231005,RC,9.69883762,172081.5357
MD,20231020,EI,5.813315803,42756.35204
MD,20231020,RC,8.629736237,241331.472
MD,20231121,EI,5.875680371,59517.33567
MD,20231121,RC,8.722315033,616417.6708
MD,20231129,EI,6.0305142,72939.47616
MD,20231129,RC,8.95216236,1013343.527
MD,20231218,EI,5.778772515,43592.94946
MD,20231218,RC,8.578457505,465133.3667
MD,20231228,EI,5.679450977,41374.75752
MD,20231228,RC,8.431016921,494191.1828
ME,20230103,EI,7.186604157,51959.09769
ME,20230103,RC,11.51802543,64413.75664
ME,20230130,EI,8.393738476,64051.71748
ME,20230130,RC,13.45270883,66151.3632
ME,20230213,EI,9.989355301,69630.40547
ME,20230213,RC,16.01001612,58730.26183
ME,20230216,EI,10.13307682,72486.39131
ME,20230216,RC,16.2403597,54875.75509
ME,20230306,EI,8.590279132,65821.39748
ME,20230306,RC,13.76770604,60047.8261
ME,20230315,EI,7.909172815,60762.29325
ME,20230315,RC,12.67609174,60490.87561
ME,20230403,EI,5.255989583,40097.26076
ME,20230403,RC,8.423814691,73849.08786
ME,20230410,EI,4.931622216,47021.78984
ME,20230410,RC,7.903948631,50990.3353
ME,20230517,EI,3.34132575,41790.19449
ME,20230517,RC,5.355168326,24179.20935
ME,20230530,EI,3.678100103,41306.98022
ME,20230530,RC,5.894919157,22221.09828
ME,20230615,EI,4.638303509,38749.69059
ME,20230615,RC,7.433844496,14868.86352
ME,20230630,EI,6.755836903,33778.22529
ME,20230630,RC,10.82763146,12879.8168
ME,20230710,EI,8.190637008,31481.99504
ME,20230710,RC,13.12719656,12560.06105
ME,20230727,EI,8.607336607,29283.27061
ME,20230727,RC,13.79504419,12575.83574
ME,20230803,EI,8.498450053,46135.10882
ME,20230803,RC,13.62053088,14597.13613
ME,20230831,EI,8.89803021,33260.66129
ME,20230831,RC,14.26094105,14026.4734
ME,20230906,EI,8.650874118,21906.05171
ME,20230906,RC,13.86482209,12730.45528
ME,20230912,EI,9.44574833,21124.95259
ME,20230912,RC,15.13877307,12895.11015
ME,20231005,EI,10.12580677,20924.92722
ME,20231005,RC,16.22870793,15067.4133
ME,20231020,EI,9.009640643,27787.4685
ME,20231020,RC,14.43981994,20983.21077
ME,20231121,EI,9.106295009,81162.38661
ME,20231121,RC,14.59472863,76001.27643
ME,20231129,EI,9.346260839,64898.9099
ME,20231129,RC,14.97932371,69787.08062
ME,20231218,EI,8.956104482,35282.06245
ME,20231218,RC,14.35401713,47687.14143
ME,20231228,EI,8.802173164,36638.82856
ME,20231228,RC,14.10731023,54755.69343
MI,20230103,EI,7.42421555,582913.6094
MI,20230103,RC,9.21146086,2260540.798
MI,20230130,EI,6.057790123,681189.2148
MI,20230130,RC,7.516093282,2830948.496
MI,20230213,EI,5.127336897,610123.1275
MI,20230213,RC,6.361650309,2003137.309
MI,20230216,EI,5.347403521,581074.6454
MI,20230216,RC,6.634693983,1719184.47
MI,20230306,EI,6.042368646,604195.7783
MI,20230306,RC,7.496959364,1840657.87
MI,20230315,EI,6.422885306,675990.7725
MI,20230315,RC,7.969078512,2856618.501
MI,20230403,EI,4.838243717,590783.9348
MI,20230403,RC,6.002963187,2009685.246
MI,20230410,EI,4.754203094,528167.2881
MI,20230410,RC,5.898691307,1264318.515
MI,20230517,EI,4.12248297,433893.6342
MI,20230517,RC,5.114896015,741977.7693
MI,20230530,EI,3.808260814,414629.2655
MI,20230530,RC,4.72503057,469181.9064
MI,20230615,EI,3.862441508,389456.3598
MI,20230615,RC,4.792254284,463694.0684
MI,20230630,EI,4.320451426,404343.8259
MI,20230630,RC,5.360521788,347175.626
MI,20230710,EI,4.392709284,390538.7811
MI,20230710,RC,5.450174415,350506.0323
MI,20230727,EI,4.227328289,411005.6904
MI,20230727,RC,5.244980944,313309.7838
MI,20230803,EI,4.173850747,406822.2065
MI,20230803,RC,5.178629652,315900.885
MI,20230831,EI,4.370096877,360664.157
MI,20230831,RC,5.422118481,407133.0485
MI,20230906,EI,4.248710903,441800.4583
MI,20230906,RC,5.271511033,324010.0263
MI,20230912,EI,4.639098127,419615.4922
MI,20230912,RC,5.755876905,373992.9098
MI,20231005,EI,4.973095786,464830.2671
MI,20231005,RC,6.170278446,390895.8927
MI,20231020,EI,4.4249122,475889.6148
MI,20231020,RC,5.4901296,710542.0632
MI,20231121,EI,4.472382138,570598.1368
MI,20231121,RC,5.549027065,1787708.071
MI,20231129,EI,4.590236754,644883.2912
MI,20231129,RC,5.695253042,2863450.887
MI,20231218,EI,4.398618942,556113.3062
MI,20231218,RC,5.457506716,1781516.92
MI,20231228,EI,4.323018527,541111.4797
MI,20231228,RC,5.363706872,1778520.018
MN,20230103,EI,5.097850266,505767.1757
MN,20230103,RC,7.172461652,1366388.133
MN,20230130,EI,5.342999836,579779.9708
MN,20230130,RC,7.517376822,2063259.088
MN,20230213,EI,5.37005763,470112.2307
MN,20230213,RC,7.555446003,1056567.656
MN,20230216,EI,5.588669583,503813.4334
MN,20230216,RC,7.863023858,1338013.085
MN,20230306,EI,5.950453238,476420.4807
MN,20230306,RC,8.372038298,1096580.031
MN,20230315,EI,6.139905283,507929.4942
MN,20230315,RC,8.638589384,1410315.018
MN,20230403,EI,5.646617332,432101.5206
MN,20230403,RC,7.944553913,732982.7617
MN,20230410,EI,5.971852478,396229.1979
MN,20230410,RC,8.402146131,504732.0382
MN,20230517,EI,6.648015717,352749.7828
MN,20230517,RC,9.353479467,269059.3136
MN,20230530,EI,4.876685094,338159.6608
MN,20230530,RC,6.861291524,198451.3259
MN,20230615,EI,3.790431605,345770.7757
MN,20230615,RC,5.332978396,200333.2935
MN,20230630,EI,5.520448747,346519.5541
MN,20230630,RC,7.767040002,172664.6685
MN,20230710,EI,6.692525811,350475.3853
MN,20230710,RC,9.416103304,171748.6365
MN,20230727,EI,7.032823813,356286.4622
MN,20230727,RC,9.894888329,158405.9674
MN,20230803,EI,6.943855531,358511.8671
MN,20230803,RC,9.769713686,157961.1843
MN,20230831,EI,7.270341757,362060.3368
MN,20230831,RC,10.22906612,173191.3608
MN,20230906,EI,7.068397145,362967.1077
MN,20230906,RC,9.944938516,166798.7158
MN,20230912,EI,7.717867538,364500.8041
MN,20230912,RC,10.85871614,202584.2429
MN,20231005,EI,8.273525043,376914.0912
MN,20231005,RC,11.64050296,250660.8183
MN,20231020,EI,7.361535647,401615.0465
MN,20231020,RC,10.3573721,384561.0697
MN,20231121,EI,7.440509336,448722.069
MN,20231121,RC,10.46848477,696113.3363
MN,20231129,EI,7.636578978,489029.0575
MN,20231129,RC,10.74434654,1332095.646
MN,20231218,EI,7.317792687,478405.9299
MN,20231218,RC,10.29582759,1079990.974
MN,20231228,EI,7.192019536,477897.5115
MN,20231228,RC,10.11887004,1026304.599
MO,20230103,EI,8.834723801,193055.6028
MO,20230103,RC,11.51578561,778591.1488
MO,20230130,EI,8.135459186,269381.5719
MO,20230130,RC,10.6043161,1518887.798
MO,20230213,EI,5.587639403,216381.1637
MO,20230213,RC,7.283312856,828328.0973
MO,20230216,EI,5.62313057,212717.3686
MO,20230216,RC,7.329574479,782604.9691
MO,20230306,EI,5.185181151,189748.2292
MO,20230306,RC,6.758721136,521642.2139
MO,20230315,EI,4.979063155,231277.3545
MO,20230315,RC,6.490052787,1072810.292
MO,20230403,EI,3.567052323,177254.6049
MO,20230403,RC,4.649540917,392394.0737
MO,20230410,EI,3.440879494,172901.5686
MO,20230410,RC,4.485078589,353722.9967
MO,20230517,EI,3.011924544,154653.5863
MO,20230517,RC,3.925949255,206370.2307
MO,20230530,EI,3.556956702,149578.3154
MO,20230530,RC,4.636381593,158818.9529
MO,20230615,EI,4.91214027,147569.3564
MO,20230615,RC,6.402820904,144656.5528
MO,20230630,EI,8.836117082,147081.7361
MO,20230630,RC,11.51760171,129500.5842
MO,20230710,EI,12.3314399,145933.6346
MO,20230710,RC,16.07364546,131765.4141
MO,20230727,EI,13.9034251,147362.4941
MO,20230727,RC,18.1226789,122678.7448
MO,20230803,EI,13.72754072,147680.7449
MO,20230803,RC,17.89341913,121587.3569
MO,20230831,EI,14.37298228,147971.4933
MO,20230831,RC,18.73473198,125948.9035
MO,20230906,EI,13.97375121,150322.1337
MO,20230906,RC,18.21434679,119861.9323
MO,20230912,EI,15.25771099,150414.0432
MO,20230912,RC,19.88794813,126526.5767
MO,20231005,EI,16.35620894,154060.9804
MO,20231005,RC,21.31980578,135802.3623
MO,20231020,EI,14.55326654,164180.9938
MO,20231020,RC,18.96972686,203362.6388
MO,20231121,EI,14.70939227,193979.2365
MO,20231121,RC,19.17323186,500070.8972
MO,20231129,EI,15.09700892,230256.6799
MO,20231129,RC,19.67847801,934839.7688
MO,20231218,EI,14.46678961,206837.1823
MO,20231218,RC,18.8570069,758420.9659
MO,20231228,EI,14.21814446,221426.8903
MO,20231228,RC,18.53290573,937162.8565
MS,20230103,EI,9.155541307,350257.5398
MS,20230103,RC,12.34622136,131593.1259
MS,20230130,EI,8.142943289,397255.1615
MS,20230130,RC,10.98073582,182262.0732
MS,20230213,EI,5.687143112,439747.4455
MS,20230213,RC,7.669096278,277266.1875
MS,20230216,EI,5.741083851,362676.1183
MS,20230216,RC,7.741835209,104257.8453
MS,20230306,EI,5.390520239,394681.3972
MS,20230306,RC,7.269101178,134820.4306
MS,20230315,EI,5.22323896,466891.921
MS,20230315,RC,7.04352285,310159.8326
MS,20230403,EI,6.365038607,400918.9574
MS,20230403,RC,8.58323642,100560.2408
MS,20230410,EI,7.467160829,420447.1543
MS,20230410,RC,10.0694451,116564.7307
MS,20230517,EI,4.252063783,395696.7464
MS,20230517,RC,5.733895892,53982.27573
MS,20230530,EI,4.358073303,404762.44
MS,20230530,RC,5.876849428,52957.68756
MS,20230615,EI,5.039364313,399177.7261
MS,20230615,RC,6.795568412,48694.23616
MS,20230630,EI,7.002717574,398299.6757
MS,20230630,RC,9.443144689,47319.04213
MS,20230710,EI,8.227837558,396974.8639
MS,20230710,RC,11.0952155,46765.92847
MS,20230727,EI,8.511911589,393777.3467
MS,20230727,RC,11.47828852,46354.56732
MS,20230803,EI,8.404232203,392238.2676
MS,20230803,RC,11.33308317,46344.56292
MS,20230831,EI,8.799382425,387035.1999
MS,20230831,RC,11.86594212,46608.92816
MS,20230906,EI,8.554966422,384584.9706
MS,20230906,RC,11.53634784,47362.25233
MS,20230912,EI,9.341028282,383859.0524
MS,20230912,RC,12.59635001,47708.20777
MS,20231005,EI,10.01354727,382737.0192
MS,20231005,RC,13.50323995,51288.13393
MS,20231020,EI,8.909755492,395950.3287
MS,20231020,RC,12.01477989,63470.0794
MS,20231121,EI,9.005338301,399656.1144
MS,20231121,RC,12.14367303,88376.08208
MS,20231129,EI,9.242643757,460392.8995
MS,20231129,RC,12.46367876,238066.181
MS,20231218,EI,8.856812858,446984.9916
MS,20231218,RC,11.9433869,227950.6968
MS,20231228,EI,8.704588096,450682.4099
MS,20231228,RC,11.73811224,260089.9188
MT,20230103,EI,5.055576896,78183.45449
MT,20230103,RC,6.346630998,289670.3687
MT,20230130,EI,4.749682178,79542.8886
MT,20230130,RC,5.962619254,490467.48
MT,20230213,EI,5.133393804,79649.90455
MT,20230213,RC,6.444320185,222589.4161
MT,20230216,EI,5.200156919,80165.11635
MT,20230216,RC,6.528132748,323068.69
MT,20230306,EI,4.474858467,78229.22744
MT,20230306,RC,5.61761319,290361.5702
MT,20230315,EI,4.150988685,75912.03357
MT,20230315,RC,5.211036051,187172.7343
MT,20230403,EI,3.937714419,70778.17148
MT,20230403,RC,4.943297452,231768.3729
MT,20230410,EI,4.212365826,70623.80539
MT,20230410,RC,5.288087211,119489.7774
MT,20230517,EI,2.432311751,67896.65411
MT,20230517,RC,3.053456702,64609.61142
MT,20230530,EI,2.36377385,67411.6225
MT,20230530,RC,2.967416122,62008.41298
MT,20230615,EI,2.551768697,67767.71721
MT,20230615,RC,3.203419639,61852.08469
MT,20230630,EI,3.026320416,67512.45847
MT,20230630,RC,3.799158703,48883.78655
MT,20230710,EI,3.199306414,67071.14028
MT,20230710,RC,4.016320526,44787.16938
MT,20230727,EI,3.139483086,67751.40439
MT,20230727,RC,3.94121998,45181.04963
MT,20230803,EI,3.099767259,66568.28947
MT,20230803,RC,3.891361832,41890.94597
MT,20230831,EI,3.245512128,68957.79416
MT,20230831,RC,4.074325897,47208.05936
MT,20230906,EI,3.155363176,70159.71883
MT,20230906,RC,3.961155404,50360.32094
MT,20230912,EI,3.445289579,69854.80588
MT,20230912,RC,4.325120968,50630.32511
MT,20231005,EI,3.693337502,74901.10254
MT,20231005,RC,4.636513451,72687.37906
MT,20231020,EI,3.286221476,71417.95285
MT,20231020,RC,4.125431284,68483.51582
MT,20231121,EI,3.321475674,83526.96515
MT,20231121,RC,4.169688426,184462.7131
MT,20231129,EI,3.409002013,84182.0471
MT,20231129,RC,4.279566565,212546.6045
MT,20231218,EI,3.266694429,82026.11852
MT,20231218,RC,4.100917571,233957.1818
MT,20231228,EI,3.210548748,80759.72771
MT,20231228,RC,4.030433841,256905.3553
NC,20230103,EI,5.799623147,363366.1689
NC,20230103,RC,8.891610371,607308.9009
NC,20230130,EI,5.829016136,412315.5251
NC,20230130,RC,8.936673817,721669.7631
NC,20230213,EI,5.690655013,447840.7527
NC,20230213,RC,8.724547414,926396.1114
NC,20230216,EI,5.821387253,368420.2524
NC,20230216,RC,8.924977703,385695.9576
NC,20230306,EI,5.517789866,394503.4116
NC,20230306,RC,8.459521654,473418.6357
NC,20230315,EI,5.37186771,468752.9669
NC,20230315,RC,8.235803161,1276876.422
NC,20230403,EI,3.778798605,373209.6853
NC,20230403,RC,5.793411746,375023.4159
NC,20230410,EI,3.620686271,395736.6487
NC,20230410,RC,5.551004054,633493.452
NC,20230517,EI,2.68440138,321766.5736
NC,20230517,RC,4.115552087,135360.2023
NC,20230530,EI,2.685785046,326599.3627
NC,20230530,RC,4.117673435,142994.3843
NC,20230615,EI,3.02997406,321011.0498
NC,20230615,RC,4.645361964,126071.5855
NC,20230630,EI,4.758401097,317230.0413
NC,20230630,RC,7.29527548,119382.6109
NC,20230710,EI,6.065980346,316649.8909
NC,20230710,RC,9.29997215,117715.5316
NC,20230727,EI,6.53661372,317299.0805
NC,20230727,RC,10.02151707,116617.7575
NC,20230803,EI,6.453922712,320725.1119
NC,20230803,RC,9.894740514,116387.1971
NC,20230831,EI,6.757373275,323892.9585
NC,20230831,RC,10.35997146,121037.0174
NC,20230906,EI,6.569677129,323557.2759
NC,20230906,RC,10.07220776,122992.6047
NC,20230912,EI,7.173323288,326182.2411
NC,20230912,RC,10.99767935,125337.0472
NC,20231005,EI,7.689775651,345842.2432
NC,20231005,RC,11.789471,148347.3449
NC,20231020,EI,6.842132861,377401.3644
NC,20231020,RC,10.48991942,217543.66
NC,20231121,EI,6.915534458,401415.7573
NC,20231121,RC,10.60245405,454946.1097
NC,20231129,EI,7.097770149,461122.4972
NC,20231129,RC,10.88184613,1098248.375
NC,20231218,EI,6.801476242,388898.2049
NC,20231218,RC,10.4275873,508255.4129
NC,20231228,EI,6.684577181,372159.5801
NC,20231228,RC,10.24836516,451874.8341
ND,20230103,EI,14.57295987,123677.3723
ND,20230103,RC,18.27896951,174950.9017
ND,20230130,EI,12.87985117,122885.9546
ND,20230130,RC,16.15529096,243071.7322
ND,20230213,EI,6.542711001,130121.3423
ND,20230213,RC,8.206569974,124236.6008
ND,20230216,EI,6.393410848,131127.6469
ND,20230216,RC,8.019301707,184089.9468
ND,20230306,EI,5.154950664,131557.6754
ND,20230306,RC,6.465892094,150234.3822
ND,20230315,EI,4.628723956,131208.3645
ND,20230315,RC,5.805842109,139809.7839
ND,20230403,EI,4.201528922,130917.3591
ND,20230403,RC,5.270008272,106758.3608
ND,20230410,EI,4.422167774,131177.1958
ND,20230410,RC,5.546757189,86437.55204
ND,20230517,EI,3.706705046,140176.9981
ND,20230517,RC,4.649347086,28929.9751
ND,20230530,EI,4.10601242,136770.5055
ND,20230530,RC,5.15020123,24145.92385
ND,20230615,EI,5.118303063,126440.996
ND,20230615,RC,6.419924742,21964.1199
ND,20230630,EI,4.2071591,116180.6059
ND,20230630,RC,5.277070245,19634.67786
ND,20230710,EI,3.48328831,110148.7046
ND,20230710,RC,4.369113851,18838.13315
ND,20230727,EI,3.024973065,104620.8319
ND,20230727,RC,3.794245707,17675.41159
ND,20230803,EI,2.986705839,104522.0485
ND,20230803,RC,3.746246847,17471.50968
ND,20230831,EI,3.127134785,118646.9759
ND,20230831,RC,3.922387896,19916.67858
ND,20230906,EI,3.040273942,117349.031
ND,20230906,RC,3.813437708,24251.33032
ND,20230912,EI,3.319625522,122911.8367
ND,20230912,RC,4.163830425,26080.42887
ND,20231005,EI,3.558626104,158213.7191
ND,20231005,RC,4.463610594,30916.58158
ND,20231020,EI,3.166359295,171406.013
ND,20231020,RC,3.971587483,38703.60632
ND,20231121,EI,3.200327625,149565.8479
ND,20231121,RC,4.014194206,85326.15922
ND,20231129,EI,3.284661514,141752.8301
ND,20231129,RC,4.119974817,105324.883
ND,20231218,EI,3.14754448,142579.8425
ND,20231218,RC,3.947987924,129336.1084
ND,20231228,EI,3.093446666,151046.9898
ND,20231228,RC,3.880132643,122903.1875
NE,20230103,EI,7.535100491,274931.2173
NE,20230103,RC,9.294328849,373586.4758
NE,20230130,EI,8.416817706,308044.4892
NE,20230130,RC,10.38190157,730058.3409
NE,20230213,EI,8.279688824,256946.0655
NE,20230213,RC,10.21275705,355401.6643
NE,20230216,EI,7.958450018,278052.5582
NE,20230216,RC,9.816518264,496297.778
NE,20230306,EI,4.807957158,235291.9319
NE,20230306,RC,5.930476305,263469.2261
NE,20230315,EI,3.736951451,251761.2423
NE,20230315,RC,4.609421695,335456.8096
NE,20230403,EI,3.827770423,216885.1031
NE,20230403,RC,4.721444274,178186.3645
NE,20230410,EI,4.212203485,210015.5121
NE,20230410,RC,5.195631354,151136.2658
NE,20230517,EI,5.148497752,211465.7832
NE,20230517,RC,6.350523293,97871.24745
NE,20230530,EI,11.83681138,214516.1001
NE,20230530,RC,14.600365,77462.49493
NE,20230615,EI,34.36248504,232058.8515
NE,20230615,RC,42.38513294,74946.84808
NE,20230630,EI,13.24529131,251722.6401
NE,20230630,RC,16.33768432,70480.09084
NE,20230710,EI,6.619187382,261783.7406
NE,20230710,RC,8.16457648,70737.14322
NE,20230727,EI,4.465890834,281584.2617
NE,20230727,RC,5.508547373,68688.90649
NE,20230803,EI,4.409395371,285615.776
NE,20230803,RC,5.438861851,68042.18936
NE,20230831,EI,4.616716339,270766.9095
NE,20230831,RC,5.694586278,63879.89394
NE,20230906,EI,4.488480141,261817.527
NE,20230906,RC,5.53641063,64489.15405
NE,20230912,EI,4.900898247,252007.2985
NE,20230912,RC,6.045116453,69293.7301
NE,20231005,EI,5.253744532,237972.4273
NE,20231005,RC,6.480342157,72762.79774
NE,20231020,EI,4.674625079,233056.5084
NE,20231020,RC,5.766015035,84142.36491
NE,20231121,EI,4.724773907,264239.6563
NE,20231121,RC,5.827872167,212775.281
NE,20231129,EI,4.84927946,277815.904
NE,20231129,RC,5.981446171,297784.3052
NE,20231218,EI,4.646848002,246736.6819
NE,20231218,RC,5.731752814,298257.5134
NE,20231228,EI,4.566981198,240425.953
NE,20231228,RC,5.633239417,364542.0808
NH,20230103,EI,5.849832228,33497.6746
NH,20230103,RC,10.13773389,84443.21694
NH,20230130,EI,8.654840571,33263.22042
NH,20230130,RC,14.99880119,78590.61988
NH,20230213,EI,13.35607367,33100.96504
NH,20230213,RC,23.14601777,74857.71872
NH,20230216,EI,13.23876816,29773.51274
NH,20230216,RC,22.94272783,58536.9401
NH,20230306,EI,8.88884553,34365.58207
NH,20230306,RC,15.40433077,74614.59409
NH,20230315,EI,7.283415211,36518.91696
NH,20230315,RC,12.62212699,81355.00053
NH,20230403,EI,4.117117544,41019.5269
NH,20230403,RC,7.134946857,92370.8675
NH,20230410,EI,3.639497116,36279.62883
NH,20230410,RC,6.307232726,61626.14407
NH,20230517,EI,3.243298656,30995.35544
NH,20230517,RC,5.620622512,21611.97287
NH,20230530,EI,4.823616396,31799.55711
NH,20230530,RC,8.359306306,21144.67976
NH,20230615,EI,8.542985717,29601.09741
NH,20230615,RC,14.80495722,13598.46098
NH,20230630,EI,7.008199458,29250.15026
NH,20230630,RC,12.14517928,11993.75525
NH,20230710,EI,5.79468052,29258.13143
NH,20230710,RC,10.04215622,11176.42727
NH,20230727,EI,5.028898439,29139.79097
NH,20230727,RC,8.715059196,10839.7053
NH,20230803,EI,4.965280685,27277.33986
NH,20230803,RC,8.604809905,11253.20057
NH,20230831,EI,5.198738271,29323.25266
NH,20230831,RC,9.009390889,11186.19016
NH,20230906,EI,5.054335543,31202.25834
NH,20230906,RC,8.759141588,11047.92588
NH,20230912,EI,5.51874653,31740.33526
NH,20230912,RC,9.563963814,11268.95463
NH,20231005,EI,5.916075574,33275.73696
NH,20231005,RC,10.25253333,13459.62536
NH,20231020,EI,5.263947471,32497.9411
NH,20231020,RC,9.12239815,19606.93298
NH,20231121,EI,5.320418481,32313.7159
NH,20231121,RC,9.220262165,76508.81468
NH,20231129,EI,5.460620246,34435.55703
NH,20231129,RC,9.463231217,74212.97311
NH,20231218,EI,5.232668583,38393.90627
NH,20231218,RC,9.068191973,50662.59423
NH,20231228,EI,5.142733101,40047.91347
NH,20231228,RC,8.912334173,58520.73113
NJ,20230103,EI,5.858247648,229360.3925
NJ,20230103,RC,8.715656997,1661139.016
NJ,20230130,EI,4.95075859,206741.1594
NJ,20230130,RC,7.365532551,1726698.562
NJ,20230213,EI,4.443891132,204605.9108
NJ,20230213,RC,6.611436246,1990906.599
NJ,20230216,EI,4.656573951,193298.3629
NJ,20230216,RC,6.92785689,1144132.819
NJ,20230306,EI,5.362216462,197522.0661
NJ,20230306,RC,7.977682445,1553661.177
NJ,20230315,EI,5.754055927,217960.1775
NJ,20230315,RC,8.560644891,2350855.789
NJ,20230403,EI,3.871536809,214244.123
NJ,20230403,RC,5.759911309,1782979.396
NJ,20230410,EI,3.649244566,212185.2706
NJ,20230410,RC,5.429194162,1564989.303
NJ,20230517,EI,8.352598782,207559.3778
NJ,20230517,RC,12.42664878,500714.0341
NJ,20230530,EI,5.521248479,207604.2316
NJ,20230530,RC,8.214283661,494623.9729
NJ,20230615,EI,3.753106771,211218.914
NJ,20230615,RC,5.583716027,419872.6711
NJ,20230630,EI,4.062040871,221792.948
NJ,20230630,RC,6.043335322,375924.2297
NJ,20230710,EI,4.04022045,227321.0347
NJ,20230710,RC,6.010871808,363450.3727
NJ,20230727,EI,3.845628218,227212.8726
NJ,20230727,RC,5.721365585,355460.1296
NJ,20230803,EI,3.796979347,205621.3507
NJ,20230803,RC,5.64898782,355263.0787
NJ,20230831,EI,3.975505737,227168.1848
NJ,20230831,RC,5.914591951,356799.2496
NJ,20230906,EI,3.865080121,238221.2871
NJ,20230906,RC,5.750305317,357773.921
NJ,20230912,EI,4.220217935,239349.0603
NJ,20230912,RC,6.278664573,361838.4375
NJ,20231005,EI,4.524057792,232686.7669
NJ,20231005,RC,6.730704865,416814.0813
NJ,20231020,EI,4.025371595,217875.0293
NJ,20231020,RC,5.9887803,588447.987
NJ,20231121,EI,4.068555309,212031.548
NJ,20231121,RC,6.053027231,1599401.915
NJ,20231129,EI,4.175768424,211523.9897
NJ,20231129,RC,6.212534441,2207482.223
NJ,20231218,EI,4.001452446,195442.4835
NJ,20231218,RC,5.953194385,1022532.532
NJ,20231228,EI,3.932678254,191809.8
NJ,20231228,RC,5.850875005,1378395.667
NM,20230103,EI,5.922116448,57859.19706
NM,20230103,RC,6.984533773,365620.5593
NM,20230130,EI,5.687183701,56535.45925
NM,20230130,RC,6.707454503,387002.3296
NM,20230213,EI,5.577951983,49381.26862
NM,20230213,RC,6.578626806,300207.4882
NM,20230216,EI,5.607434584,65332.53201
NM,20230216,RC,6.613398534,545068.2023
NM,20230306,EI,4.682172593,44774.86285
NM,20230306,RC,5.522146161,238471.6239
NM,20230315,EI,4.278384758,46865.7683
NM,20230315,RC,5.045919495,249463.9705
NM,20230403,EI,3.018305898,43555.66654
NM,20230403,RC,3.559784694,181100.3872
NM,20230410,EI,2.895094613,42057.03079
NM,20230410,RC,3.414469519,157273.0591
NM,20230517,EI,3.387160284,38267.52191
NM,20230517,RC,3.99481091,93452.81916
NM,20230530,EI,4.159154411,37922.02643
NM,20230530,RC,4.905299433,84744.87872
NM,20230615,EI,5.885275925,37458.28042
NM,20230615,RC,6.941084126,77059.99586
NM,20230630,EI,5.446289319,37262.52792
NM,20230630,RC,6.42334409,70227.40398
NM,20230710,EI,4.879947562,37697.19125
NM,20230710,RC,5.755401614,68509.22987
NM,20230727,EI,4.408635823,38620.44312
NM,20230727,RC,5.199537374,66998.88618
NM,20230803,EI,4.352864661,38617.47463
NM,20230803,RC,5.133760963,66372.36594
NM,20230831,EI,4.557527668,39875.65529
NM,20230831,RC,5.375140155,65998.26141
NM,20230906,EI,4.430935524,39786.56473
NM,20230906,RC,5.225837601,66567.93625
NM,20230912,EI,4.838066218,40334.45884
NM,20230912,RC,5.706006829,67563.78099
NM,20231005,EI,5.186388833,42146.35906
NM,20231005,RC,6.116817913,84366.71943
NM,20231020,EI,4.614693988,42956.02639
NM,20231020,RC,5.442562012,98098.05133
NM,20231121,EI,4.664199883,52656.67737
NM,20231121,RC,5.500949178,215883.855
NM,20231129,EI,4.78710921,61242.91199
NM,20231129,RC,5.645908224,287002.5206
NM,20231218,EI,4.587273028,50724.17028
NM,20231218,RC,5.41022178,309463.6039
NM,20231228,EI,4.508430157,60432.74737
NM,20231228,RC,5.317234637,389798.6442
NV,20230103,EI,8.845165903,58879.15293
NV,20230103,RC,10.43894689,468115.6575
NV,20230130,EI,7.162067878,58867.37307
NV,20230130,RC,8.45257704,501821.9725
NV,20230213,EI,8.993350986,64869.73564
NV,20230213,RC,10.61383295,365938.075
NV,20230216,EI,9.600576677,57366.61523
NV,20230216,RC,11.33047262,541897.1229
NV,20230306,EI,11.59335817,59288.34713
NV,20230306,RC,13.68232677,427885.3771
NV,20230315,EI,12.73960722,67957.8306
NV,20230315,RC,15.03511462,245468.725
NV,20230403,EI,5.625456224,61250.20449
NV,20230403,RC,6.639088449,252092.5111
NV,20230410,EI,4.540360274,65736.58407
NV,20230410,RC,5.358472673,187318.3034
NV,20230517,EI,4.285029724,62133.47392
NV,20230517,RC,5.057134961,137452.2107
NV,20230530,EI,4.106122853,59898.92577
NV,20230530,RC,4.845991456,132833.0623
NV,20230615,EI,4.338882575,58884.92773
NV,20230615,RC,5.120691378,121783.1771
NV,20230630,EI,4.479898585,57878.78447
NV,20230630,RC,5.287116593,115894.3786
NV,20230710,EI,4.318042383,58336.97498
NV,20230710,RC,5.096096062,106738.8438
NV,20230727,EI,4.046020755,58515.34183
NV,20230727,RC,4.775059763,100208.4191
NV,20230803,EI,3.994836832,58836.71217
NV,20230803,RC,4.714653178,97873.87833
NV,20230831,EI,4.182666085,60423.08303
NV,20230831,RC,4.936326759,101113.4276
NV,20230906,EI,4.066486281,61057.36584
NV,20230906,RC,4.799212904,102315.5247
NV,20230912,EI,4.440130035,62621.10854
NV,20230912,RC,5.240182281,97397.0684
NV,20231005,EI,4.759802739,64210.90461
NV,20231005,RC,5.617455745,116043.6001
NV,20231020,EI,4.235130413,67397.91725
NV,20231020,RC,4.99824446,118977.5211
NV,20231121,EI,4.280564394,62510.58016
NV,20231121,RC,5.051865039,240142.7792
NV,20231129,EI,4.393364297,62272.22441
NV,20231129,RC,5.18498998,281887.4378
NV,20231218,EI,4.209964856,66089.40264
NV,20231218,RC,4.968544405,347660.5611
NV,20231228,EI,4.137606897,67154.24207
NV,20231228,RC,4.883148507,410018.2375
NY,20230103,EI,7.335797148,298760.9727
NY,20230103,RC,11.17399515,3328983.092
NY,20230130,EI,6.524341954,305512.0753
NY,20230130,RC,9.93797455,3416863.415
NY,20230213,EI,5.278822129,312697.3763
NY,20230213,RC,8.040780257,3538308.352
NY,20230216,EI,5.573009277,270989.5881
NY,20230216,RC,8.48889049,2304720.897
NY,20230306,EI,6.956006169,304990.0979
NY,20230306,RC,10.59549189,3157613.493
NY,20230315,EI,7.771160403,347462.9375
NY,20230315,RC,11.83714693,4562910.55
NY,20230403,EI,5.071080286,318542.551
NY,20230403,RC,7.724344797,3554034.815
NY,20230410,EI,4.726307957,296068.8161
NY,20230410,RC,7.199182465,2847727.459
NY,20230517,EI,3.058030028,232154.1399
NY,20230517,RC,4.658036751,1187190.84
NY,20230530,EI,3.103014389,225502.3345
NY,20230530,RC,4.726557596,1023262.574
NY,20230615,EI,3.509696304,221275.1702
NY,20230615,RC,5.346021528,915145.878
NY,20230630,EI,3.597405756,224647.1807
NY,20230630,RC,5.479621869,801530.9565
NY,20230710,EI,3.450599413,228150.5683
NY,20230710,RC,5.256004267,767602.7941
NY,20230727,EI,3.225365602,231179.5372
NY,20230727,RC,4.912924782,745549.6269
NY,20230803,EI,3.184563324,225438.8252
NY,20230803,RC,4.850774145,759041.3293
NY,20230831,EI,3.334295134,229234.9899
NY,20230831,RC,5.078847862,745544.5349
NY,20230906,EI,3.241680102,241201.3402
NY,20230906,RC,4.93777527,697961.0429
NY,20230912,EI,3.539537622,239460.5351
NY,20230912,RC,5.391476268,713254.1797
NY,20231005,EI,3.794371051,242924.2667
NY,20231005,RC,5.779642331,756238.6864
NY,20231020,EI,3.376118112,250520.1897
NY,20231020,RC,5.142553244,1094517.513
NY,20231121,EI,3.412336711,318959.9267
NY,20231121,RC,5.19772195,3290335.841
NY,20231129,EI,3.502257388,338809.1976
NY,20231129,RC,5.334690461,4019678.669
NY,20231218,EI,3.35605689,234427.3153
NY,20231218,RC,5.111995692,2273140.666
NY,20231228,EI,3.29837531,242783.6891
NY,20231228,RC,5.024134252,2757956.86
OH,20230103,EI,6.574698908,903349.2309
OH,20230103,RC,8.84685592,1816567.332
OH,20230130,EI,8.020053745,1075545.796
OH,20230130,RC,10.79171243,2276371.1
OH,20230213,EI,8.295289751,1072969.461
OH,20230213,RC,11.16206753,2176638.541
OH,20230216,EI,8.451890382,887427.169
OH,20230216,RC,11.37278794,1297791.006
OH,20230306,EI,7.668308208,1014146.103
OH,20230306,RC,10.31840679,1775619.406
OH,20230315,EI,7.304041472,1229552.894
OH,20230315,RC,9.828252736,3485208.776
OH,20230403,EI,4.524819495,1017664.362
OH,20230403,RC,6.088556555,1905469.416
OH,20230410,EI,4.137186505,938410.4066
OH,20230410,RC,5.566961078,1366828.151
OH,20230517,EI,4.964139712,798428.6634
OH,20230517,RC,6.679701902,631173.1738
OH,20230530,EI,4.601763104,759959.5924
OH,20230530,RC,6.192091186,408807.3809
OH,20230615,EI,4.757535047,743942.1047
OH,20230615,RC,6.401696516,443288.5713
OH,20230630,EI,8.348824087,741838.9336
OH,20230630,RC,11.23410286,327771.229
OH,20230710,EI,11.46074142,730744.7861
OH,20230710,RC,15.42147093,333472.9981
OH,20230727,EI,12.81557989,741747.9742
OH,20230727,RC,17.24452943,299597.8399
OH,20230803,EI,12.65345723,733025.2709
OH,20230803,RC,17.02637863,307680.1947
OH,20230831,EI,13.24839753,728029.4372
OH,20230831,RC,17.82692497,353319.0215
OH,20230906,EI,12.88040348,768438.1587
OH,20230906,RC,17.33175547,299961.6995
OH,20230912,EI,14.06390245,765561.7428
OH,20230912,RC,18.92426107,329186.2629
OH,20231005,EI,15.07645066,795465.376
OH,20231005,RC,20.28673687,359826.1251
OH,20231020,EI,13.41457581,839720.8372
OH,20231020,RC,18.05053297,624842.8259
OH,20231121,EI,13.55848581,989458.7197
OH,20231121,RC,18.24417697,1693926.746
OH,20231129,EI,13.91577418,1217961.446
OH,20231129,RC,18.724941,3771732.186
OH,20231218,EI,13.3348651,966661.984
OH,20231218,RC,17.94327495,1754236.763
OH,20231228,EI,13.10567468,937434.5246
OH,20231228,RC,17.63487838,1739288.543
OK,20230103,EI,8.401621153,632403.2122
OK,20230103,RC,10.22288953,509493.3729
OK,20230130,EI,7.34520589,656110.786
OK,20230130,RC,8.937468978,1298508.269
OK,20230213,EI,5.76587181,638524.032
OK,20230213,RC,7.015773445,553280.1385
OK,20230216,EI,5.82690672,638016.6187
OK,20230216,RC,7.090039248,536481.0239
OK,20230306,EI,5.350981197,631020.4138
OK,20230306,RC,6.510944576,289472.4938
OK,20230315,EI,5.127691905,641609.405
OK,20230315,RC,6.239251563,661188.8847
OK,20230403,EI,3.505052624,619813.4306
OK,20230403,RC,4.264863308,243333.9609
OK,20230410,EI,3.323094612,620055.3773
OK,20230410,RC,4.043461198,260773.1774
OK,20230517,EI,4.461830154,590572.3313
OK,20230517,RC,5.42904708,147696.3486
OK,20230530,EI,3.925903682,566588.4217
OK,20230530,RC,4.776944703,109866.4897
OK,20230615,EI,3.773514002,564890.9139
OK,20230615,RC,4.591520624,101177.8491
OK,20230630,EI,4.805634309,559997.6439
OK,20230630,RC,5.847379664,93654.73416
OK,20230710,EI,5.327364547,564796.0845
OK,20230710,RC,6.482208407,91753.26069
OK,20230727,EI,5.3533435,562665.3799
OK,20230727,RC,6.513818968,88108.89018
OK,20230803,EI,5.285621374,562794.3796
OK,20230803,RC,6.431416324,87215.24512
OK,20230831,EI,5.53414074,560389.3617
OK,20230831,RC,6.733808681,85520.23579
OK,20230906,EI,5.380421707,556230.1233
OK,20230906,RC,6.546767077,85730.89794
OK,20230912,EI,5.874794693,558976.7637
OK,20230912,RC,7.148308176,86596.70361
OK,20231005,EI,6.297757869,555946.4443
OK,20231005,RC,7.662959545,94461.50733
OK,20231020,EI,5.603556985,579526.7527
OK,20231020,RC,6.81827269,126385.0186
OK,20231121,EI,5.663671286,604213.4236
OK,20231121,RC,6.891418318,265696.973
OK,20231129,EI,5.812918327,605371.7751
OK,20231129,RC,7.073018509,401349.4452
OK,20231218,EI,5.570260105,635185.8596
OK,20231218,RC,6.777757851,452251.8507
OK,20231228,EI,5.474522334,616927.9297
OK,20231228,RC,6.661266445,752776.7916
OR,20230103,EI,6.091513781,191240.3901
OR,20230103,RC,9.351873407,478730.9948
OR,20230130,EI,7.313920284,214666.467
OR,20230130,RC,11.22854828,684048.2422
OR,20230213,EI,7.163305637,185558.3569
OR,20230213,RC,10.99732019,444678.3634
OR,20230216,EI,7.149957451,195863.1078
OR,20230216,RC,10.97682766,558040.0257
OR,20230306,EI,5.673204474,190303.7843
OR,20230306,RC,8.709672499,535989.0212
OR,20230315,EI,5.05337753,181810.6879
OR,20230315,RC,7.758095711,424057.0835
OR,20230403,EI,3.389706895,177445.392
OR,20230403,RC,5.203978995,461648.8828
OR,20230410,EI,3.191479982,161668.9499
OR,20230410,RC,4.899655134,196823.7325
OR,20230517,EI,3.327949547,142746.8658
OR,20230517,RC,5.109167276,82611.70713
OR,20230530,EI,3.155918423,144817.0035
OR,20230530,RC,4.845059969,98765.16243
OR,20230615,EI,3.329020136,148381.8294
OR,20230615,RC,5.110810875,107196.2588
OR,20230630,EI,4.737494889,136071.6642
OR,20230630,RC,7.273143272,64483.83937
OR,20230710,EI,5.655384932,138141.591
OR,20230710,RC,8.682315407,66377.83168
OR,20230727,EI,5.897266101,138523.0437
OR,20230727,RC,9.053658582,62387.59199
OR,20230803,EI,5.822663118,136163.63
OR,20230803,RC,8.939125861,57501.27494
OR,20230831,EI,6.096433115,138003.7779
OR,20230831,RC,9.359425715,55107.77693
OR,20230906,EI,5.927095571,149834.663
OR,20230906,RC,9.099453672,70736.85876
OR,20230912,EI,6.471698967,142548.1647
OR,20230912,RC,9.935545028,60617.51161
OR,20231005,EI,6.937637011,149582.4905
OR,20231005,RC,10.65086699,79890.33033
OR,20231020,EI,6.172902347,149925.6103
OR,20231020,RC,9.476823558,96109.89572
OR,20231121,EI,6.239124518,175196.3863
OR,20231121,RC,9.578489807,293442.4867
OR,20231129,EI,6.403535697,187182.8317
OR,20231129,RC,9.830898746,393130.5056
OR,20231218,EI,6.136222362,178170.7061
OR,20231218,RC,9.420511351,415798.9804
OR,20231228,EI,6.030757223,164048.8206
OR,20231228,RC,9.258598129,423918.4669
PA,20230103,EI,6.656411848,749409.0714
PA,20230103,RC,10.96935734,1684472.49
PA,20230130,EI,6.360786931,823672.2388
PA,20230130,RC,10.48218566,1889012.075
PA,20230213,EI,6.248183532,856966.0322
PA,20230213,RC,10.29662219,2034421.887
PA,20230216,EI,6.365491042,739114.1637
PA,20230216,RC,10.48993775,1132406.649
PA,20230306,EI,5.848204733,824708.8313
PA,20230306,RC,9.637481724,1669502.062
PA,20230315,EI,5.605427176,892742.2622
PA,20230315,RC,9.237399242,2587638.327
PA,20230403,EI,3.430482243,801344.6314
PA,20230403,RC,5.653223756,1809984.788
PA,20230410,EI,3.122550647,758863.5469
PA,20230410,RC,5.145771424,1366598.461
PA,20230517,EI,2.895429615,658201.1734
PA,20230517,RC,4.771489932,494136.5235
PA,20230530,EI,3.194661446,646960.203
PA,20230530,RC,5.264605585,410416.344
PA,20230615,EI,4.010391742,636007.0561
PA,20230615,RC,6.608878944,406765.1935
PA,20230630,EI,4.691089266,635955.7122
PA,20230630,RC,7.730626599,316766.5777
PA,20230710,EI,4.91386806,637551.4494
PA,20230710,RC,8.097752351,292185.9917
PA,20230727,EI,4.799878396,639395.2133
PA,20230727,RC,7.909904395,279295.4652
PA,20230803,EI,4.739157845,635466.4001
PA,20230803,RC,7.809840662,294427.5487
PA,20230831,EI,4.961983587,647094.1534
PA,20230831,RC,8.17704378,303267.8954
PA,20230906,EI,4.824157074,651730.7554
PA,20230906,RC,7.949914164,281050.1629
PA,20230912,EI,5.267418415,654558.9928
PA,20230912,RC,8.680381591,301656.0825
PA,20231005,EI,5.646652777,667705.1859
PA,20231005,RC,9.305336497,361297.6385
PA,20231020,EI,5.024223108,712380.7406
PA,20231020,RC,8.279610683,624367.8609
PA,20231121,EI,5.078122383,830962.3931
PA,20231121,RC,8.368433373,1717842.46
PA,20231129,EI,5.211939248,927026.2218
PA,20231129,RC,8.588955337,2704780.581
PA,20231218,EI,4.994368686,705211.4019
PA,20231218,RC,8.230412431,1267090.994
PA,20231228,EI,4.908528937,704108.3495
PA,20231228,RC,8.088953805,1412391.614
RI,20230103,EI,6.605179482,17017.02161
RI,20230103,RC,11.21459409,165516.8437
RI,20230130,EI,4.673242404,20369.44921
RI,20230130,RC,7.934457613,138509.063
RI,20230213,EI,4.100671125,23709.87648
RI,20230213,RC,6.962318325,139101.3353
RI,20230216,EI,4.421560862,21709.44404
RI,20230216,RC,7.507140485,101715.4024
RI,20230306,EI,6.292078431,27052.19969
RI,20230306,RC,10.68299594,147322.1988
RI,20230315,EI,7.50575192,27650.84715
RI,20230315,RC,12.74362965,160962.9002
RI,20230403,EI,4.195058336,26764.42414
RI,20230403,RC,7.12257351,175292.8477
RI,20230410,EI,3.692968044,26171.87689
RI,20230410,RC,6.27010026,134078.4607
RI,20230517,EI,9.17181514,22806.98941
RI,20230517,RC,15.57235259,34181.35745
RI,20230530,EI,7.353160695,22327.84506
RI,20230530,RC,12.48455287,45617.90008
RI,20230615,EI,6.24685933,21720.97751
RI,20230615,RC,10.60622075,26049.72544
RI,20230630,EI,5.463415424,21568.41365
RI,20230630,RC,9.276051691,21949.98092
RI,20230710,EI,4.714378172,21509.95675
RI,20230710,RC,8.004299916,20185.19386
RI,20230727,EI,4.17961578,21710.07982
RI,20230727,RC,7.09635439,19364.10075
RI,20230803,EI,4.126741822,22516.54997
RI,20230803,RC,7.006582419,21205.13689
RI,20230831,EI,4.320772984,21670.9033
RI,20230831,RC,7.336017937,19029.20087
RI,20230906,EI,4.200757055,21100.5716
RI,20230906,RC,7.132249071,18151.33908
RI,20230912,EI,4.586738103,20894.68373
RI,20230912,RC,7.787586415,18170.45813
RI,20231005,EI,4.916966037,20855.36394
RI,20231005,RC,8.348263418,21146.51893
RI,20231020,EI,4.374969625,22823.93569
RI,20231020,RC,7.428035622,35032.52216
RI,20231121,EI,4.421903785,26964.50065
RI,20231121,RC,7.507722715,152721.8448
RI,20231129,EI,4.538428212,26239.13102
RI,20231129,RC,7.70556354,154149.517
RI,20231218,EI,4.34897313,25182.31813
RI,20231218,RC,7.383897512,95244.51471
RI,20231228,EI,4.274225993,25134.80455
RI,20231228,RC,7.256988198,111559.4326
SC,20230103,EI,8.183791884,356892.0653
SC,20230103,RC,12.03816303,254387.5558
SC,20230130,EI,8.976374226,326128.9668
SC,20230130,RC,13.20403278,344209.1581
SC,20230213,EI,8.052189085,326649.4133
SC,20230213,RC,11.84457844,437201.4764
SC,20230216,EI,8.064362438,330017.9321
SC,20230216,RC,11.86248516,216523.1516
SC,20230306,EI,6.705960394,321690.3423
SC,20230306,RC,9.864308088,191861.0194
SC,20230315,EI,6.115011465,334904.2103
SC,20230315,RC,8.995036282,537308.1712
SC,20230403,EI,4.472092393,308197.7096
SC,20230403,RC,6.578341441,150407.2994
SC,20230410,EI,4.346790667,315637.8185
SC,20230410,RC,6.394025586,259359.5022
SC,20230517,EI,4.403283882,291456.9299
SC,20230517,RC,6.477125759,74052.57098
SC,20230530,EI,4.986184711,292575.6064
SC,20230530,RC,7.334559002,77329.21282
SC,20230615,EI,6.390559231,289662.7289
SC,20230615,RC,9.400360486,68528.94916
SC,20230630,EI,5.50060682,288493.8974
SC,20230630,RC,8.091261676,65823.70083
SC,20230710,EI,4.696240067,288113.0355
SC,20230710,RC,6.908057333,64725.4399
SC,20230727,EI,4.141445773,287826.6612
SC,20230727,RC,6.091968135,63456.99394
SC,20230803,EI,4.089054682,287874.1643
SC,20230803,RC,6.014902087,63169.13712
SC,20230831,EI,4.28131387,289187.3517
SC,20230831,RC,6.297710776,63586.63653
SC,20230906,EI,4.162393977,289676.3973
SC,20230906,RC,6.122782444,64039.78495
SC,20230912,EI,4.544850083,290365.808
SC,20230912,RC,6.685366271,64672.51674
SC,20231005,EI,4.872062237,298504.4974
SC,20231005,RC,7.16668756,73124.12955
SC,20231020,EI,4.335015564,313257.992
SC,20231020,RC,6.37670469,101321.5663
SC,20231121,EI,4.381521102,317464.8361
SC,20231121,RC,6.445113228,149284.1351
SC,20231129,EI,4.496981379,333614.0484
SC,20231129,RC,6.614952548,400462.4749
SC,20231218,EI,4.30925648,317940.6782
SC,20231218,RC,6.338813691,247242.186
SC,20231228,EI,4.235191966,316121.4592
SC,20231228,RC,6.229866553,226674.725
SD,20230103,EI,5.643490089,137618.7296
SD,20230103,RC,7.310364078,146826.9398
SD,20230130,EI,6.310914733,192397.6093
SD,20230130,RC,8.174920772,265061.3813
SD,20230213,EI,6.550234338,130901.4241
SD,20230213,RC,8.484926358,120961.5166
SD,20230216,EI,6.542402767,163034.4685
SD,20230216,RC,8.474781635,182151.1829
SD,20230306,EI,5.138936716,135761.923
SD,20230306,RC,6.65678468,119523.4452
SD,20230315,EI,4.554409581,137003.3237
SD,20230315,RC,5.899610289,115498.7901
SD,20230403,EI,4.418138291,127254.6428
SD,20230403,RC,5.723089603,84065.38674
SD,20230410,EI,4.765409398,116043.722
SD,20230410,RC,6.172931488,63329.44222
SD,20230517,EI,4.56870055,106626.8528
SD,20230517,RC,5.918122271,30136.5934
SD,20230530,EI,5.455596729,104244.7031
SD,20230530,RC,7.06697411,23217.22418
SD,20230615,EI,7.518492755,107084.1294
SD,20230615,RC,9.739171768,21259.02979
SD,20230630,EI,8.546341855,107864.7635
SD,20230630,RC,11.0706087,18722.72693
SD,20230710,EI,8.782910118,108477.0049
SD,20230710,RC,11.3770503,18429.15853
SD,20230727,EI,8.497660451,109113.1172
SD,20230727,RC,11.00754865,16471.52836
SD,20230803,EI,8.390161348,109078.2543
SD,20230803,RC,10.86829837,16232.06057
SD,20230831,EI,8.784649986,106128.8589
SD,20230831,RC,11.37930406,17846.00953
SD,20230906,EI,8.540643199,105199.7947
SD,20230906,RC,11.06322688,20138.2903
SD,20230912,EI,9.325388989,105075.4552
SD,20230912,RC,12.07975696,22001.3719
SD,20231005,EI,9.996782007,104811.2213
SD,20231005,RC,12.94945414,25830.33124
SD,20231020,EI,8.89483826,103891.2804
SD,20231020,RC,11.52203779,31688.72212
SD,20231121,EI,8.99026104,117492.7469
SD,20231121,RC,11.64564486,81041.93476
SD,20231129,EI,9.227169184,124626.2098
SD,20231129,RC,11.95252673,102654.1243
SD,20231218,EI,8.841984267,115668.9123
SD,20231218,RC,11.45357272,115670.0546
SD,20231228,EI,8.690014367,110987.2075
SD,20231228,RC,11.25671665,121710.6692
TN,20230103,EI,6.594567256,511492.9405
TN,20230103,RC,9.043131023,502786.492
TN,20230130,EI,6.945504655,552323.2891
TN,20230130,RC,9.524371527,722730.6131
TN,20230213,EI,7.042799517,567846.3714
TN,20230213,RC,9.657791986,837528.5844
TN,20230216,EI,6.928257257,504812.5908
TN,20230216,RC,9.500720168,354730.0217
TN,20230306,EI,4.907161882,525089.512
TN,20230306,RC,6.729191791,445316.1773
TN,20230315,EI,4.129756007,586322.8411
TN,20230315,RC,5.663135003,1175356.023
TN,20230403,EI,3.670489864,512201.5716
TN,20230403,RC,5.033343276,367205.5293
TN,20230410,EI,3.833382412,507197.2983
TN,20230410,RC,5.25671785,341916.876
TN,20230517,EI,4.325253637,474702.5524
TN,20230517,RC,5.931220932,135101.579
TN,20230530,EI,4.031601687,472347.3417
TN,20230530,RC,5.52853597,141947.7384
TN,20230615,EI,4.125246244,469651.9532
TN,20230615,RC,5.656950765,118103.346
TN,20230630,EI,4.363062442,468781.901
TN,20230630,RC,5.983068151,110262.295
TN,20230710,EI,4.273440451,467890.1467
TN,20230710,RC,5.860169502,107905.5287
TN,20230727,EI,4.036478254,468572.6239
TN,20230727,RC,5.535223207,105061.2575
TN,20230803,EI,3.985415047,468873.8577
TN,20230803,RC,5.465200224,104453.169
TN,20230831,EI,4.172801307,472935.2823
TN,20230831,RC,5.722163029,105517.4818
TN,20230906,EI,4.056895512,476351.4662
TN,20230906,RC,5.563221396,106110.2619
TN,20230912,EI,4.429658031,477990.4332
TN,20230912,RC,6.074390691,107919.4353
TN,20231005,EI,4.748576789,486841.5402
TN,20231005,RC,6.51172403,121455.7405
TN,20231020,EI,4.225141898,499435.2497
TN,20231020,RC,5.79393769,163495.6846
TN,20231121,EI,4.270468724,513957.4783
TN,20231121,RC,5.856094372,267362.2852
TN,20231129,EI,4.383002589,570979.46
TN,20231129,RC,6.010412077,907481.2057
TN,20231218,EI,4.200035694,542774.4657
TN,20231218,RC,5.759509549,608727.4345
TN,20231228,EI,4.127848391,544181.5555
TN,20231228,RC,5.660519089,678494.522
TX,20230103,EI,6.523657798,5409442.418
TX,20230103,RC,7.566326415,1448589.868
TX,20230130,EI,6.926748916,6450840.656
TX,20230130,RC,8.033843116,2440864.477
TX,20230213,EI,7.511864287,6424058.706
TX,20230213,RC,8.712476795,2381707.861
TX,20230216,EI,7.53909025,6093782.615
TX,20230216,RC,8.744054251,1506153.254
TX,20230306,EI,6.061902365,6175892.601
TX,20230306,RC,7.03076915,1294052.195
TX,20230315,EI,5.435565747,6293327.093
TX,20230315,RC,6.30432588,1745839.125
TX,20230403,EI,5.109937753,6219135.913
TX,20230403,RC,5.926653144,923309.7691
TX,20230410,EI,5.448194425,6188560.273
TX,20230410,RC,6.318972986,968453.4455
TX,20230517,EI,4.854591354,6113318.022
TX,20230517,RC,5.630495029,670452.752
TX,20230530,EI,4.283484702,6158098.449
TX,20230530,RC,4.968109066,629648.7321
TX,20230615,EI,4.088746134,6223806.818
TX,20230615,RC,4.74224566,603101.9869
TX,20230630,EI,3.824972359,6290127.603
TX,20230630,RC,4.43631323,589349.7897
TX,20230710,EI,3.452064738,6321800.113
TX,20230710,RC,4.003804219,582693.1925
TX,20230727,EI,3.129940584,6378424.935
TX,20230727,RC,3.630195338,576357.0309
TX,20230803,EI,3.090345474,6392232.243
TX,20230803,RC,3.584271787,574272.9665
TX,20230831,EI,3.235647349,6362560.625
TX,20230831,RC,3.752797091,564063.0967
TX,20230906,EI,3.145772406,6356504.038
TX,20230906,RC,3.648557541,563032.7654
TX,20230912,EI,3.434817574,6325432.044
TX,20230912,RC,3.983800461,560840.1008
TX,20231005,EI,3.682111553,6323163.816
TX,20231005,RC,4.270619148,568671.301
TX,20231020,EI,3.276232961,6255075.937
TX,20231020,RC,3.799869454,640755.399
TX,20231121,EI,3.311380003,6746919.225
TX,20231121,RC,3.840634007,876127.928
TX,20231129,EI,3.398640305,6627627.604
TX,20231129,RC,3.941841021,1691879.084
TX,20231218,EI,3.256765266,6787391.63
TX,20231218,RC,3.77729026,1720914.279
TX,20231228,EI,3.200790241,6566300.015
TX,20231228,RC,3.712368813,2400038.369
UT,20230103,EI,6.894484862,130687.1773
UT,20230103,RC,8.084700135,688670.8066
UT,20230130,EI,6.355928062,141302.8942
UT,20230130,RC,7.453170685,902443.8348
UT,20230213,EI,5.641314049,138369.5715
UT,20230213,RC,6.615190745,723700.9737
UT,20230216,EI,5.823349732,148840.9904
UT,20230216,RC,6.828651786,1021573.398
UT,20230306,EI,6.037159492,134952.1484
UT,20230306,RC,7.079372156,652126.5716
UT,20230315,EI,6.146860483,118656.9203
UT,20230315,RC,7.208011152,365247.7535
UT,20230403,EI,4.539876124,123747.849
UT,20230403,RC,5.32360834,488415.3943
UT,20230410,EI,4.428715226,113756.8715
UT,20230410,RC,5.193257408,270456.1452
UT,20230517,EI,5.291941185,112454.8624
UT,20230517,RC,6.205504612,139548.164
UT,20230530,EI,5.848859167,110726.7301
UT,20230530,RC,6.85856499,134341.3971
UT,20230615,EI,7.271754722,106724.5563
UT,20230615,RC,8.527099205,125826.7118
UT,20230630,EI,5.988046086,102489.266
UT,20230630,RC,7.021780157,118558.5069
UT,20230710,EI,4.963723751,103054.2755
UT,20230710,RC,5.820626034,101309.3803
UT,20230727,EI,4.313210805,100242.2516
UT,20230727,RC,5.057813118,96434.23889
UT,20230803,EI,4.258646811,97104.98333
UT,20230803,RC,4.993829581,102921.0521
UT,20230831,EI,4.458879883,99200.25665
UT,20230831,RC,5.228629479,99453.10173
UT,20230906,EI,4.335027828,96931.59115
UT,20230906,RC,5.083396478,114365.087
UT,20230912,EI,4.73334617,102889.0976
UT,20230912,RC,5.550477691,100172.3741
UT,20231005,EI,5.074129335,103565.43
UT,20231005,RC,5.95009126,171185.6365
UT,20231020,EI,4.514808837,116338.8883
UT,20231020,RC,5.294213613,155941.1994
UT,20231121,EI,4.563243175,116721.561
UT,20231121,RC,5.351009314,482584.8268
UT,20231129,EI,4.683492128,117348.7557
UT,20231129,RC,5.492017199,580912.3678
UT,20231218,EI,4.487981404,123408.2865
UT,20231218,RC,5.262754881,646541.4082
UT,20231228,EI,4.410845089,126960.4713
UT,20231228,RC,5.172302296,683824.2015
VA,20230103,EI,6.776251376,314333.1924
VA,20230103,RC,10.29468475,676196.1253
VA,20230130,EI,6.334924962,372836.0458
VA,20230130,RC,9.624208396,760366.9669
VA,20230213,EI,6.100124349,397133.0784
VA,20230213,RC,9.267492248,908060.4778
VA,20230216,EI,6.107400176,335820.1524
VA,20230216,RC,9.278545903,413027.071
VA,20230306,EI,4.975480401,362339.5308
VA,20230306,RC,7.55889936,555676.5477
VA,20230315,EI,4.490711545,370757.7328
VA,20230315,RC,6.822423945,1054310.424
VA,20230403,EI,3.268565386,327550.9907
VA,20230403,RC,4.96570277,576186.326
VA,20230410,EI,3.171406859,310465.9265
VA,20230410,RC,4.818096615,622030.1952
VA,20230517,EI,5.255394596,341363.4504
VA,20230517,RC,7.984153418,190196.3873
VA,20230530,EI,6.508693195,329326.3305
VA,20230530,RC,9.888202317,189323.674
VA,20230615,EI,9.222557475,317716.2023
VA,20230615,RC,14.0111865,181026.7192
VA,20230630,EI,6.546765584,340430.8394
VA,20230630,RC,9.946043036,161472.1012
VA,20230710,EI,4.915513937,343034.1454
VA,20230710,RC,7.467796507,157818.1242
VA,20230727,EI,4.065105759,340980.6295
VA,20230727,RC,6.175830844,155272.7103
VA,20230803,EI,4.013680402,327349.8414
VA,20230803,RC,6.097703896,156158.4236
VA,20230831,EI,4.202395642,337940.7675
VA,20230831,RC,6.384405761,156992.766
VA,20230906,EI,4.08566782,346956.4041
VA,20230906,RC,6.207069346,157011.5424
VA,20230912,EI,4.461074045,344873.6874
VA,20230912,RC,6.777397764,159960.3595
VA,20231005,EI,4.782254638,340451.5099
VA,20231005,RC,7.265344975,189666.6184
VA,20231020,EI,4.255107443,334242.8018
VA,20231020,RC,6.464487113,264547.5731
VA,20231121,EI,4.300755736,363823.2058
VA,20231121,RC,6.533837371,626152.1347
VA,20231129,EI,4.414087713,375071.8436
VA,20231129,RC,6.706014717,1084022.462
VA,20231218,EI,4.229823181,399629.1048
VA,20231218,RC,6.426074502,553466.5789
VA,20231228,EI,4.157123911,407357.413
VA,20231228,RC,6.315627586,545344.3629
VT,20230103,EI,7.016384067,9599.570663
VT,20230103,RC,11.92633791,61290.69844
VT,20230130,EI,5.264458102,7474.007858
VT,20230130,RC,8.948442049,56868.49054
VT,20230213,EI,3.32347064,7539.58899
VT,20230213,RC,5.64918247,52881.05463
VT,20230216,EI,3.616999303,8745.967181
VT,20230216,RC,6.148117817,43451.87249
VT,20230306,EI,5.989582317,6912.582489
VT,20230306,RC,10.18099664,52589.47756
VT,20230315,EI,7.707462367,6636.826037
VT,20230315,RC,13.1010218,53839.49819
VT,20230403,EI,4.391706935,5952.219224
VT,20230403,RC,7.464953514,66901.62122
VT,20230410,EI,3.893656002,5964.19184
VT,20230410,RC,6.618374469,49296.67334
VT,20230517,EI,6.921566779,5249.552724
VT,20230517,RC,11.76516899,29581.66329
VT,20230530,EI,5.34059241,5113.971597
VT,20230530,RC,9.077853933,21939.33022
VT,20230615,EI,4.382193261,4980.99031
VT,20230615,RC,7.448782322,19532.59492
VT,20230630,EI,5.31989331,4911.127342
VT,20230630,RC,9.042669933,18667.98488
VT,20230710,EI,5.712186531,4841.740526
VT,20230710,RC,9.709483703,18030.5966
VT,20230727,EI,5.649161055,4830.110016
VT,20230727,RC,9.602354002,18359.08748
VT,20230803,EI,5.577696709,5000.067139
VT,20230803,RC,9.480880045,18432.16799
VT,20230831,EI,5.839948874,5034.210659
VT,20230831,RC,9.926652099,18905.34461
VT,20230906,EI,5.677735563,4816.89304
VT,20230906,RC,9.650924496,19427.36328
VT,20230912,EI,6.199426842,4922.584285
VT,20230912,RC,10.53768702,19663.1461
VT,20231005,EI,6.645762314,4984.986432
VT,20231005,RC,11.29636095,21832.64184
VT,20231020,EI,5.913200954,5499.963653
VT,20231020,RC,10.05116482,26668.09159
VT,20231121,EI,5.976637079,6670.447208
VT,20231121,RC,10.15899253,48525.72353
VT,20231129,EI,6.134131282,6574.998778
VT,20231129,RC,10.42669867,49539.35887
VT,20231218,EI,5.878064139,6461.271131
VT,20231218,RC,9.99143982,51295.26287
VT,20231228,EI,5.777036045,6553.129928
VT,20231228,RC,9.819713875,55705.81681
WA,20230103,EI,7.855773945,256672.0803
WA,20230103,RC,10.89230685,803001.8696
WA,20230130,EI,6.387574714,277385.8166
WA,20230130,RC,8.856596985,1067593.867
WA,20230213,EI,5.620032609,249312.9482
WA,20230213,RC,7.792372863,732340.7362
WA,20230216,EI,5.741431942,259978.6115
WA,20230216,RC,7.960697307,871831.9035
WA,20230306,EI,5.53574441,254041.8772
WA,20230306,RC,7.67550431,810846.4479
WA,20230315,EI,5.435565747,243718.8201
WA,20230315,RC,7.53660307,668565.2565
WA,20230403,EI,4.892652109,244888.2412
WA,20230403,RC,6.783834218,728843.4739
WA,20230410,EI,5.133679476,221567.7571
WA,20230410,RC,7.118027139,397570.0155
WA,20230517,EI,5.159995421,198347.6118
WA,20230517,RC,7.154515123,181090.8142
WA,20230530,EI,4.654145636,204852.7703
WA,20230530,RC,6.453136605,207230.5443
WA,20230615,EI,4.537315702,208892.7323
WA,20230615,RC,6.291147793,206180.1855
WA,20230630,EI,3.642195069,193023.0985
WA,20230630,RC,5.050031555,141537.6082
WA,20230710,EI,2.968232155,196202.7097
WA,20230710,RC,4.115558273,143228.641
WA,20230727,EI,2.557390477,198870.2711
WA,20230727,RC,3.545911838,137707.9104
WA,20230803,EI,2.525038375,195667.7122
WA,20230803,RC,3.50105451,128248.0185
WA,20230831,EI,2.643760639,202306.6692
WA,20230831,RC,3.665667104,124096.6985
WA,20230906,EI,2.570326234,212745.6454
WA,20230906,RC,3.56384772,142038.5392
WA,20230912,EI,2.806497286,209235.6256
WA,20230912,RC,3.891307189,132117.3634
WA,20231005,EI,3.008554561,221802.0526
WA,20231005,RC,4.171466707,170124.3995
WA,20231020,EI,2.676922054,225803.37
WA,20231020,RC,3.711646572,211508.0565
WA,20231121,EI,2.705639759,243052.9821
WA,20231121,RC,3.75146468,582553.2803
WA,20231129,EI,2.77693781,250431.2426
WA,20231129,RC,3.850321936,734938.0597
WA,20231218,EI,2.661015522,243589.9857
WA,20231218,RC,3.689591607,734464.6159
WA,20231228,EI,2.615279831,234540.0018
WA,20231228,RC,3.626177463,770368.3264
WI,20230103,EI,6.481865816,559368.504
WI,20230103,RC,8.737938374,1228848.804
WI,20230130,EI,9.256093873,714761.732
WI,20230130,RC,12.47776183,1720624.284
WI,20230213,EI,11.19377145,522098.7262
WI,20230213,RC,15.08986577,955638.3338
WI,20230216,EI,11.26062487,541126.2033
WI,20230216,RC,15.17998813,1014029.629
WI,20230306,EI,8.953414825,532370.5449
WI,20230306,RC,12.06973257,956388.4908
WI,20230315,EI,7.98348719,645465.9803
WI,20230315,RC,10.76221277,1482163.487
WI,20230403,EI,6.799856652,486033.0223
WI,20230403,RC,9.166608821,776273.6391
WI,20230410,EI,6.991089207,407542.1449
WI,20230410,RC,9.424401613,480710.2306
WI,20230517,EI,4.69474509,377935.8418
WI,20230517,RC,6.328793968,343777.8057
WI,20230530,EI,4.16959402,348249.294
WI,20230530,RC,5.620859275,242560.2507
WI,20230615,EI,4.029025417,345385.0887
WI,20230615,RC,5.431364486,223354.3436
WI,20230630,EI,4.306778487,337659.7879
WI,20230630,RC,5.805792047,185636.1476
WI,20230710,EI,4.248276233,340941.9646
WI,20230710,RC,5.726927549,188118.2205
WI,20230727,EI,4.026935752,344673.6183
WI,20230727,RC,5.428547494,179557.1157
WI,20230803,EI,3.975993262,347212.0534
WI,20230803,RC,5.359874006,179440.5097
WI,20230831,EI,4.162936528,365818.0851
WI,20230831,RC,5.611884582,231265.9519
WI,20230906,EI,4.047304742,362601.9969
WI,20230906,RC,5.456006098,182365.0925
WI,20230912,EI,4.419186026,377227.4531
WI,20230912,RC,5.957324056,240339.1827
WI,20231005,EI,4.737350839,387928.8342
WI,20231005,RC,6.386229036,240639.543
WI,20231020,EI,4.215153383,433618.5756
WI,20231020,RC,5.682275989,393084.6394
WI,20231121,EI,4.260373053,509404.7999
WI,20231121,RC,5.743234778,789322.073
WI,20231129,EI,4.37264088,684849.6337
WI,20231129,RC,5.894578448,1651399.444
WI,20231218,EI,4.190106532,538302.1748
WI,20231218,RC,5.648511353,1007817.594
WI,20231228,EI,4.118089884,528161.685
WI,20231228,RC,5.551428654,1006018.503
WV,20230103,EI,6.892545447,152642.4181
WV,20230103,RC,10.25327381,175346.6102
WV,20230130,EI,7.394385002,141162.7636
WV,20230130,RC,10.99980474,225043.2142
WV,20230213,EI,7.421013886,140625.9444
WV,20230213,RC,11.03941757,257137.33
WV,20230216,EI,7.470364,133885.5792
WV,20230216,RC,11.11283025,138443.4094
WV,20230306,EI,6.261798337,134391.5563
WV,20230306,RC,9.314981438,196745.9487
WV,20230315,EI,5.732823248,143486.5358
WV,20230315,RC,8.52808399,365308.3397
WV,20230403,EI,5.847089004,130034.8754
WV,20230403,RC,8.698064455,201909.826
WV,20230410,EI,6.424197835,125455.9085
WV,20230410,RC,9.556565122,157969.8609
WV,20230517,EI,9.939983634,113787.8841
WV,20230517,RC,14.7866089,63303.71556
WV,20230530,EI,10.35945188,113007.7775
WV,20230530,RC,15.41060519,50456.41836
WV,20230615,EI,11.93004592,110410.5913
WV,20230615,RC,17.74700338,50322.20218
WV,20230630,EI,8.066819988,114125.8136
WV,20230630,RC,12.00011153,40940.65542
WV,20230710,EI,5.863645781,114944.9296
WV,20230710,RC,8.722694131,40019.8879
WV,20230727,EI,4.771250891,118727.506
WV,20230727,RC,7.097659665,38249.84158
WV,20230803,EI,4.71089249,116359.5856
WV,20230803,RC,7.007871181,40371.63611
WV,20230831,EI,4.932389252,118014.8227
WV,20230831,RC,7.337367294,44331.15834
WV,20230906,EI,4.795384766,125598.8682
WV,20230906,RC,7.133560948,39689.51782
WV,20230912,EI,5.2360024,123554.0057
WV,20230912,RC,7.789018832,43277.12197
WV,20231005,EI,5.612974928,127099.1678
WV,20231005,RC,8.349798963,49930.37539
WV,20231020,EI,4.994257563,127353.455
WV,20231020,RC,7.429401905,78929.41429
WV,20231121,EI,5.047835371,136170.4499
WV,20231121,RC,7.509103655,165016.6709
WV,20231129,EI,5.180854124,155515.4751
WV,20231129,RC,7.70698087,355031.6767
WV,20231218,EI,4.964581199,131501.605
WV,20231218,RC,7.385255676,171231.4763
WV,20231228,EI,4.879253417,127158.6147
WV,20231228,RC,7.258323019,171194.934
WY,20230103,EI,6.235347494,205281.0876
WY,20230103,RC,7.37635828,157624.6233
WY,20230130,EI,5.887714976,242922.0092
WY,20230130,RC,6.965112235,286479.1893
WY,20230213,EI,5.829970905,196761.8502
WY,20230213,RC,6.896801533,139409.4536
WY,20230216,EI,5.919529172,213780.7969
WY,20230216,RC,7.002748133,226693.3901
WY,20230306,EI,5.297742654,191864.4835
WY,20230306,RC,6.267180446,144777.8392
WY,20230315,EI,5.011682188,183980.0856
WY,20230315,RC,5.928773568,97122.73819
WY,20230403,EI,3.836907172,174609.9251
WY,20230403,RC,4.539025615,105741.1652
WY,20230410,EI,3.792844497,172118.1502
WY,20230410,RC,4.486899878,80690.39797
WY,20230517,EI,25.48303454,161833.3683
WY,20230517,RC,30.14619362,40814.89268
WY,20230530,EI,11.63376451,159004.2485
WY,20230530,RC,13.76263557,36050.99342
WY,20230615,EI,5.119622644,156982.8037
WY,20230615,RC,6.056466126,30129.53408
WY,20230630,EI,6.734312975,155835.6463
WY,20230630,RC,7.966629818,25971.43256
WY,20230710,EI,7.628199696,154271.3654
WY,20230710,RC,9.024089522,22193.65884
WY,20230727,EI,7.748511447,151341.8538
WY,20230727,RC,9.166417208,18459.23559
WY,20230803,EI,7.650489405,151201.9426
WY,20230803,RC,9.050458041,18135.12011
WY,20230831,EI,8.010200144,154602.8659
WY,20230831,RC,9.475992512,19868.00984
WY,20230906,EI,7.78770486,159579.2969
WY,20230906,RC,9.212782653,22924.982
WY,20230912,EI,8.503267898,160477.4551
WY,20230912,RC,10.05928709,24003.42322
WY,20231005,EI,9.115471283,172940.5742
WY,20231005,RC,10.78351802,38022.91016
WY,20231020,EI,8.110674282,164317.4457
WY,20231020,RC,9.594852485,35105.53015
WY,20231121,EI,8.197684642,200954.1877
WY,20231121,RC,9.697784934,105383.964
WY,20231129,EI,8.413707097,204733.2737
WY,20231129,RC,9.953337496,119020.7946
WY,20231218,EI,8.062479867,203872.4408
WY,20231218,RC,9.537838938,133904.9149
WY,20231228,EI,7.923907549,209590.0798
WY,20231228,RC,9.373909171,149045.7425
