hydro_project,timeseries,hydro_min_flow_mw,hydro_avg_flow_mw
BASN_conventional_hydroelectric_1,20230103,478.6780583802056,968.1577668240675
CANO_conventional_hydroelectric_1,20230103,1129.8704615329707,2204.5145640519986
CASO_conventional_hydroelectric_1,20230103,133.14819911912974,289.2276305722119
FRCC_conventional_hydroelectric_1,20230103,9.03495,13.082806249999999
ISNE_conventional_hydroelectric_1,20230103,246.64266026995526,409.7258238764029
MISC_conventional_hydroelectric_1,20230103,81.83946927706924,166.8069493332114
MISE_conventional_hydroelectric_1,20230103,3.1847799999999995,11.054809583333332
MISS_conventional_hydroelectric_1,20230103,41.742747768595045,151.1543082355372
MISW_conventional_hydroelectric_1,20230103,24.311041099026905,33.499724162564405
NWPP_conventional_hydroelectric_1,20230103,9075.402043760789,16046.974701437253
NYUP_conventional_hydroelectric_1,20230103,1670.048490750748,2129.0701331746995
PJMC_conventional_hydroelectric_1,20230103,2.6705568,3.6537189999999997
PJMD_conventional_hydroelectric_1,20230103,27.650810000000003,66.64397000000001
PJME_conventional_hydroelectric_1,20230103,131.8772462573647,411.7725421077029
PJMW_conventional_hydroelectric_1,20230103,183.88353914388082,268.8216083826765
RMRG_conventional_hydroelectric_1,20230103,22.16366756722005,202.92902499024007
SPPC_conventional_hydroelectric_1,20230103,1.7835999999999999,7.252266666666666
SPPN_conventional_hydroelectric_1,20230103,656.3349318606441,1123.302472967115
SPPS_conventional_hydroelectric_1,20230103,63.464808000000005,332.84714375
SRCA_conventional_hydroelectric_1,20230103,189.2940288,278.8675024
SRCE_conventional_hydroelectric_1,20230103,629.6321941360553,1790.557072889594
SRSE_conventional_hydroelectric_1,20230103,339.26856000000004,619.4120700000001
SRSG_conventional_hydroelectric_1,20230103,493.7716813007719,801.7345856246518
TRE_conventional_hydroelectric_1,20230103,0.0,42.82084904166666
BASN_conventional_hydroelectric_1,20230130,478.6780583802056,968.1263515791476
CANO_conventional_hydroelectric_1,20230130,1129.8704615329707,2204.248415652609
CASO_conventional_hydroelectric_1,20230130,133.14819911912974,289.19147010259127
FRCC_conventional_hydroelectric_1,20230130,9.03495,13.083350000000001
ISNE_conventional_hydroelectric_1,20230130,246.6768111146499,409.70972390590964
MISC_conventional_hydroelectric_1,20230130,81.83946927706924,166.81560667398452
MISE_conventional_hydroelectric_1,20230130,3.1847799999999995,11.054271249999998
MISS_conventional_hydroelectric_1,20230130,41.742747768595045,151.19627542107438
MISW_conventional_hydroelectric_1,20230130,24.311041099026905,33.499553340202255
NWPP_conventional_hydroelectric_1,20230130,9075.402043760789,16045.01183429226
NYUP_conventional_hydroelectric_1,20230130,1670.048490750748,2129.0882049758366
PJMC_conventional_hydroelectric_1,20230130,2.671677,3.6536723249999996
PJMD_conventional_hydroelectric_1,20230130,27.650810000000003,66.66440666666666
PJME_conventional_hydroelectric_1,20230130,131.8772462573647,411.72917324488526
PJMW_conventional_hydroelectric_1,20230130,183.88353914388082,268.8128362989503
RMRG_conventional_hydroelectric_1,20230130,22.16366756722005,202.92868864744102
SPPC_conventional_hydroelectric_1,20230130,1.7835999999999999,7.253566666666666
SPPN_conventional_hydroelectric_1,20230130,656.3349318606441,1123.3369130169983
SPPS_conventional_hydroelectric_1,20230130,63.464808000000005,332.98103575
SRCA_conventional_hydroelectric_1,20230130,189.2940288,278.9265829333333
SRCE_conventional_hydroelectric_1,20230130,629.6321941360553,1790.780582905356
SRSE_conventional_hydroelectric_1,20230130,339.26856000000004,619.45956
SRSG_conventional_hydroelectric_1,20230130,493.7716813007719,801.7401944930613
TRE_conventional_hydroelectric_1,20230130,0.0,42.836949374999996
BASN_conventional_hydroelectric_1,20230213,478.6780583802056,968.0789153997474
CANO_conventional_hydroelectric_1,20230213,1129.8704615329707,2203.8658846536255
CASO_conventional_hydroelectric_1,20230213,133.14819911912974,289.163071346511
FRCC_conventional_hydroelectric_1,20230213,9.03495,13.083712499999999
ISNE_conventional_hydroelectric_1,20230213,246.7294099711306,409.6898708678696
MISC_conventional_hydroelectric_1,20230213,81.83946927706924,166.8261452772576
MISE_conventional_hydroelectric_1,20230213,3.1847799999999995,11.05346375
MISS_conventional_hydroelectric_1,20230213,41.742747768595045,151.24114958884297
MISW_conventional_hydroelectric_1,20230213,24.311041099026905,33.499592283915284
NWPP_conventional_hydroelectric_1,20230213,9075.402043760789,16042.915873347267
NYUP_conventional_hydroelectric_1,20230213,1670.048490750748,2129.0840866671883
PJMC_conventional_hydroelectric_1,20230213,2.671677,3.65343895
PJMD_conventional_hydroelectric_1,20230213,27.650810000000003,66.68484333333333
PJME_conventional_hydroelectric_1,20230213,131.8772462573647,411.6821186059324
PJMW_conventional_hydroelectric_1,20230213,183.88353914388082,268.809951202464
RMRG_conventional_hydroelectric_1,20230213,22.16366756722005,202.93634583322407
SPPC_conventional_hydroelectric_1,20230213,1.7835999999999999,7.254650000000001
SPPN_conventional_hydroelectric_1,20230213,656.3349318606441,1123.3675217545274
SPPS_conventional_hydroelectric_1,20230213,63.464808000000005,333.0730865
SRCA_conventional_hydroelectric_1,20230213,189.2940288,278.933968
SRCE_conventional_hydroelectric_1,20230213,629.6321941360553,1790.985016031987
SRSE_conventional_hydroelectric_1,20230213,339.26856000000004,619.5862000000001
SRSG_conventional_hydroelectric_1,20230213,493.7716813007719,801.7006513957022
TRE_conventional_hydroelectric_1,20230213,0.0,42.85304970833334
BASN_conventional_hydroelectric_1,20230216,478.6780583802056,968.026308227331
CANO_conventional_hydroelectric_1,20230216,1129.8704615329707,2203.652210820292
CASO_conventional_hydroelectric_1,20230216,133.14819911912974,289.13728724551163
FRCC_conventional_hydroelectric_1,20230216,9.03495,13.084800000000001
ISNE_conventional_hydroelectric_1,20230216,246.76962991464995,409.6736324007119
MISC_conventional_hydroelectric_1,20230216,81.83946927706924,166.8366690900852
MISE_conventional_hydroelectric_1,20230216,3.1847799999999995,11.053059999999999
MISS_conventional_hydroelectric_1,20230216,41.742747768595045,151.28406940785123
MISW_conventional_hydroelectric_1,20230216,24.311041099026905,33.49941691890861
NWPP_conventional_hydroelectric_1,20230216,9075.402043760789,16040.953006202275
NYUP_conventional_hydroelectric_1,20230216,1670.048490750748,2129.0873196696225
PJMC_conventional_hydroelectric_1,20230216,2.6727972,3.6533455999999997
PJMD_conventional_hydroelectric_1,20230216,27.650810000000003,66.70017083333335
PJME_conventional_hydroelectric_1,20230216,131.8772462573647,411.6397571727235
PJMW_conventional_hydroelectric_1,20230216,183.88353914388082,268.8037447689987
RMRG_conventional_hydroelectric_1,20230216,22.16366756722005,202.93791949280072
SPPC_conventional_hydroelectric_1,20230216,1.7835999999999999,7.255733333333333
SPPN_conventional_hydroelectric_1,20230216,656.3349318606441,1123.3713530668817
SPPS_conventional_hydroelectric_1,20230216,63.464808000000005,333.18187374999997
SRCA_conventional_hydroelectric_1,20230216,189.2940288,278.9708933333333
SRCE_conventional_hydroelectric_1,20230216,629.6321941360553,1791.2092851719333
SRSE_conventional_hydroelectric_1,20230216,339.26856000000004,619.6178600000001
SRSG_conventional_hydroelectric_1,20230216,493.7716813007719,801.6838960993953
TRE_conventional_hydroelectric_1,20230216,0.0,42.86915004166667
BASN_conventional_hydroelectric_1,20230306,478.6780583802056,967.9895928994638
CANO_conventional_hydroelectric_1,20230306,1129.8704615329707,2203.355537587569
CASO_conventional_hydroelectric_1,20230306,133.14819911912974,289.1062069483506
FRCC_conventional_hydroelectric_1,20230306,9.03495,13.085162500000001
ISNE_conventional_hydroelectric_1,20230306,246.80378075934448,409.65764681267177
MISC_conventional_hydroelectric_1,20230306,81.83946927706924,166.84694639548755
MISE_conventional_hydroelectric_1,20230306,3.1847799999999995,11.052117916666665
MISS_conventional_hydroelectric_1,20230306,41.742747768595045,151.32651402561982
MISW_conventional_hydroelectric_1,20230306,24.311041099026905,33.49943045220378
NWPP_conventional_hydroelectric_1,20230306,9075.402043760789,16038.477674646278
NYUP_conventional_hydroelectric_1,20230306,1670.048490750748,2129.0965063484095
PJMC_conventional_hydroelectric_1,20230306,2.6739174,3.6532989249999996
PJMD_conventional_hydroelectric_1,20230306,27.650810000000003,66.71294375
PJME_conventional_hydroelectric_1,20230306,131.8772462573647,411.5946947808647
PJMW_conventional_hydroelectric_1,20230306,183.88353914388082,268.80085967251244
RMRG_conventional_hydroelectric_1,20230306,22.16366756722005,202.9465316797716
SPPC_conventional_hydroelectric_1,20230306,1.7835999999999999,7.257033333333334
SPPN_conventional_hydroelectric_1,20230306,656.3349318606441,1123.412420137744
SPPS_conventional_hydroelectric_1,20230306,63.464808000000005,333.31576574999997
SRCA_conventional_hydroelectric_1,20230306,189.2940288,279.00043359999995
SRCE_conventional_hydroelectric_1,20230306,629.6321941360553,1791.4327951876958
SRSE_conventional_hydroelectric_1,20230306,339.26856000000004,619.69701
SRSG_conventional_hydroelectric_1,20230306,493.7716813007719,801.645292669601
TRE_conventional_hydroelectric_1,20230306,0.0,42.88726291666667
BASN_conventional_hydroelectric_1,20230315,478.6780583802056,967.9426219816897
CANO_conventional_hydroelectric_1,20230315,1129.8704615329707,2203.092247555049
CASO_conventional_hydroelectric_1,20230315,133.14819911912974,289.08389278455826
FRCC_conventional_hydroelectric_1,20230315,9.03495,13.085525
ISNE_conventional_hydroelectric_1,20230315,246.8563796158253,409.6412939630607
MISC_conventional_hydroelectric_1,20230315,81.83946927706924,166.85679559966152
MISE_conventional_hydroelectric_1,20230315,3.1847799999999995,11.051445
MISS_conventional_hydroelectric_1,20230315,41.742747768595045,151.36710022727272
MISW_conventional_hydroelectric_1,20230315,24.311041099026905,33.49929194886472
NWPP_conventional_hydroelectric_1,20230315,9075.402043760789,16036.637945906785
NYUP_conventional_hydroelectric_1,20230315,1670.048490750748,2129.1092275860674
PJMC_conventional_hydroelectric_1,20230315,2.6750376,3.6530188750000003
PJMD_conventional_hydroelectric_1,20230315,27.650810000000003,66.74104416666667
PJME_conventional_hydroelectric_1,20230315,131.8772462573647,411.54427569595293
PJMW_conventional_hydroelectric_1,20230315,183.88353914388082,268.7950310824062
RMRG_conventional_hydroelectric_1,20230315,22.16366756722005,202.9501921012636
SPPC_conventional_hydroelectric_1,20230315,1.7835999999999999,7.2585500000000005
SPPN_conventional_hydroelectric_1,20230315,656.3349318606441,1123.4267097834318
SPPS_conventional_hydroelectric_1,20230315,63.464808000000005,333.43292125
SRCA_conventional_hydroelectric_1,20230315,189.2940288,279.044744
SRCE_conventional_hydroelectric_1,20230315,629.6321941360553,1791.617392301011
SRSE_conventional_hydroelectric_1,20230315,339.26856000000004,619.7603300000001
SRSG_conventional_hydroelectric_1,20230315,493.7716813007719,801.6173276874822
TRE_conventional_hydroelectric_1,20230315,0.0,42.90135070833333
BASN_conventional_hydroelectric_1,20230403,478.6780583802056,967.9080625229043
CANO_conventional_hydroelectric_1,20230403,1129.8704615329707,2202.817524055049
CASO_conventional_hydroelectric_1,20230403,133.14819911912974,289.0416811656496
FRCC_conventional_hydroelectric_1,20230403,9.03495,13.086068749999999
ISNE_conventional_hydroelectric_1,20230403,246.89659955934454,409.62479258698073
MISC_conventional_hydroelectric_1,20230403,81.83946927706924,166.87032146208236
MISE_conventional_hydroelectric_1,20230403,3.1847799999999995,11.050772083333332
MISS_conventional_hydroelectric_1,20230403,41.742747768595045,151.40682972809915
MISW_conventional_hydroelectric_1,20230403,24.311041099026905,33.49870400763213
NWPP_conventional_hydroelectric_1,20230403,9075.402043760789,16033.936248328788
NYUP_conventional_hydroelectric_1,20230403,1670.048490750748,2129.1009208172213
PJMC_conventional_hydroelectric_1,20230403,2.6750376,3.65287885
PJMD_conventional_hydroelectric_1,20230403,27.650810000000003,66.75637166666667
PJME_conventional_hydroelectric_1,20230403,131.8772462573647,411.50495737852646
PJMW_conventional_hydroelectric_1,20230403,183.88353914388082,268.78806896222267
RMRG_conventional_hydroelectric_1,20230403,22.16366756722005,202.95081075965246
SPPC_conventional_hydroelectric_1,20230403,1.7835999999999999,7.25985
SPPN_conventional_hydroelectric_1,20230403,656.3349318606441,1123.44915897504
SPPS_conventional_hydroelectric_1,20230403,63.464808000000005,333.53334025
SRCA_conventional_hydroelectric_1,20230403,189.2940288,279.07428426666667
SRCE_conventional_hydroelectric_1,20230403,629.6321941360553,1791.9011694809042
SRSE_conventional_hydroelectric_1,20230403,339.26856000000004,619.82365
SRSG_conventional_hydroelectric_1,20230403,493.7716813007719,801.6127217445518
TRE_conventional_hydroelectric_1,20230403,0.0,42.917451041666666
BASN_conventional_hydroelectric_1,20230410,478.6780583802056,967.8653065258452
CANO_conventional_hydroelectric_1,20230410,1129.8704615329707,2202.5790421221227
CASO_conventional_hydroelectric_1,20230410,133.14819911912974,289.02015539798356
FRCC_conventional_hydroelectric_1,20230410,9.03495,13.086431250000002
ISNE_conventional_hydroelectric_1,20230410,246.93075040403912,409.61049285972524
MISC_conventional_hydroelectric_1,20230410,81.83946927706924,166.8752988578429
MISE_conventional_hydroelectric_1,20230410,3.1847799999999995,11.049964583333331
MISS_conventional_hydroelectric_1,20230410,41.742747768595045,151.4491315623967
MISW_conventional_hydroelectric_1,20230410,24.311041099026905,33.49826933333334
NWPP_conventional_hydroelectric_1,20230410,9075.402043760789,16032.465934805798
NYUP_conventional_hydroelectric_1,20230410,1670.048490750748,2129.100666557531
PJMC_conventional_hydroelectric_1,20230410,2.6761578,3.6528321750000003
PJMD_conventional_hydroelectric_1,20230410,27.650810000000003,66.76914458333334
PJME_conventional_hydroelectric_1,20230410,131.8772462573647,411.4607417511882
PJMW_conventional_hydroelectric_1,20230410,183.88353914388082,268.7855867364385
RMRG_conventional_hydroelectric_1,20230410,22.16366756722005,202.95438280137466
SPPC_conventional_hydroelectric_1,20230410,1.7835999999999999,7.2605
SPPN_conventional_hydroelectric_1,20230410,656.3349318606441,1123.48053397504
SPPS_conventional_hydroelectric_1,20230410,63.464808000000005,333.65049574999995
SRCA_conventional_hydroelectric_1,20230410,189.2940288,279.09643946666665
SRCE_conventional_hydroelectric_1,20230410,629.6321941360553,1792.1254386208507
SRSE_conventional_hydroelectric_1,20230410,339.26856000000004,619.9028
SRSG_conventional_hydroelectric_1,20230410,493.7716813007719,801.5840475070295
TRE_conventional_hydroelectric_1,20230410,0.0,42.927513749999996
BASN_conventional_hydroelectric_1,20230517,478.6780583802056,967.7869573420375
CANO_conventional_hydroelectric_1,20230517,1129.8704615329707,2201.9914123904164
CASO_conventional_hydroelectric_1,20230517,133.14819911912974,288.959854505616
FRCC_conventional_hydroelectric_1,20230517,9.03495,13.08715625
ISNE_conventional_hydroelectric_1,20230517,247.01750010521442,409.57246261462507
MISC_conventional_hydroelectric_1,20230517,81.83946927706924,166.8971833762066
MISE_conventional_hydroelectric_1,20230517,3.1847799999999995,11.048887916666665
MISS_conventional_hydroelectric_1,20230517,41.742747768595045,151.53373523099174
MISW_conventional_hydroelectric_1,20230517,24.311041099026905,33.49748345582905
NWPP_conventional_hydroelectric_1,20230517,9075.402043760789,16028.037691499307
NYUP_conventional_hydroelectric_1,20230517,1670.048490750748,2129.1189462738953
PJMC_conventional_hydroelectric_1,20230517,2.6783982,3.6525521249999997
PJMD_conventional_hydroelectric_1,20230517,27.650810000000003,66.80746333333333
PJME_conventional_hydroelectric_1,20230517,131.8772462573647,411.37469012498525
PJMW_conventional_hydroelectric_1,20230517,183.88353914388082,268.7757645471117
RMRG_conventional_hydroelectric_1,20230517,22.16366756722005,202.96761041102533
SPPC_conventional_hydroelectric_1,20230517,1.7835999999999999,7.262883333333333
SPPN_conventional_hydroelectric_1,20230517,656.3349318606441,1123.53589069159
SPPS_conventional_hydroelectric_1,20230517,63.464808000000005,333.86807025
SRCA_conventional_hydroelectric_1,20230517,189.2940288,279.1481349333333
SRCE_conventional_hydroelectric_1,20230517,629.6321941360553,1792.57169952819
SRSE_conventional_hydroelectric_1,20230517,339.26856000000004,620.0611
SRSG_conventional_hydroelectric_1,20230517,493.7716813007719,801.5287163843816
TRE_conventional_hydroelectric_1,20230517,0.0,42.96776458333334
BASN_conventional_hydroelectric_1,20230530,478.6780583802056,967.8232134593691
CANO_conventional_hydroelectric_1,20230530,1129.8704615329707,2202.227035956473
CASO_conventional_hydroelectric_1,20230530,133.14819911912974,288.99526002211013
FRCC_conventional_hydroelectric_1,20230530,9.03495,13.08715625
ISNE_conventional_hydroelectric_1,20230530,247.01750010521442,409.5923156526651
MISC_conventional_hydroelectric_1,20230530,81.83946927706924,166.88571420740337
MISE_conventional_hydroelectric_1,20230530,3.1847799999999995,11.04942625
MISS_conventional_hydroelectric_1,20230530,41.742747768595045,151.4961474822314
MISW_conventional_hydroelectric_1,20230530,24.311041099026905,33.49791529097501
NWPP_conventional_hydroelectric_1,20230530,9075.402043760789,16030.236880060804
NYUP_conventional_hydroelectric_1,20230530,1670.048490750748,2129.111840334525
PJMC_conventional_hydroelectric_1,20230530,2.677278,3.65269215
PJMD_conventional_hydroelectric_1,20230530,27.650810000000003,66.79213583333333
PJME_conventional_hydroelectric_1,20230530,131.8772462573647,411.4197525168441
PJMW_conventional_hydroelectric_1,20230530,183.88353914388082,268.78304194229685
RMRG_conventional_hydroelectric_1,20230530,22.16366756722005,202.9659483716788
SPPC_conventional_hydroelectric_1,20230530,1.7835999999999999,7.261583333333333
SPPN_conventional_hydroelectric_1,20230530,656.3349318606441,1123.492524833315
SPPS_conventional_hydroelectric_1,20230530,63.464808000000005,333.76765125000003
SRCA_conventional_hydroelectric_1,20230530,189.2940288,279.1407498666667
SRCE_conventional_hydroelectric_1,20230530,629.6321941360553,1792.310035734166
SRSE_conventional_hydroelectric_1,20230530,339.26856000000004,619.99778
SRSG_conventional_hydroelectric_1,20230530,493.7716813007719,801.5570221924754
TRE_conventional_hydroelectric_1,20230530,0.0,42.94763916666666
BASN_conventional_hydroelectric_1,20230615,478.6780583802056,967.6986571398793
CANO_conventional_hydroelectric_1,20230615,1129.8704615329707,2201.40092429184
CASO_conventional_hydroelectric_1,20230615,133.14819911912974,288.89680518616785
FRCC_conventional_hydroelectric_1,20230615,9.03495,13.088243749999998
ISNE_conventional_hydroelectric_1,20230615,247.144469749909,409.5478590769741
MISC_conventional_hydroelectric_1,20230615,81.83946927706924,166.9198345326627
MISE_conventional_hydroelectric_1,20230615,3.1847799999999995,11.0474075
MISS_conventional_hydroelectric_1,20230615,41.742747768595045,151.61924245123967
MISW_conventional_hydroelectric_1,20230615,24.311041099026905,33.497573835527575
NWPP_conventional_hydroelectric_1,20230615,9075.402043760789,16023.968908014818
NYUP_conventional_hydroelectric_1,20230615,1670.048490750748,2129.1293658423688
PJMC_conventional_hydroelectric_1,20230615,2.6795184,3.6521787249999997
PJMD_conventional_hydroelectric_1,20230615,27.650810000000003,66.83811833333334
PJME_conventional_hydroelectric_1,20230615,131.8772462573647,411.2842666232146
PJMW_conventional_hydroelectric_1,20230615,183.88353914388082,268.77067495882835
RMRG_conventional_hydroelectric_1,20230615,22.16366756722005,202.9757978754274
SPPC_conventional_hydroelectric_1,20230615,1.7835999999999999,7.265700000000001
SPPN_conventional_hydroelectric_1,20230615,656.3349318606441,1123.580022812336
SPPS_conventional_hydroelectric_1,20230615,63.464808000000005,334.10238124999995
SRCA_conventional_hydroelectric_1,20230615,189.2940288,279.2367557333333
SRCE_conventional_hydroelectric_1,20230615,629.6321941360553,1792.9805657814522
SRSE_conventional_hydroelectric_1,20230615,339.26856000000004,620.2352300000001
SRSG_conventional_hydroelectric_1,20230615,493.7716813007719,801.4944689329104
TRE_conventional_hydroelectric_1,20230615,0.0,42.993927625
BASN_conventional_hydroelectric_1,20230630,478.6780583802056,967.7450595913165
CANO_conventional_hydroelectric_1,20230630,1129.8704615329707,2201.6918807908232
CASO_conventional_hydroelectric_1,20230630,133.14819911912974,288.93338233749006
FRCC_conventional_hydroelectric_1,20230630,9.03495,13.0877
ISNE_conventional_hydroelectric_1,20230630,247.05772004873364,409.55763706952496
MISC_conventional_hydroelectric_1,20230630,81.83946927706924,166.90528607527298
MISE_conventional_hydroelectric_1,20230630,3.1847799999999995,11.048080416666666
MISS_conventional_hydroelectric_1,20230630,41.742747768595045,151.57817881735537
MISW_conventional_hydroelectric_1,20230630,24.311041099026905,33.49793980232781
NWPP_conventional_hydroelectric_1,20230630,9075.402043760789,16026.064868959813
NYUP_conventional_hydroelectric_1,20230630,1670.048490750748,2129.120172497597
PJMC_conventional_hydroelectric_1,20230630,2.6795184,3.6524121000000003
PJMD_conventional_hydroelectric_1,20230630,27.650810000000003,66.82279083333334
PJME_conventional_hydroelectric_1,20230630,131.8772462573647,411.33232869177647
PJMW_conventional_hydroelectric_1,20230630,183.88353914388082,268.7732322666415
RMRG_conventional_hydroelectric_1,20230630,22.16366756722005,202.96727406822635
SPPC_conventional_hydroelectric_1,20230630,1.7835999999999999,7.264616666666666
SPPN_conventional_hydroelectric_1,20230630,656.3349318606441,1123.5777240249233
SPPS_conventional_hydroelectric_1,20230630,63.464808000000005,333.98522575
SRCA_conventional_hydroelectric_1,20230630,189.2940288,279.1924453333333
SRCE_conventional_hydroelectric_1,20230630,629.6321941360553,1792.7959686681363
SRSE_conventional_hydroelectric_1,20230630,339.26856000000004,620.15608
SRSG_conventional_hydroelectric_1,20230630,493.7716813007719,801.511251832671
TRE_conventional_hydroelectric_1,20230630,0.0,42.981852374999995
BASN_conventional_hydroelectric_1,20230710,478.6780583802056,967.6223522161504
CANO_conventional_hydroelectric_1,20230710,1129.8704615329707,2200.8657691261906
CASO_conventional_hydroelectric_1,20230710,133.14819911912974,288.8391523918811
FRCC_conventional_hydroelectric_1,20230710,9.03495,13.0895125
ISNE_conventional_hydroelectric_1,20230710,247.1786205946036,409.5054455938338
MISC_conventional_hydroelectric_1,20230710,81.83946927706924,166.93602842711564
MISE_conventional_hydroelectric_1,20230710,3.1847799999999995,11.046061666666665
MISS_conventional_hydroelectric_1,20230710,41.742747768595045,151.70742016859504
MISW_conventional_hydroelectric_1,20230710,24.311041099026905,33.49715174813967
NWPP_conventional_hydroelectric_1,20230710,9075.402043760789,16019.41752630283
NYUP_conventional_hydroelectric_1,20230710,1670.048490750748,2129.1366165288287
PJMC_conventional_hydroelectric_1,20230710,2.6817588,3.6519920249999998
PJMD_conventional_hydroelectric_1,20230710,27.650810000000003,66.87899166666666
PJME_conventional_hydroelectric_1,20230710,131.8772462573647,411.20190077314703
PJMW_conventional_hydroelectric_1,20230710,183.88353914388082,268.75166947262557
RMRG_conventional_hydroelectric_1,20230710,22.16366756722005,202.98511710055692
SPPC_conventional_hydroelectric_1,20230710,1.7835999999999999,7.268300000000001
SPPN_conventional_hydroelectric_1,20230710,656.3349318606441,1123.635379528886
SPPS_conventional_hydroelectric_1,20230710,63.464808000000005,334.328324
SRCA_conventional_hydroelectric_1,20230710,189.2940288,279.2884512
SRCE_conventional_hydroelectric_1,20230710,629.6321941360553,1793.4496991988453
SRSE_conventional_hydroelectric_1,20230710,339.26856000000004,620.3777
SRSG_conventional_hydroelectric_1,20230710,493.7716813007719,801.4176857096576
TRE_conventional_hydroelectric_1,20230710,0.0,43.026128291666666
BASN_conventional_hydroelectric_1,20230727,478.6780583802056,967.6686255776566
CANO_conventional_hydroelectric_1,20230727,1129.8704615329707,2201.1653007257833
CASO_conventional_hydroelectric_1,20230727,133.14819911912974,288.8730480021225
FRCC_conventional_hydroelectric_1,20230727,9.03495,13.08896875
ISNE_conventional_hydroelectric_1,20230727,247.144469749909,409.52775315981626
MISC_conventional_hydroelectric_1,20230727,81.83946927706924,166.92655843353083
MISE_conventional_hydroelectric_1,20230727,3.1847799999999995,11.046869166666665
MISS_conventional_hydroelectric_1,20230727,41.742747768595045,151.6604957194215
MISW_conventional_hydroelectric_1,20230727,24.311041099026905,33.49758566533105
NWPP_conventional_hydroelectric_1,20230727,9075.402043760789,16021.626670258824
NYUP_conventional_hydroelectric_1,20230727,1670.048490750748,2129.146632646532
PJMC_conventional_hydroelectric_1,20230727,2.6806386,3.6521787249999997
PJMD_conventional_hydroelectric_1,20230727,27.650810000000003,66.86621875
PJME_conventional_hydroelectric_1,20230727,131.8772462573647,411.240897760397
PJMW_conventional_hydroelectric_1,20230727,183.88353914388082,268.76414073668997
RMRG_conventional_hydroelectric_1,20230727,22.16366756722005,202.97945829691938
SPPC_conventional_hydroelectric_1,20230727,1.7835999999999999,7.267
SPPN_conventional_hydroelectric_1,20230727,656.3349318606441,1123.6017057414736
SPPS_conventional_hydroelectric_1,20230727,63.464808000000005,334.22790499999996
SRCA_conventional_hydroelectric_1,20230727,189.2940288,279.25152586666667
SRCE_conventional_hydroelectric_1,20230727,629.6321941360553,1793.205594045583
SRSE_conventional_hydroelectric_1,20230727,339.26856000000004,620.31438
SRSG_conventional_hydroelectric_1,20230727,493.7716813007719,801.4667895698599
TRE_conventional_hydroelectric_1,20230727,0.0,43.01002795833333
BASN_conventional_hydroelectric_1,20230803,478.6780583802056,967.5939228482274
CANO_conventional_hydroelectric_1,20230803,1129.8704615329707,2200.5939039930604
CASO_conventional_hydroelectric_1,20230803,133.14819911912974,288.81432390200763
FRCC_conventional_hydroelectric_1,20230803,9.03495,13.089875
ISNE_conventional_hydroelectric_1,20230803,247.2714393946036,409.4970905531452
MISC_conventional_hydroelectric_1,20230803,81.83946927706924,166.9465210156694
MISE_conventional_hydroelectric_1,20230803,3.1847799999999995,11.045523333333334
MISS_conventional_hydroelectric_1,20230803,41.742747768595045,151.74152533925619
MISW_conventional_hydroelectric_1,20230803,24.311041099026905,33.497200250333904
NWPP_conventional_hydroelectric_1,20230803,9075.402043760789,16017.69098057434
NYUP_conventional_hydroelectric_1,20230803,1670.048490750748,2129.1577238922905
PJMC_conventional_hydroelectric_1,20230803,2.682879,3.65175865
PJMD_conventional_hydroelectric_1,20230803,27.650810000000003,66.89687375
PJME_conventional_hydroelectric_1,20230803,131.8772462573647,411.1582105801529
PJMW_conventional_hydroelectric_1,20230803,183.88353914388082,268.74476992079957
RMRG_conventional_hydroelectric_1,20230803,22.16366756722005,202.98669076013357
SPPC_conventional_hydroelectric_1,20230803,1.7835999999999999,7.269383333333332
SPPN_conventional_hydroelectric_1,20230803,656.3349318606441,1123.6384445787694
SPPS_conventional_hydroelectric_1,20230803,63.464808000000005,334.4538477499999
SRCA_conventional_hydroelectric_1,20230803,189.2940288,279.3179914666666
SRCE_conventional_hydroelectric_1,20230803,629.6321941360553,1793.6518549529223
SRSE_conventional_hydroelectric_1,20230803,339.26856000000004,620.4726800000001
SRSG_conventional_hydroelectric_1,20230803,493.7716813007719,801.4226681330239
TRE_conventional_hydroelectric_1,20230803,0.0,43.042228625
BASN_conventional_hydroelectric_1,20230831,478.6780583802056,967.5253007924216
CANO_conventional_hydroelectric_1,20230831,1129.8704615329707,2200.275281027614
CASO_conventional_hydroelectric_1,20230831,133.14819911912974,288.7808115304679
FRCC_conventional_hydroelectric_1,20230831,9.03495,13.0906
ISNE_conventional_hydroelectric_1,20230831,247.30559023929814,409.48304370500745
MISC_conventional_hydroelectric_1,20230831,81.83946927706924,166.9550090880105
MISE_conventional_hydroelectric_1,20230831,3.1847799999999995,11.044850416666666
MISS_conventional_hydroelectric_1,20230831,41.742747768595045,151.78706657355372
MISW_conventional_hydroelectric_1,20230831,24.311041099026905,33.49721331043694
NWPP_conventional_hydroelectric_1,20230831,9075.402043760789,16015.215649018344
NYUP_conventional_hydroelectric_1,20230831,1670.048490750748,2129.1604239334006
PJMC_conventional_hydroelectric_1,20230831,2.6839992,3.651711975
PJMD_conventional_hydroelectric_1,20230831,27.650810000000003,66.91986500000002
PJME_conventional_hydroelectric_1,20230831,131.8772462573647,411.11147727137643
PJMW_conventional_hydroelectric_1,20230831,183.88353914388082,268.7488552869445
RMRG_conventional_hydroelectric_1,20230831,22.16366756722005,202.99530294710442
SPPC_conventional_hydroelectric_1,20230831,1.7835999999999999,7.2709
SPPN_conventional_hydroelectric_1,20230831,656.3349318606441,1123.6795116496319
SPPS_conventional_hydroelectric_1,20230831,63.464808000000005,334.5793715
SRCA_conventional_hydroelectric_1,20230831,189.2940288,279.3549168
SRCE_conventional_hydroelectric_1,20230831,629.6321941360553,1793.8753649686848
SRSE_conventional_hydroelectric_1,20230831,339.26856000000004,620.52017
SRSG_conventional_hydroelectric_1,20230831,493.7716813007719,801.3943347214766
TRE_conventional_hydroelectric_1,20230831,0.0,43.05832895833333
BASN_conventional_hydroelectric_1,20230906,478.6780583802056,967.5073307344526
CANO_conventional_hydroelectric_1,20230906,1129.8704615329707,2200.031082360947
CASO_conventional_hydroelectric_1,20230906,133.14819911912974,288.7567379937207
FRCC_conventional_hydroelectric_1,20230906,9.03495,13.091143749999999
ISNE_conventional_hydroelectric_1,20230906,247.30559023929814,409.46202059422285
MISC_conventional_hydroelectric_1,20230906,81.83946927706924,166.96775886288768
MISE_conventional_hydroelectric_1,20230906,3.1847799999999995,11.043908333333333
MISS_conventional_hydroelectric_1,20230906,41.742747768595045,151.82874819214877
MISW_conventional_hydroelectric_1,20230906,24.311041099026905,33.49659267162755
NWPP_conventional_hydroelectric_1,20230906,9075.402043760789,16013.37592027885
NYUP_conventional_hydroelectric_1,20230906,1670.048490750748,2129.153775090103
PJMC_conventional_hydroelectric_1,20230906,2.6839992,3.6515719499999997
PJMD_conventional_hydroelectric_1,20230906,27.650810000000003,66.93519250000001
PJME_conventional_hydroelectric_1,20230906,131.8772462573647,411.06993999056465
PJMW_conventional_hydroelectric_1,20230906,183.88353914388082,268.73932751650005
RMRG_conventional_hydroelectric_1,20230906,22.16366756722005,202.99991836978427
SPPC_conventional_hydroelectric_1,20230906,1.7835999999999999,7.271116666666667
SPPN_conventional_hydroelectric_1,20230906,656.3349318606441,1123.6945675577902
SPPS_conventional_hydroelectric_1,20230906,63.464808000000005,334.67979049999997
SRCA_conventional_hydroelectric_1,20230906,189.2940288,279.37707199999994
SRCE_conventional_hydroelectric_1,20230906,629.6321941360553,1794.1400652594468
SRSE_conventional_hydroelectric_1,20230906,339.26856000000004,620.61515
SRSG_conventional_hydroelectric_1,20230906,493.7716813007719,801.3554456726141
TRE_conventional_hydroelectric_1,20230906,0.0,43.07442929166666
BASN_conventional_hydroelectric_1,20230912,478.6780583802056,967.4586517282952
CANO_conventional_hydroelectric_1,20230912,1129.8704615329707,2199.7401258619643
CASO_conventional_hydroelectric_1,20230912,133.14819911912974,288.7301989395949
FRCC_conventional_hydroelectric_1,20230912,9.03495,13.091325
ISNE_conventional_hydroelectric_1,20230912,247.39233994047342,409.4444976718672
MISC_conventional_hydroelectric_1,20230912,81.83946927706924,166.97368161462384
MISE_conventional_hydroelectric_1,20230912,3.1847799999999995,11.04337
MISS_conventional_hydroelectric_1,20230912,41.742747768595045,151.8736692107438
MISW_conventional_hydroelectric_1,20230912,24.311041099026905,33.49663700973097
NWPP_conventional_hydroelectric_1,20230912,9075.402043760789,16011.309825517355
NYUP_conventional_hydroelectric_1,20230912,1670.048490750748,2129.1565030648617
PJMC_conventional_hydroelectric_1,20230912,2.6851194,3.651525275
PJMD_conventional_hydroelectric_1,20230912,27.650810000000003,66.95052000000001
PJME_conventional_hydroelectric_1,20230912,131.8772462573647,411.0269585091264
PJMW_conventional_hydroelectric_1,20230912,183.88353914388082,268.73607709032626
RMRG_conventional_hydroelectric_1,20230912,22.16366756722005,202.9975836448398
SPPC_conventional_hydroelectric_1,20230912,1.7835999999999999,7.27285
SPPN_conventional_hydroelectric_1,20230912,656.3349318606441,1123.7244100328487
SPPS_conventional_hydroelectric_1,20230912,63.464808000000005,334.79694599999993
SRCA_conventional_hydroelectric_1,20230912,189.2940288,279.4139973333333
SRCE_conventional_hydroelectric_1,20230912,629.6321941360553,1794.344498386078
SRSE_conventional_hydroelectric_1,20230912,339.26856000000004,620.6943
SRSG_conventional_hydroelectric_1,20230912,493.7716813007719,801.328788787489
TRE_conventional_hydroelectric_1,20230912,0.0,43.09052962500001
BASN_conventional_hydroelectric_1,20231005,478.6780583802056,967.4205234707928
CANO_conventional_hydroelectric_1,20231005,1129.8704615329707,2199.4959271952976
CASO_conventional_hydroelectric_1,20231005,133.14819911912974,288.695581819227
FRCC_conventional_hydroelectric_1,20231005,9.03495,13.091868749999998
ISNE_conventional_hydroelectric_1,20231005,247.43255988399275,409.43329672745404
MISC_conventional_hydroelectric_1,20231005,81.83946927706924,166.98405094946494
MISE_conventional_hydroelectric_1,20231005,3.1847799999999995,11.042966249999997
MISS_conventional_hydroelectric_1,20231005,41.742747768595045,151.9153039785124
MISW_conventional_hydroelectric_1,20231005,24.311041099026905,33.49664297195192
NWPP_conventional_hydroelectric_1,20231005,9075.402043760789,16009.09072616686
NYUP_conventional_hydroelectric_1,20231005,1670.048490750748,2129.180081603969
PJMC_conventional_hydroelectric_1,20231005,2.6862396,3.651338575
PJMD_conventional_hydroelectric_1,20231005,27.650810000000003,66.97351125
PJME_conventional_hydroelectric_1,20231005,131.8772462573647,410.97883038936175
PJMW_conventional_hydroelectric_1,20231005,183.88353914388082,268.73979712678357
RMRG_conventional_hydroelectric_1,20231005,22.16366756722005,203.001155686562
SPPC_conventional_hydroelectric_1,20231005,1.7835999999999999,7.274366666666666
SPPN_conventional_hydroelectric_1,20231005,656.3349318606441,1123.7573175577902
SPPS_conventional_hydroelectric_1,20231005,63.464808000000005,334.92246975
SRCA_conventional_hydroelectric_1,20231005,189.2940288,279.45830773333336
SRCE_conventional_hydroelectric_1,20231005,629.6321941360553,1794.569526650209
SRSE_conventional_hydroelectric_1,20231005,339.26856000000004,620.7576200000001
SRSG_conventional_hydroelectric_1,20231005,493.7716813007719,801.300768598463
TRE_conventional_hydroelectric_1,20231005,0.0,43.10461741666666
BASN_conventional_hydroelectric_1,20231020,478.6780583802056,967.3750454915173
CANO_conventional_hydroelectric_1,20231020,1129.8704615329707,2199.226920429038
CASO_conventional_hydroelectric_1,20231020,133.14819911912974,288.6714079534801
FRCC_conventional_hydroelectric_1,20231020,9.03495,13.0924125
ISNE_conventional_hydroelectric_1,20231020,247.43255988399275,409.41461376215864
MISC_conventional_hydroelectric_1,20231020,81.83946927706924,166.9949079581623
MISE_conventional_hydroelectric_1,20231020,3.1847799999999995,11.042024166666666
MISS_conventional_hydroelectric_1,20231020,41.742747768595045,151.95565369504132
MISW_conventional_hydroelectric_1,20231020,24.311041099026905,33.49687706010304
NWPP_conventional_hydroelectric_1,20231020,9075.402043760789,16006.984809827367
NYUP_conventional_hydroelectric_1,20231020,1670.048490750748,2129.1879119136443
PJMC_conventional_hydroelectric_1,20231020,2.6873598,3.6511985499999997
PJMD_conventional_hydroelectric_1,20231020,27.650810000000003,66.99139333333333
PJME_conventional_hydroelectric_1,20231020,131.8772462573647,410.93967273702344
PJMW_conventional_hydroelectric_1,20231020,183.88353914388082,268.7306597133698
RMRG_conventional_hydroelectric_1,20231020,22.16366756722005,203.0108112544905
SPPC_conventional_hydroelectric_1,20231020,1.7835999999999999,7.275233333333333
SPPN_conventional_hydroelectric_1,20231020,656.3349318606441,1123.7700746785363
SPPS_conventional_hydroelectric_1,20231020,63.464808000000005,335.0312569999999
SRCA_conventional_hydroelectric_1,20231020,189.2940288,279.4730778666667
SRCE_conventional_hydroelectric_1,20231020,629.6321941360553,1794.812872679286
SRSE_conventional_hydroelectric_1,20231020,339.26856000000004,620.83677
SRSG_conventional_hydroelectric_1,20231020,493.7716813007719,801.2728036163445
TRE_conventional_hydroelectric_1,20231020,0.0,43.11870520833334
BASN_conventional_hydroelectric_1,20231121,478.6780583802056,967.2952033692114
CANO_conventional_hydroelectric_1,20231121,1129.8704615329707,2198.6698155306644
CASO_conventional_hydroelectric_1,20231121,133.14819911912974,288.60953026886
FRCC_conventional_hydroelectric_1,20231121,9.03495,13.0931375
ISNE_conventional_hydroelectric_1,20231121,247.5595295286873,409.3799351790184
MISC_conventional_hydroelectric_1,20231121,81.83946927706924,167.01452584075128
MISE_conventional_hydroelectric_1,20231121,3.1847799999999995,11.040947499999998
MISS_conventional_hydroelectric_1,20231121,41.742747768595045,152.0394452826446
MISW_conventional_hydroelectric_1,20231121,24.311041099026905,33.495304500667814
NWPP_conventional_hydroelectric_1,20231121,9075.402043760789,16002.679704926377
NYUP_conventional_hydroelectric_1,20231121,1670.048490750748,2129.1856096096035
PJMC_conventional_hydroelectric_1,20231121,2.6884799999999998,3.6509185000000004
PJMD_conventional_hydroelectric_1,20231121,27.650810000000003,67.0271575
PJME_conventional_hydroelectric_1,20231121,131.8772462573647,410.8472569881588
PJMW_conventional_hydroelectric_1,20231121,183.88353914388082,268.7145852071155
RMRG_conventional_hydroelectric_1,20231121,22.16366756722005,203.0180437177047
SPPC_conventional_hydroelectric_1,20231121,1.7835999999999999,7.277616666666666
SPPN_conventional_hydroelectric_1,20231121,656.3349318606441,1123.8246651326153
SPPS_conventional_hydroelectric_1,20231121,63.464808000000005,335.25719975000004
SRCA_conventional_hydroelectric_1,20231121,189.2940288,279.5321584
SRCE_conventional_hydroelectric_1,20231121,629.6321941360553,1795.241574945864
SRSE_conventional_hydroelectric_1,20231121,339.26856000000004,620.9792400000001
SRSG_conventional_hydroelectric_1,20231121,493.7716813007719,801.2286269726015
TRE_conventional_hydroelectric_1,20231121,0.0,43.152918416666665
BASN_conventional_hydroelectric_1,20231129,478.6780583802056,967.3356942413878
CANO_conventional_hydroelectric_1,20231129,1129.8704615329707,2198.908297463591
CASO_conventional_hydroelectric_1,20231129,133.14819911912974,288.63875086406654
FRCC_conventional_hydroelectric_1,20231129,9.03495,13.092775
ISNE_conventional_hydroelectric_1,20231129,247.51930958516806,409.3964365550985
MISC_conventional_hydroelectric_1,20231129,81.83946927706924,167.00284138879672
MISE_conventional_hydroelectric_1,20231129,3.1847799999999995,11.041485833333333
MISS_conventional_hydroelectric_1,20231129,41.742747768595045,151.99986079628098
MISW_conventional_hydroelectric_1,20231129,24.311041099026905,33.49648473650067
NWPP_conventional_hydroelectric_1,20231129,9075.402043760789,16004.908759671374
NYUP_conventional_hydroelectric_1,20231129,1670.048490750748,2129.1786309587924
PJMC_conventional_hydroelectric_1,20231129,2.6884799999999998,3.6511052000000004
PJMD_conventional_hydroelectric_1,20231129,27.650810000000003,67.00927541666667
PJME_conventional_hydroelectric_1,20231129,131.8772462573647,410.8874220701058
PJMW_conventional_hydroelectric_1,20231129,183.88353914388082,268.7181884493054
RMRG_conventional_hydroelectric_1,20231129,22.16366756722005,203.0153382974005
SPPC_conventional_hydroelectric_1,20231129,1.7835999999999999,7.276966666666667
SPPN_conventional_hydroelectric_1,20231129,656.3349318606441,1123.8223663452027
SPPS_conventional_hydroelectric_1,20231129,63.464808000000005,335.131676
SRCA_conventional_hydroelectric_1,20231129,189.2940288,279.4952330666667
SRCE_conventional_hydroelectric_1,20231129,629.6321941360553,1795.0180649301017
SRSE_conventional_hydroelectric_1,20231129,339.26856000000004,620.9159200000001
SRSG_conventional_hydroelectric_1,20231129,493.7716813007719,801.2560207165841
TRE_conventional_hydroelectric_1,20231129,0.0,43.13681808333333
BASN_conventional_hydroelectric_1,20231218,478.6780583802056,967.2180401991446
CANO_conventional_hydroelectric_1,20231218,1129.8704615329707,2198.106993898552
CASO_conventional_hydroelectric_1,20231218,133.14819911912974,288.5450379291589
FRCC_conventional_hydroelectric_1,20231218,9.03495,13.094225
ISNE_conventional_hydroelectric_1,20231218,247.64627922986259,409.34668957754513
MISC_conventional_hydroelectric_1,20231218,81.83946927706924,167.03153855070158
MISE_conventional_hydroelectric_1,20231218,3.1847799999999995,11.039467083333333
MISS_conventional_hydroelectric_1,20231218,41.742747768595045,152.12390616776858
MISW_conventional_hydroelectric_1,20231218,24.311041099026905,33.49473056592254
NWPP_conventional_hydroelectric_1,20231218,9075.402043760789,15998.88706443639
NYUP_conventional_hydroelectric_1,20231218,1670.048490750748,2129.220583172901
PJMC_conventional_hydroelectric_1,20231218,2.6907204,3.6507318000000004
PJMD_conventional_hydroelectric_1,20231218,27.650810000000003,67.06036708333333
PJME_conventional_hydroelectric_1,20231218,131.8772462573647,410.7630369439617
PJMW_conventional_hydroelectric_1,20231218,183.88353914388082,268.7095331598466
RMRG_conventional_hydroelectric_1,20231218,22.16366756722005,203.02527618091887
SPPC_conventional_hydroelectric_1,20231218,1.7835999999999999,7.2806500000000005
SPPN_conventional_hydroelectric_1,20231218,656.3349318606441,1123.8800218491654
SPPS_conventional_hydroelectric_1,20231218,63.464808000000005,335.4831425
SRCA_conventional_hydroelectric_1,20231218,189.2940288,279.6060090666667
SRCE_conventional_hydroelectric_1,20231218,629.6321941360553,1795.6702772124413
SRSE_conventional_hydroelectric_1,20231218,339.26856000000004,621.15337
SRSG_conventional_hydroelectric_1,20231218,493.7716813007719,801.1723285789355
TRE_conventional_hydroelectric_1,20231218,0.0,43.185119083333326
BASN_conventional_hydroelectric_1,20231228,478.6780583802056,967.2541124305588
CANO_conventional_hydroelectric_1,20231228,1129.8704615329707,2198.3731422979413
CASO_conventional_hydroelectric_1,20231228,133.14819911912974,288.57927181082516
FRCC_conventional_hydroelectric_1,20231228,9.03495,13.093681250000001
ISNE_conventional_hydroelectric_1,20231228,247.5936803733819,409.36048354656515
MISC_conventional_hydroelectric_1,20231228,81.83946927706924,167.02343585163518
MISE_conventional_hydroelectric_1,20231228,3.1847799999999995,11.040140000000001
MISS_conventional_hydroelectric_1,20231228,41.742747768595045,152.08241418347106
MISW_conventional_hydroelectric_1,20231228,24.311041099026905,33.49487124594543
NWPP_conventional_hydroelectric_1,20231228,9075.402043760789,16000.337467170384
NYUP_conventional_hydroelectric_1,20231228,1670.048490750748,2129.2160839508592
PJMC_conventional_hydroelectric_1,20231228,2.6896002,3.650685125
PJMD_conventional_hydroelectric_1,20231228,27.650810000000003,67.04503958333333
PJME_conventional_hydroelectric_1,20231228,131.8772462573647,410.80120977881467
PJMW_conventional_hydroelectric_1,20231228,183.88353914388082,268.71171262430073
RMRG_conventional_hydroelectric_1,20231228,22.16366756722005,203.02066075823905
SPPC_conventional_hydroelectric_1,20231228,1.7835999999999999,7.278916666666666
SPPN_conventional_hydroelectric_1,20231228,656.3349318606441,1123.8552738701446
SPPS_conventional_hydroelectric_1,20231228,63.464808000000005,335.365987
SRCA_conventional_hydroelectric_1,20231228,189.2940288,279.56908373333334
SRCE_conventional_hydroelectric_1,20231228,629.6321941360553,1795.4452489483103
SRSE_conventional_hydroelectric_1,20231228,339.26856000000004,621.0742200000001
SRSG_conventional_hydroelectric_1,20231228,493.7716813007719,801.1907327982109
TRE_conventional_hydroelectric_1,20231228,0.0,43.16700620833334
