timepoint_id,timestamp,timeseries,tp_date
1,202300,20230103,20230103
2,202300,20230130,20230130
3,202300,20230213,20230213
4,202300,20230216,20230216
5,202300,20230306,20230306
6,202300,20230315,20230315
7,202300,20230403,20230403
8,202300,20230410,20230410
9,202300,20230530,20230530
10,202300,20230517,20230517
11,202300,20230630,20230630
12,202300,20230615,20230615
13,202300,20230727,20230727
14,202300,20230710,20230710
15,202300,20230803,20230803
16,202300,20230831,20230831
17,202300,20230906,20230906
18,202300,20230912,20230912
19,202300,20231005,20231005
20,202300,20231020,20231020
21,202300,20231129,20231129
22,202300,20231121,20231121
23,202300,20231228,20231228
24,202300,20231218,20231218
25,202301,20230103,20230103
26,202301,20230130,20230130
27,202301,20230213,20230213
28,202301,20230216,20230216
29,202301,20230306,20230306
30,202301,20230315,20230315
31,202301,20230403,20230403
32,202301,20230410,20230410
33,202301,20230530,20230530
34,202301,20230517,20230517
35,202301,20230630,20230630
36,202301,20230615,20230615
37,202301,20230727,20230727
38,202301,20230710,20230710
39,202301,20230803,20230803
40,202301,20230831,20230831
41,202301,20230906,20230906
42,202301,20230912,20230912
43,202301,20231005,20231005
44,202301,20231020,20231020
45,202301,20231129,20231129
46,202301,20231121,20231121
47,202301,20231228,20231228
48,202301,20231218,20231218
49,202302,20230103,20230103
50,202302,20230130,20230130
51,202302,20230213,20230213
52,202302,20230216,20230216
53,202302,20230306,20230306
54,202302,20230315,20230315
55,202302,20230403,20230403
56,202302,20230410,20230410
57,202302,20230530,20230530
58,202302,20230517,20230517
59,202302,20230630,20230630
60,202302,20230615,20230615
61,202302,20230727,20230727
62,202302,20230710,20230710
63,202302,20230803,20230803
64,202302,20230831,20230831
65,202302,20230906,20230906
66,202302,20230912,20230912
67,202302,20231005,20231005
68,202302,20231020,20231020
69,202302,20231129,20231129
70,202302,20231121,20231121
71,202302,20231228,20231228
72,202302,20231218,20231218
73,202303,20230103,20230103
74,202303,20230130,20230130
75,202303,20230213,20230213
76,202303,20230216,20230216
77,202303,20230306,20230306
78,202303,20230315,20230315
79,202303,20230403,20230403
80,202303,20230410,20230410
81,202303,20230530,20230530
82,202303,20230517,20230517
83,202303,20230630,20230630
84,202303,20230615,20230615
85,202303,20230727,20230727
86,202303,20230710,20230710
87,202303,20230803,20230803
88,202303,20230831,20230831
89,202303,20230906,20230906
90,202303,20230912,20230912
91,202303,20231005,20231005
92,202303,20231020,20231020
93,202303,20231129,20231129
94,202303,20231121,20231121
95,202303,20231228,20231228
96,202303,20231218,20231218
97,202304,20230103,20230103
98,202304,20230130,20230130
99,202304,20230213,20230213
100,202304,20230216,20230216
101,202304,20230306,20230306
102,202304,20230315,20230315
103,202304,20230403,20230403
104,202304,20230410,20230410
105,202304,20230530,20230530
106,202304,20230517,20230517
107,202304,20230630,20230630
108,202304,20230615,20230615
109,202304,20230727,20230727
110,202304,20230710,20230710
111,202304,20230803,20230803
112,202304,20230831,20230831
113,202304,20230906,20230906
114,202304,20230912,20230912
115,202304,20231005,20231005
116,202304,20231020,20231020
117,202304,20231129,20231129
118,202304,20231121,20231121
119,202304,20231228,20231228
120,202304,20231218,20231218
121,202305,20230103,20230103
122,202305,20230130,20230130
123,202305,20230213,20230213
124,202305,20230216,20230216
125,202305,20230306,20230306
126,202305,20230315,20230315
127,202305,20230403,20230403
128,202305,20230410,20230410
129,202305,20230530,20230530
130,202305,20230517,20230517
131,202305,20230630,20230630
132,202305,20230615,20230615
133,202305,20230727,20230727
134,202305,20230710,20230710
135,202305,20230803,20230803
136,202305,20230831,20230831
137,202305,20230906,20230906
138,202305,20230912,20230912
139,202305,20231005,20231005
140,202305,20231020,20231020
141,202305,20231129,20231129
142,202305,20231121,20231121
143,202305,20231228,20231228
144,202305,20231218,20231218
145,202306,20230103,20230103
146,202306,20230130,20230130
147,202306,20230213,20230213
148,202306,20230216,20230216
149,202306,20230306,20230306
150,202306,20230315,20230315
151,202306,20230403,20230403
152,202306,20230410,20230410
153,202306,20230530,20230530
154,202306,20230517,20230517
155,202306,20230630,20230630
156,202306,20230615,20230615
157,202306,20230727,20230727
158,202306,20230710,20230710
159,202306,20230803,20230803
160,202306,20230831,20230831
161,202306,20230906,20230906
162,202306,20230912,20230912
163,202306,20231005,20231005
164,202306,20231020,20231020
165,202306,20231129,20231129
166,202306,20231121,20231121
167,202306,20231228,20231228
168,202306,20231218,20231218
169,202307,20230103,20230103
170,202307,20230130,20230130
171,202307,20230213,20230213
172,202307,20230216,20230216
173,202307,20230306,20230306
174,202307,20230315,20230315
175,202307,20230403,20230403
176,202307,20230410,20230410
177,202307,20230530,20230530
178,202307,20230517,20230517
179,202307,20230630,20230630
180,202307,20230615,20230615
181,202307,20230727,20230727
182,202307,20230710,20230710
183,202307,20230803,20230803
184,202307,20230831,20230831
185,202307,20230906,20230906
186,202307,20230912,20230912
187,202307,20231005,20231005
188,202307,20231020,20231020
189,202307,20231129,20231129
190,202307,20231121,20231121
191,202307,20231228,20231228
192,202307,20231218,20231218
193,202308,20230103,20230103
194,202308,20230130,20230130
195,202308,20230213,20230213
196,202308,20230216,20230216
197,202308,20230306,20230306
198,202308,20230315,20230315
199,202308,20230403,20230403
200,202308,20230410,20230410
201,202308,20230530,20230530
202,202308,20230517,20230517
203,202308,20230630,20230630
204,202308,20230615,20230615
205,202308,20230727,20230727
206,202308,20230710,20230710
207,202308,20230803,20230803
208,202308,20230831,20230831
209,202308,20230906,20230906
210,202308,20230912,20230912
211,202308,20231005,20231005
212,202308,20231020,20231020
213,202308,20231129,20231129
214,202308,20231121,20231121
215,202308,20231228,20231228
216,202308,20231218,20231218
217,202309,20230103,20230103
218,202309,20230130,20230130
219,202309,20230213,20230213
220,202309,20230216,20230216
221,202309,20230306,20230306
222,202309,20230315,20230315
223,202309,20230403,20230403
224,202309,20230410,20230410
225,202309,20230530,20230530
226,202309,20230517,20230517
227,202309,20230630,20230630
228,202309,20230615,20230615
229,202309,20230727,20230727
230,202309,20230710,20230710
231,202309,20230803,20230803
232,202309,20230831,20230831
233,202309,20230906,20230906
234,202309,20230912,20230912
235,202309,20231005,20231005
236,202309,20231020,20231020
237,202309,20231129,20231129
238,202309,20231121,20231121
239,202309,20231228,20231228
240,202309,20231218,20231218
241,202310,20230103,20230103
242,202310,20230130,20230130
243,202310,20230213,20230213
244,202310,20230216,20230216
245,202310,20230306,20230306
246,202310,20230315,20230315
247,202310,20230403,20230403
248,202310,20230410,20230410
249,202310,20230530,20230530
250,202310,20230517,20230517
251,202310,20230630,20230630
252,202310,20230615,20230615
253,202310,20230727,20230727
254,202310,20230710,20230710
255,202310,20230803,20230803
256,202310,20230831,20230831
257,202310,20230906,20230906
258,202310,20230912,20230912
259,202310,20231005,20231005
260,202310,20231020,20231020
261,202310,20231129,20231129
262,202310,20231121,20231121
263,202310,20231228,20231228
264,202310,20231218,20231218
265,202311,20230103,20230103
266,202311,20230130,20230130
267,202311,20230213,20230213
268,202311,20230216,20230216
269,202311,20230306,20230306
270,202311,20230315,20230315
271,202311,20230403,20230403
272,202311,20230410,20230410
273,202311,20230530,20230530
274,202311,20230517,20230517
275,202311,20230630,20230630
276,202311,20230615,20230615
277,202311,20230727,20230727
278,202311,20230710,20230710
279,202311,20230803,20230803
280,202311,20230831,20230831
281,202311,20230906,20230906
282,202311,20230912,20230912
283,202311,20231005,20231005
284,202311,20231020,20231020
285,202311,20231129,20231129
286,202311,20231121,20231121
287,202311,20231228,20231228
288,202311,20231218,20231218
289,202312,20230103,20230103
290,202312,20230130,20230130
291,202312,20230213,20230213
292,202312,20230216,20230216
293,202312,20230306,20230306
294,202312,20230315,20230315
295,202312,20230403,20230403
296,202312,20230410,20230410
297,202312,20230530,20230530
298,202312,20230517,20230517
299,202312,20230630,20230630
300,202312,20230615,20230615
301,202312,20230727,20230727
302,202312,20230710,20230710
303,202312,20230803,20230803
304,202312,20230831,20230831
305,202312,20230906,20230906
306,202312,20230912,20230912
307,202312,20231005,20231005
308,202312,20231020,20231020
309,202312,20231129,20231129
310,202312,20231121,20231121
311,202312,20231228,20231228
312,202312,20231218,20231218
313,202313,20230103,20230103
314,202313,20230130,20230130
315,202313,20230213,20230213
316,202313,20230216,20230216
317,202313,20230306,20230306
318,202313,20230315,20230315
319,202313,20230403,20230403
320,202313,20230410,20230410
321,202313,20230530,20230530
322,202313,20230517,20230517
323,202313,20230630,20230630
324,202313,20230615,20230615
325,202313,20230727,20230727
326,202313,20230710,20230710
327,202313,20230803,20230803
328,202313,20230831,20230831
329,202313,20230906,20230906
330,202313,20230912,20230912
331,202313,20231005,20231005
332,202313,20231020,20231020
333,202313,20231129,20231129
334,202313,20231121,20231121
335,202313,20231228,20231228
336,202313,20231218,20231218
337,202314,20230103,20230103
338,202314,20230130,20230130
339,202314,20230213,20230213
340,202314,20230216,20230216
341,202314,20230306,20230306
342,202314,20230315,20230315
343,202314,20230403,20230403
344,202314,20230410,20230410
345,202314,20230530,20230530
346,202314,20230517,20230517
347,202314,20230630,20230630
348,202314,20230615,20230615
349,202314,20230727,20230727
350,202314,20230710,20230710
351,202314,20230803,20230803
352,202314,20230831,20230831
353,202314,20230906,20230906
354,202314,20230912,20230912
355,202314,20231005,20231005
356,202314,20231020,20231020
357,202314,20231129,20231129
358,202314,20231121,20231121
359,202314,20231228,20231228
360,202314,20231218,20231218
361,202315,20230103,20230103
362,202315,20230130,20230130
363,202315,20230213,20230213
364,202315,20230216,20230216
365,202315,20230306,20230306
366,202315,20230315,20230315
367,202315,20230403,20230403
368,202315,20230410,20230410
369,202315,20230530,20230530
370,202315,20230517,20230517
371,202315,20230630,20230630
372,202315,20230615,20230615
373,202315,20230727,20230727
374,202315,20230710,20230710
375,202315,20230803,20230803
376,202315,20230831,20230831
377,202315,20230906,20230906
378,202315,20230912,20230912
379,202315,20231005,20231005
380,202315,20231020,20231020
381,202315,20231129,20231129
382,202315,20231121,20231121
383,202315,20231228,20231228
384,202315,20231218,20231218
385,202316,20230103,20230103
386,202316,20230130,20230130
387,202316,20230213,20230213
388,202316,20230216,20230216
389,202316,20230306,20230306
390,202316,20230315,20230315
391,202316,20230403,20230403
392,202316,20230410,20230410
393,202316,20230530,20230530
394,202316,20230517,20230517
395,202316,20230630,20230630
396,202316,20230615,20230615
397,202316,20230727,20230727
398,202316,20230710,20230710
399,202316,20230803,20230803
400,202316,20230831,20230831
401,202316,20230906,20230906
402,202316,20230912,20230912
403,202316,20231005,20231005
404,202316,20231020,20231020
405,202316,20231129,20231129
406,202316,20231121,20231121
407,202316,20231228,20231228
408,202316,20231218,20231218
409,202317,20230103,20230103
410,202317,20230130,20230130
411,202317,20230213,20230213
412,202317,20230216,20230216
413,202317,20230306,20230306
414,202317,20230315,20230315
415,202317,20230403,20230403
416,202317,20230410,20230410
417,202317,20230530,20230530
418,202317,20230517,20230517
419,202317,20230630,20230630
420,202317,20230615,20230615
421,202317,20230727,20230727
422,202317,20230710,20230710
423,202317,20230803,20230803
424,202317,20230831,20230831
425,202317,20230906,20230906
426,202317,20230912,20230912
427,202317,20231005,20231005
428,202317,20231020,20231020
429,202317,20231129,20231129
430,202317,20231121,20231121
431,202317,20231228,20231228
432,202317,20231218,20231218
433,202318,20230103,20230103
434,202318,20230130,20230130
435,202318,20230213,20230213
436,202318,20230216,20230216
437,202318,20230306,20230306
438,202318,20230315,20230315
439,202318,20230403,20230403
440,202318,20230410,20230410
441,202318,20230530,20230530
442,202318,20230517,20230517
443,202318,20230630,20230630
444,202318,20230615,20230615
445,202318,20230727,20230727
446,202318,20230710,20230710
447,202318,20230803,20230803
448,202318,20230831,20230831
449,202318,20230906,20230906
450,202318,20230912,20230912
451,202318,20231005,20231005
452,202318,20231020,20231020
453,202318,20231129,20231129
454,202318,20231121,20231121
455,202318,20231228,20231228
456,202318,20231218,20231218
457,202319,20230103,20230103
458,202319,20230130,20230130
459,202319,20230213,20230213
460,202319,20230216,20230216
461,202319,20230306,20230306
462,202319,20230315,20230315
463,202319,20230403,20230403
464,202319,20230410,20230410
465,202319,20230530,20230530
466,202319,20230517,20230517
467,202319,20230630,20230630
468,202319,20230615,20230615
469,202319,20230727,20230727
470,202319,20230710,20230710
471,202319,20230803,20230803
472,202319,20230831,20230831
473,202319,20230906,20230906
474,202319,20230912,20230912
475,202319,20231005,20231005
476,202319,20231020,20231020
477,202319,20231129,20231129
478,202319,20231121,20231121
479,202319,20231228,20231228
480,202319,20231218,20231218
481,202320,20230103,20230103
482,202320,20230130,20230130
483,202320,20230213,20230213
484,202320,20230216,20230216
485,202320,20230306,20230306
486,202320,20230315,20230315
487,202320,20230403,20230403
488,202320,20230410,20230410
489,202320,20230530,20230530
490,202320,20230517,20230517
491,202320,20230630,20230630
492,202320,20230615,20230615
493,202320,20230727,20230727
494,202320,20230710,20230710
495,202320,20230803,20230803
496,202320,20230831,20230831
497,202320,20230906,20230906
498,202320,20230912,20230912
499,202320,20231005,20231005
500,202320,20231020,20231020
501,202320,20231129,20231129
502,202320,20231121,20231121
503,202320,20231228,20231228
504,202320,20231218,20231218
505,202321,20230103,20230103
506,202321,20230130,20230130
507,202321,20230213,20230213
508,202321,20230216,20230216
509,202321,20230306,20230306
510,202321,20230315,20230315
511,202321,20230403,20230403
512,202321,20230410,20230410
513,202321,20230530,20230530
514,202321,20230517,20230517
515,202321,20230630,20230630
516,202321,20230615,20230615
517,202321,20230727,20230727
518,202321,20230710,20230710
519,202321,20230803,20230803
520,202321,20230831,20230831
521,202321,20230906,20230906
522,202321,20230912,20230912
523,202321,20231005,20231005
524,202321,20231020,20231020
525,202321,20231129,20231129
526,202321,20231121,20231121
527,202321,20231228,20231228
528,202321,20231218,20231218
529,202322,20230103,20230103
530,202322,20230130,20230130
531,202322,20230213,20230213
532,202322,20230216,20230216
533,202322,20230306,20230306
534,202322,20230315,20230315
535,202322,20230403,20230403
536,202322,20230410,20230410
537,202322,20230530,20230530
538,202322,20230517,20230517
539,202322,20230630,20230630
540,202322,20230615,20230615
541,202322,20230727,20230727
542,202322,20230710,20230710
543,202322,20230803,20230803
544,202322,20230831,20230831
545,202322,20230906,20230906
546,202322,20230912,20230912
547,202322,20231005,20231005
548,202322,20231020,20231020
549,202322,20231129,20231129
550,202322,20231121,20231121
551,202322,20231228,20231228
552,202322,20231218,20231218
553,202323,20230103,20230103
554,202323,20230130,20230130
555,202323,20230213,20230213
556,202323,20230216,20230216
557,202323,20230306,20230306
558,202323,20230315,20230315
559,202323,20230403,20230403
560,202323,20230410,20230410
561,202323,20230530,20230530
562,202323,20230517,20230517
563,202323,20230630,20230630
564,202323,20230615,20230615
565,202323,20230727,20230727
566,202323,20230710,20230710
567,202323,20230803,20230803
568,202323,20230831,20230831
569,202323,20230906,20230906
570,202323,20230912,20230912
571,202323,20231005,20231005
572,202323,20231020,20231020
573,202323,20231129,20231129
574,202323,20231121,20231121
575,202323,20231228,20231228
576,202323,20231218,20231218