gen_tech,gen_load_zone,gen_energy_source,period,Energy_GWh_typical_yr,VariableCost_per_yr,DispatchEmissions_tCO2_per_typical_yr,GenCapacity_MW,GenCapitalCosts,GenFixedOMCosts,LCOE_dollar_per_MWh,capacity_factor,Store_GWh_typical_yr,Discharge_GWh_typical_yr
Batteries,BASN,Electricity,2023,-48.07912760620039,39740.403911999994,0.0,935.8,0.0,6996040.8,26.556528789283938,0.03231866365645536,313.01515368620034,264.93602608
Batteries,CANO,Electricity,2023,0.0,0.0,0.0,2273.6,0.0,16997433.6,0.0,0.0,0.0,0.0
Batteries,CASO,Electricity,2023,-124.77933482000515,103137.91893716062,0.0,6682.4,0.0,49957622.39999999,72.80653056821605,0.011746001572069382,812.3654610677424,687.5861262477374
Batteries,FRCC,Electricity,2023,-46.339680841809276,38302.64244580799,0.0,555.1999999999999,0.0,4150675.1999999997,16.404786621598742,0.0525029175800669,301.69063048052925,255.35094963871995
Batteries,ISNE,Electricity,2023,-4.492806540714479,3713.585406309318,0.0,344.0,0.0,2571744.0,104.02847801873563,0.008215597095304462,29.2500425827766,24.757236042062125
Batteries,MISC,Electricity,2023,-8.219662425765495,6794.0647237968005,0.0,36.3,0.0,271378.8,6.141526671422607,0.14243844166560957,53.513427251077495,45.293764825311996
Batteries,MISE,Electricity,2023,-0.21116311835196974,174.5395150128,0.0,1.3,0.0,9718.8,8.502377969499284,0.1021773350525868,1.3747598851039697,1.163596766752
Batteries,MISS,Electricity,2023,-3.397195008290361,2807.9939990399994,0.0,10.5,0.0,78498.0,4.343278192198968,0.20352184690799988,22.11715500189036,18.719959993599996
Batteries,MISW,Electricity,2023,-10.658927718804563,8810.2699425744,0.0,31.200000000000003,0.0,233251.2,4.121238137769982,0.2149011700302129,69.39406066930056,58.735132950495995
Batteries,NWPP,Electricity,2023,0.0,0.0,0.0,41.0,0.0,306516.0,0.0,0.0,0.0,0.0
Batteries,NYCW,Electricity,2023,-6.0332503671076365,4986.858506562412,0.0,19.3,0.0,144286.8,4.490010844807218,0.19664091929550967,39.27897374419039,33.245723377082754
Batteries,NYUP,Electricity,2023,-8.70219433064073,7192.907501420226,0.0,170.0,0.0,1270920.0,26.65360788907113,0.032200284800745396,56.65491100677556,47.95271667613484
Batteries,PJMC,Electricity,2023,-23.803838868937866,19675.360565106468,0.0,95.8,0.0,716200.8,5.610134753033365,0.15630085352770012,154.972909302981,131.16907043404314
Batteries,PJMD,Electricity,2023,-10.145332056259505,8385.751027752,0.0,40.5,0.0,302778.0,5.565937087769114,0.1575763729240267,66.05033890793949,55.905006851679985
Batteries,PJME,Electricity,2023,-22.835601143771388,18875.051570398544,0.0,107.00000000000001,0.0,799932.0000000001,6.507058127892916,0.13424821750973123,148.6692782797617,125.83367713599031
Batteries,PJMW,Electricity,2023,-25.485055344224705,21064.991057960728,0.0,97.3,0.0,727414.8,5.329789523754158,0.1647603089588159,165.91832906396291,140.4332737197382
Batteries,RMRG,Electricity,2023,-28.63864607728604,23671.63089825675,0.0,240.2,0.0,1795735.2,11.529033458139823,0.07499966718745245,186.44951873233106,157.81087265504502
Batteries,SPPC,Electricity,2023,-0.6469492134714556,534.74395926,0.0,2.2,0.0,16447.199999999997,4.763572453280339,0.18498110323781125,4.211908941871455,3.5649597283999994
Batteries,SPPN,Electricity,2023,-1.6148021317695869,1334.7348870407998,0.0,4.699999999999999,0.0,35137.2,4.098784175174475,0.21612316207118737,10.513034712041584,8.898232580271998
Batteries,SPPS,Electricity,2023,-7.406764182173752,6122.153519328,0.0,22.0,0.0,164472.0,4.179758470138461,0.21178036564708788,48.22112097769376,40.81435679552
Batteries,SRCA,Electricity,2023,-43.28047307780674,35774.01602837465,0.0,160.8,0.0,1202140.8,5.190561279364773,0.1693112482868027,281.7739132669711,238.49344018916435
Batteries,SRCE,Electricity,2023,-29.22259222475894,24154.298885777294,0.0,122.3,0.0,914314.7999999999,5.827963191916782,0.150304553486771,190.25125146327423,161.02865923851527
Batteries,SRSE,Electricity,2023,-16.408929992632373,13563.006197035196,0.0,86.7,0.0,648169.2,7.318424063778201,0.119053185844249,106.82897130620037,90.42004131356799
Batteries,SRSG,Electricity,2023,-88.74822580264652,73355.95538999999,0.0,1585.8,0.0,11855440.8,24.392286949239615,0.035203927915808356,577.7879284026465,489.03970259999994
Batteries,TRE,Electricity,2023,-456.5211809995018,377343.2886699009,0.0,2405.5,0.0,17983518.0,7.298736392022573,0.11938105917959521,2972.1431054655077,2515.621924466006
Batteries,TREW,Electricity,2023,-371.9595988573701,307447.85593054537,0.0,1712.4,0.0,12801902.399999999,6.395889580813359,0.13663765765200053,2421.611971727673,2049.6523728703023
Biomass,BASN,Waste_biomass,2023,250.82710687871997,1039875.1954280065,0.0,44.6,0.0,7012012.0,32.10134381257788,0.6419999999999999,0.0,0.0
Biomass,CANO,Waste_biomass,2023,2000.9491288185595,11993517.854990805,0.0,677.8,0.0,106563716.0,59.25049874955678,0.33699999999999997,0.0,0.0
Biomass,CASO,Waste_biomass,2023,1409.7676169491197,6196077.745574742,0.0,364.1,0.0,57243802.0,45.000239034334676,0.4419999999999999,0.0,0.0
Biomass,FRCC,Waste_biomass,2023,1933.78613521536,11341603.329716712,0.0,823.7,0.0,129502114.0,72.83314052411042,0.268,0.0,0.0
Biomass,ISNE,Waste_biomass,2023,1990.9574618687993,11714266.756018538,0.0,1196.2000000000003,0.0,188066564.0,100.34409804441304,0.1899999999999999,0.0,0.0
Biomass,MISC,Waste_biomass,2023,729.36015129792,2899540.342006975,0.0,143.8,0.0,22608236.0,34.972813220759406,0.579,0.0,0.0
Biomass,MISE,Waste_biomass,2023,1128.7929370320003,6059729.115951754,0.0,310.5,0.0,48816810.0,48.615239620688776,0.41500000000000015,0.0,0.0
Biomass,MISS,Waste_biomass,2023,912.9331604735997,3338130.5353412353,0.0,372.20000000000005,0.0,58517284.0,67.75459279324751,0.2799999999999999,0.0,0.0
Biomass,MISW,Waste_biomass,2023,1181.9530552895997,5217425.626520447,0.0,613.3000000000002,0.0,96423026.0,85.99364515506643,0.21999999999999992,0.0,0.0
Biomass,NWPP,Waste_biomass,2023,1249.8571457049602,7441580.166115409,0.0,530.4000000000001,0.0,83389488.0,72.67315987130971,0.269,0.0,0.0
Biomass,NYCW,Waste_biomass,2023,455.5196231990399,3109090.1934223957,0.0,124.69999999999999,0.0,19605334.0,49.86486429256922,0.41700000000000004,0.0,0.0
Biomass,NYUP,Waste_biomass,2023,1310.99500470528,7314145.649553299,0.0,304.79999999999995,0.0,47920656.0,42.1319695737288,0.4910000000000001,0.0,0.0
Biomass,PJMC,Waste_biomass,2023,266.4374439859201,1504282.6402711147,0.0,55.2,0.0,8678544.0,38.21845191102053,0.5510000000000002,0.0,0.0
Biomass,PJMD,Waste_biomass,2023,1516.0230293932796,8246696.619385841,0.0,808.7,0.0,127143814.0,89.30636803952103,0.2139999999999999,0.0,0.0
Biomass,PJME,Waste_biomass,2023,2520.821534541119,15483696.990356456,0.0,784.0999999999999,0.0,123276202.0,55.04550682744614,0.367,0.0,0.0
Biomass,PJMW,Waste_biomass,2023,329.82312144959997,1608934.8097742973,0.0,163.70000000000002,0.0,25736914.0,82.91064825772989,0.2299999999999999,0.0,0.0
Biomass,RMRG,Waste_biomass,2023,84.07769613983997,337287.37933759973,0.0,29.9,0.0,4700878.0,59.92273350304468,0.32099999999999995,0.0,0.0
Biomass,SPPC,Waste_biomass,2023,101.86139162879998,426829.190157504,0.0,13.6,0.0,2138192.0,25.181485832285425,0.8549999999999999,0.0,0.0
Biomass,SPPN,Waste_biomass,2023,169.94418624,663977.19164544,0.0,19.400000000000002,0.0,3050068.0,21.85449984385085,1.0,0.0,0.0
Biomass,SPPS,Waste_biomass,2023,258.55615459890004,913617.5822136506,0.0,178.60000000000002,0.0,28079492.0,112.13467197170714,0.1652604166666667,0.0,0.0
Biomass,SRCA,Waste_biomass,2023,1109.9851964207996,6228529.73549853,0.0,618.0999999999999,0.0,97177682.0,93.15999174487804,0.205,0.0,0.0
Biomass,SRCE,Waste_biomass,2023,308.65893825600006,2110383.285946272,0.0,234.9,0.0,36930978.0,126.48705884410704,0.15,0.0,0.0
Biomass,SRSE,Waste_biomass,2023,2615.4848262815995,11242203.283537272,0.0,1350.9999999999998,0.0,212404220.0,85.50859138475387,0.221,0.0,0.0
Biomass,SRSG,Waste_biomass,2023,310.5073002815999,1656447.5425629888,0.0,95.8,0.0,15061676.0,53.84132201529972,0.37,0.0,0.0
Biomass,TRE,Waste_biomass,2023,255.4865559849601,1344537.8821285574,0.0,145.1,0.0,22812622.0,94.55354622867372,0.20100000000000007,0.0,0.0
Conventional Hydroelectric,BASN,Water,2023,8476.739079627061,0.0,0.0,2489.5999999999995,0.0,117130700.79999998,13.817896209818601,0.38868220519095376,0.0,0.0
Conventional Hydroelectric,CANO,Water,2023,19282.207599073183,0.0,0.0,7325.999999999999,0.0,344673648.0,17.875217151824828,0.3004590279555698,0.0,0.0
Conventional Hydroelectric,CASO,Water,2023,2530.5312884858313,0.0,0.0,1021.9999999999999,0.0,48083056.0,19.001170315017514,0.28265471446710017,0.0,0.0
Conventional Hydroelectric,FRCC,Water,2023,114.65869114087498,0.0,0.0,43.5,0.0,2046588.0,17.849392659519086,0.30089373192581886,0.0,0.0
Conventional Hydroelectric,ISNE,Water,2023,3587.469296854979,0.0,0.0,928.2000000000002,0.0,43669953.599999994,12.172913546126809,0.4412066470020146,0.0,0.0
Conventional Hydroelectric,MISC,Water,2023,1462.2670213922534,0.0,0.0,451.5,0.0,21242172.0,14.526876206080956,0.36971268246120303,0.0,0.0
Conventional Hydroelectric,MISE,Water,2023,96.77037606023899,0.0,0.0,32.300000000000004,0.0,1519650.4000000001,15.703673602074533,0.3420072593219532,0.0,0.0
Conventional Hydroelectric,MISS,Water,2023,1328.5431324472713,0.0,0.0,583.0999999999999,0.0,27433688.799999997,20.649452870578,0.26009262345078693,0.0,0.0
Conventional Hydroelectric,MISW,Water,2023,293.4381351181264,0.0,0.0,95.2,0.0,4478969.6,15.263761127015568,0.35186415230425777,0.0,0.0
Conventional Hydroelectric,NWPP,Water,2023,140351.67744168697,0.0,0.0,31942.499999999993,0.0,1502830739.9999995,10.707607970160474,0.5015845168126307,0.0,0.0
Conventional Hydroelectric,NYUP,Water,2023,18651.286291521435,0.0,0.0,3540.6,0.0,166578148.80000004,8.931188240658969,0.6013500359875682,0.0,0.0
Conventional Hydroelectric,PJMC,Water,2023,7.00800768,0.0,0.0,0.8,0.0,37638.4,5.370770369932014,1.0000000000000002,0.0,0.0
Conventional Hydroelectric,PJMD,Water,2023,585.710123483914,0.0,0.0,613.1,0.0,28845128.8,49.2481308474297,0.10905531392796647,0.0,0.0
Conventional Hydroelectric,PJME,Water,2023,3602.510362382226,0.0,0.0,1213.9000000000003,0.0,57111567.2,15.853269374701792,0.3387799855657875,0.0,0.0
Conventional Hydroelectric,PJMW,Water,2023,2354.352575815302,0.0,0.0,884.8000000000002,0.0,41628070.4,17.681323871206665,0.30375385966873786,0.0,0.0
Conventional Hydroelectric,RMRG,Water,2023,1778.095917065818,0.0,0.0,708.8,0.0,33347622.4,18.754681386946576,0.28636958736447093,0.0,0.0
Conventional Hydroelectric,SPPC,Water,2023,63.65752899531999,0.0,0.0,52.0,0.0,2446496.0,38.43215466594474,0.13974679318958735,0.0,0.0
Conventional Hydroelectric,SPPN,Water,2023,9842.77341582652,0.0,0.0,2510.0,0.0,118090480.0,11.99768347914201,0.44765061349293866,0.0,0.0
Conventional Hydroelectric,SPPS,Water,2023,2927.7757731339148,0.0,0.0,2008.3999999999999,0.0,94491203.2,32.27405734656239,0.16641137841022252,0.0,0.0
Conventional Hydroelectric,SRCA,Water,2023,2446.290032922795,0.0,0.0,1772.4,0.0,83387875.2,34.08748516232528,0.157558421935684,0.0,0.0
Conventional Hydroelectric,SRCE,Water,2023,15708.58906455029,0.0,0.0,4937.3,0.0,232290090.39999995,14.787457323217591,0.36319769197233376,0.0,0.0
Conventional Hydroelectric,SRSE,Water,2023,5433.814192698745,0.0,0.0,3799.1999999999994,0.0,178744761.6,32.89489762829469,0.16327062119543803,0.0,0.0
Conventional Hydroelectric,SRSG,Water,2023,7020.762821753817,0.0,0.0,2765.5,0.0,130111244.0,18.53235144147736,0.28980512197236147,0.0,0.0
Conventional Hydroelectric,TRE,Water,2023,376.7696907473752,0.0,0.0,483.0,0.0,22724184.0,60.31319545615098,0.08904801560110812,0.0,0.0
Conventional Steam Coal,BASN,Coal,2023,0.0,0.0,0.0,5322.2,0.0,333326823.8754,0.0,0.0,0.0,0.0
Conventional Steam Coal,CASO,Coal,2023,0.0,0.0,0.0,50.0,0.0,3874533.35,0.0,0.0,0.0,0.0
Conventional Steam Coal,FRCC,Coal,2023,0.0,0.0,0.0,4671.0,0.0,290882444.712,0.0,0.0,0.0,0.0
Conventional Steam Coal,ISNE,Coal,2023,0.0,0.0,0.0,438.0,0.0,34036368.114,0.0,0.0,0.0,0.0
Conventional Steam Coal,MISC,Coal,2023,3199.8045293422056,6012432.710634004,3140505.751804436,18735.1,0.0,1175709299.5414999,369.3106005119207,0.019496778205110456,0.0,0.0
Conventional Steam Coal,MISE,Coal,2023,458.3796741811643,861295.4077864079,457459.68783989584,5821.299999999999,0.0,361051970.5395,789.5491147023424,0.008988780767241916,0.0,0.0
Conventional Steam Coal,MISS,Coal,2023,0.0,0.0,0.0,6095.5,0.0,362451289.5988,0.0,0.0,0.0,0.0
Conventional Steam Coal,MISW,Coal,2023,4947.747930726595,9296818.361835275,4995475.886365556,15750.5,0.0,1006912159.4865001,205.38818712599638,0.03585986404536135,0.0,0.0
Conventional Steam Coal,NWPP,Coal,2023,0.0,0.0,0.0,2299.0,0.0,141851693.85750002,0.0,0.0,0.0,0.0
Conventional Steam Coal,PJMC,Coal,2023,0.0,0.0,0.0,2646.0,0.0,155424653.0,0.0,0.0,0.0,0.0
Conventional Steam Coal,PJMD,Coal,2023,0.0,0.0,0.0,913.5,0.0,58036806.887,0.0,0.0,0.0,0.0
Conventional Steam Coal,PJME,Coal,2023,98.843808365585,185727.51591893425,102799.71154147843,9424.0,0.0,589336608.844,5964.180722170315,0.0011973182727346523,0.0,0.0
Conventional Steam Coal,PJMW,Coal,2023,2818.8405158307364,5296601.329245955,2757985.5827170527,22722.2,0.0,1417370604.3279998,504.6994314390907,0.014161705044909465,0.0,0.0
Conventional Steam Coal,RMRG,Coal,2023,96.04586778842612,180470.1855744527,97183.37357715686,9915.0,0.0,643049039.9099998,6697.107589391636,0.0011058122181556468,0.0,0.0
Conventional Steam Coal,SPPC,Coal,2023,1943.3372031329782,3651530.6046868656,1816365.7689593192,7115.8,0.0,458482881.742,237.8045413846091,0.031175961010982987,0.0,0.0
Conventional Steam Coal,SPPN,Coal,2023,145.996520838295,274327.46265515627,151225.95269861937,5359.900000000001,0.0,336047713.53809994,2303.6305185194356,0.0031094332427290716,0.0,0.0
Conventional Steam Coal,SPPS,Coal,2023,0.0,0.0,0.0,7716.0,0.0,488751074.076,0.0,0.0,0.0,0.0
Conventional Steam Coal,SRCA,Coal,2023,119.96544237939911,225415.06623089095,120377.83558412254,14118.0,0.0,902471702.9700001,7524.642931598487,0.0009700148884594137,0.0,0.0
Conventional Steam Coal,SRCE,Coal,2023,0.0,0.0,0.0,11651.3,0.0,731047022.2646999,0.0,0.0,0.0,0.0
Conventional Steam Coal,SRSE,Coal,2023,0.0,0.0,0.0,11512.0,0.0,731744259.5174999,0.0,0.0,0.0,0.0
Conventional Steam Coal,SRSG,Coal,2023,0.0,0.0,0.0,4483.0,0.0,278169836.837,0.0,0.0,0.0,0.0
Conventional Steam Coal,TRE,Coal,2023,829.1900300611751,1558048.0664849477,834733.3975853423,13634.6,0.0,835759439.0708001,1009.8016821011586,0.006942359320609461,0.0,0.0
Geothermal,BASN,Heat,2023,4046.594454619199,0.0,0.0,893.5,0.0,186831743.5,46.17011800792912,0.5169999999999999,0.0,0.0
Geothermal,CASO,Heat,2023,207.30737918592,0.0,0.0,44.4,0.0,9284084.4,44.784148236584144,0.533,0.0,0.0
Geothermal,NWPP,Heat,2023,189.40542356735997,0.0,0.0,30.8,0.0,6440310.8,34.00277921666574,0.7019999999999998,0.0,0.0
Geothermal,SRSG,Heat,2023,1650.0126322310396,0.0,0.0,407.7,0.0,85250477.69999999,51.66656062792068,0.4619999999999999,0.0,0.0
Hydroelectric Pumped Storage,CANO,Electricity,2023,0.0,0.0,0.0,2276.9,0.0,107123591.2,0.0,0.0,0.0,0.0
Hydroelectric Pumped Storage,CASO,Electricity,2023,0.0,0.0,0.0,1665.0,0.0,78334920.0,0.0,0.0,0.0,0.0
Hydroelectric Pumped Storage,ISNE,Electricity,2023,-8.321779430493576,0.0,0.0,1830.0,0.0,86097840.0,3449.5044478486566,0.0015569686751039239,33.28126022017524,24.959480789681663
Hydroelectric Pumped Storage,MISC,Electricity,2023,-236.4683390142419,0.0,0.0,471.0,0.0,22159608.0,31.244222826099282,0.17189643025608056,945.7069116405189,709.2385726262771
Hydroelectric Pumped Storage,MISE,Electricity,2023,-871.7061897971328,0.0,0.0,2115.0,0.0,99506520.0,38.059410918611086,0.1411154361116426,3486.2111860197942,2614.5049962226612
Hydroelectric Pumped Storage,NWPP,Electricity,2023,0.0,0.0,0.0,314.0,0.0,14773072.0,0.0,0.0,0.0,0.0
Hydroelectric Pumped Storage,NYUP,Electricity,2023,0.0,0.0,0.0,1406.7,0.0,66182421.6,0.0,0.0,0.0,0.0
Hydroelectric Pumped Storage,PJMD,Electricity,2023,-1185.2622174524827,0.0,0.0,3003.0,0.0,141285144.0,39.743188969254334,0.13513687525394322,4740.214592041733,3554.95237458925
Hydroelectric Pumped Storage,PJME,Electricity,2023,-789.4133154754622,0.0,0.0,1942.0,0.0,91367216.0,38.58927311645981,0.13917780606344657,3157.097612722004,2367.684297246542
Hydroelectric Pumped Storage,PJMW,Electricity,2023,-127.7373176697149,0.0,0.0,238.0,0.0,11197424.0,29.226780971686622,0.1837619536388539,510.85935943160024,383.1220417618854
Hydroelectric Pumped Storage,RMRG,Electricity,2023,-35.619655217871845,0.0,0.0,580.8,0.0,27325478.4,255.77536697990115,0.02099799692733527,142.45354904685513,106.83389382898329
Hydroelectric Pumped Storage,SPPS,Electricity,2023,-345.9144493967479,0.0,0.0,474.0,0.0,22300752.0,21.494703472752807,0.24986482724640188,1383.4143166672575,1037.4998672705096
Hydroelectric Pumped Storage,SRCA,Electricity,2023,-1535.6599018867955,0.0,0.0,2876.0,0.0,135310048.0,29.37755563684816,0.18281883068567753,6141.558693217179,4605.898791330383
Hydroelectric Pumped Storage,SRCE,Electricity,2023,-778.1454535186299,0.0,0.0,1683.8000000000002,0.0,79219422.4,33.94310292083,0.15822862106799648,3112.0340960736125,2333.888642554983
Hydroelectric Pumped Storage,SRSE,Electricity,2023,-903.4366670696634,0.0,0.0,1896.2,0.0,89212417.6,32.923670712622766,0.16312793360167122,3613.110760784749,2709.6740937150853
Hydroelectric Pumped Storage,SRSG,Electricity,2023,-14.442247644551756,0.0,0.0,216.3,0.0,10176482.4,234.93274435373112,0.022860884653206997,57.75882502500231,43.316577380450546
Natural Gas Fired Combined Cycle,BASN,Naturalgas,2023,42740.548811280736,161482397.0696576,17284115.011174407,7962.299999999999,0.0,92950007.8913,5.952951284841805,0.6127692672434383,0.0,0.0
Natural Gas Fired Combined Cycle,CANO,Naturalgas,2023,44079.18609286324,162520558.63012618,17615542.51110269,11409.7,0.0,137846928.9278,6.814270275434101,0.44101641972824707,0.0,0.0
Natural Gas Fired Combined Cycle,CASO,Naturalgas,2023,53170.793941866075,193919192.2916759,21225301.08600588,9732.5,0.0,113169209.41759999,5.7755090519248,0.6236546297542214,0.0,0.0
Natural Gas Fired Combined Cycle,FRCC,Naturalgas,2023,220655.2450231227,790146580.432674,83489685.70780304,36817.899999999994,0.0,455815180.642,5.64664466028944,0.6841489413304802,0.0,0.0
Natural Gas Fired Combined Cycle,ISNE,Naturalgas,2023,73356.02123067454,266478036.98541635,28875034.232611213,16027.8,0.0,186797585.7006,6.1791195198639635,0.5224650825056362,0.0,0.0
Natural Gas Fired Combined Cycle,MISC,Naturalgas,2023,42694.14220292055,162161602.4513232,17361257.984720744,4999.1,0.0,55809544.7,5.1054110916511775,0.9749265236434517,0.0,0.0
Natural Gas Fired Combined Cycle,MISE,Naturalgas,2023,54000.63326012675,198654232.5314873,22995469.74568169,6261.099999999999,0.0,76490356.4782,5.095210415112852,0.9845632709990242,0.0,0.0
Natural Gas Fired Combined Cycle,MISS,Naturalgas,2023,142192.37874029521,514180471.62232685,55303077.58196343,19861.4,0.0,229222331.2899,5.22814801677945,0.8172630789890012,0.0,0.0
Natural Gas Fired Combined Cycle,MISW,Naturalgas,2023,67891.47853896215,254277607.491849,26808607.406453274,8432.7,0.0,95430292.64860001,5.150983712039142,0.9190603590380546,0.0,0.0
Natural Gas Fired Combined Cycle,NWPP,Naturalgas,2023,25670.468306294824,107056899.31000413,10357113.235874232,6915.200000000001,0.0,94607683.28240001,7.855898076582912,0.42376439510239094,0.0,0.0
Natural Gas Fired Combined Cycle,NYCW,Naturalgas,2023,36524.28886573966,144271452.6317552,15539689.191973882,4333.0,0.0,52495414.865600005,5.387288119986521,0.9622512806350118,0.0,0.0
Natural Gas Fired Combined Cycle,NYUP,Naturalgas,2023,45071.785159506064,162147405.42871773,17217812.68889156,8402.6,0.0,103521934.6137,5.894360276661587,0.6123313397916387,0.0,0.0
Natural Gas Fired Combined Cycle,PJMC,Naturalgas,2023,41629.02100868682,148907877.33765063,15141042.520357227,5038.4,0.0,59874628.9382,5.01531146342076,0.9431895324250368,0.0,0.0
Natural Gas Fired Combined Cycle,PJMD,Naturalgas,2023,66765.51599589745,245548923.93456537,25295204.666655973,7901.3,0.0,94212854.9786,5.08888119630563,0.9646040390366502,0.0,0.0
Natural Gas Fired Combined Cycle,PJME,Naturalgas,2023,193982.29163399877,709203440.954904,76396521.87433723,28306.6,0.0,330434498.97249997,5.359447664887723,0.7822936329695478,0.0,0.0
Natural Gas Fired Combined Cycle,PJMW,Naturalgas,2023,166190.02565797197,602592741.8458611,60158749.63829774,19331.4,0.0,220749091.3688,4.95421930380553,0.9813796892922408,0.0,0.0
Natural Gas Fired Combined Cycle,RMRG,Naturalgas,2023,29462.44617523273,117985322.90156414,12766336.866534911,3561.5,0.0,45627983.0,5.553283149961384,0.9443462744859524,0.0,0.0
Natural Gas Fired Combined Cycle,SPPC,Naturalgas,2023,13986.36113074639,54981237.70755832,5765706.965577699,1872.9999999999998,0.0,22419759.464,5.534033938349179,0.8524371690987369,0.0,0.0
Natural Gas Fired Combined Cycle,SPPN,Naturalgas,2023,4858.376570174973,22110471.7708663,2086819.133193838,644.6,0.0,10630743.2,6.739126639927614,0.860391854977231,0.0,0.0
Natural Gas Fired Combined Cycle,SPPS,Naturalgas,2023,69494.43718192818,264556452.0656471,27838417.076551136,9527.6,0.0,119330455.8856,5.523994775959934,0.8326489604501626,0.0,0.0
Natural Gas Fired Combined Cycle,SRCA,Naturalgas,2023,80289.64110379422,292817769.54091895,30255239.6947402,9673.2,0.0,105020934.578,4.955043996330909,0.9475121056024447,0.0,0.0
Natural Gas Fired Combined Cycle,SRCE,Naturalgas,2023,98168.4885289153,353454349.67822045,37181320.530704856,11514.6,0.0,118480974.7,4.807401350986604,0.9732371234067178,0.0,0.0
Natural Gas Fired Combined Cycle,SRSE,Naturalgas,2023,174267.66738888726,628250708.877054,65083248.006339304,21559.399999999998,0.0,253411534.8062,5.0592416648108305,0.9227319654296031,0.0,0.0
Natural Gas Fired Combined Cycle,SRSG,Naturalgas,2023,100059.18050378202,365761579.0087969,40047391.83523582,12413.399999999998,0.0,136842574.1496,5.023068854130775,0.9201563118785189,0.0,0.0
Natural Gas Fired Combined Cycle,TRE,Naturalgas,2023,223151.1427204182,805951406.8796939,94466299.84006691,38201.8,0.0,445696619.93499994,5.608969828950684,0.6668232078914947,0.0,0.0
Natural Gas Fired Combined Cycle,TREW,Naturalgas,2023,13992.394733444113,51207511.73245322,5381814.374539181,2127.8999999999996,0.0,25122182.144,5.455084374800602,0.7506478614588883,0.0,0.0
Natural Gas Fired Combustion Turbine,BASN,Naturalgas,2023,189.862384651656,1291064.2156312605,110479.54240799867,2183.0,0.0,23242493.0,129.21757651281703,0.009928430806309303,0.0,0.0
Natural Gas Fired Combustion Turbine,CANO,Naturalgas,2023,0.0,0.0,0.0,4675.5,0.0,54975100.118499994,0.0,0.0,0.0,0.0
Natural Gas Fired Combustion Turbine,CASO,Naturalgas,2023,1528.4597675379541,10393526.419258088,876834.9264944044,6803.5,0.0,73217511.1778,54.70280564318609,0.025645846609896716,0.0,0.0
Natural Gas Fired Combustion Turbine,FRCC,Naturalgas,2023,1429.831045597186,9722851.110060865,831272.9141562402,8973.3,0.0,85698781.69349998,66.73629943718761,0.018189801213167444,0.0,0.0
Natural Gas Fired Combustion Turbine,ISNE,Naturalgas,2023,50.980081819042596,346664.5563694897,26691.18987974781,1791.8,0.0,19501072.8753,389.3233734327935,0.0032479281535799705,0.0,0.0
Natural Gas Fired Combustion Turbine,MISC,Naturalgas,2023,30787.882652580254,209357602.03754574,19575985.37567749,9201.4,0.0,92197333.3103,9.794598048546648,0.3819630300510139,0.0,0.0
Natural Gas Fired Combustion Turbine,MISE,Naturalgas,2023,19780.158907953053,134505080.57408077,11933388.085875062,4399.2,0.0,43974375.094,9.02315580469473,0.5132766260296169,0.0,0.0
Natural Gas Fired Combustion Turbine,MISS,Naturalgas,2023,8471.152287702078,57603835.55637413,3709930.2474795366,5539.3,0.0,59890110.4391,13.86988947962191,0.1745753898700273,0.0,0.0
Natural Gas Fired Combustion Turbine,MISW,Naturalgas,2023,26961.358959230078,183337240.92276454,17519391.525433898,8117.499999999999,0.0,82142217.4966,9.84666458470481,0.37915335142615264,0.0,0.0
Natural Gas Fired Combustion Turbine,NWPP,Naturalgas,2023,0.0,0.0,0.0,1342.9,0.0,14308853.8052,0.0,0.0,0.0,0.0
Natural Gas Fired Combustion Turbine,NYCW,Naturalgas,2023,6191.278190862569,42100691.697865464,3343629.1071547824,2114.0,0.0,24062708.818600003,10.686549445333126,0.33432646273741506,0.0,0.0
Natural Gas Fired Combustion Turbine,NYUP,Naturalgas,2023,0.0,0.0,0.0,57.6,0.0,772531.2000000001,0.0,0.0,0.0,0.0
Natural Gas Fired Combustion Turbine,PJMC,Naturalgas,2023,17483.790135929954,118889772.9243237,11346256.995532688,8625.699999999999,0.0,79843900.1276,11.366738648018734,0.23138577351690548,0.0,0.0
Natural Gas Fired Combustion Turbine,PJMD,Naturalgas,2023,8385.35684098123,57020426.51867238,4790091.510646483,4560.5,0.0,42063182.0,11.816266188509385,0.2098961664451183,0.0,0.0
Natural Gas Fired Combustion Turbine,PJME,Naturalgas,2023,4888.278541117164,33240294.07959672,2894506.4253011914,5311.5,0.0,56080402.062800005,18.272423592699653,0.10505922112022498,0.0,0.0
Natural Gas Fired Combustion Turbine,PJMW,Naturalgas,2023,33156.74224275891,225465847.2507606,20278995.255509548,11611.099999999999,0.0,110513812.335,10.133072095137305,0.3259822144154656,0.0,0.0
Natural Gas Fired Combustion Turbine,RMRG,Naturalgas,2023,3914.1899857783646,26616491.90329288,2404124.1235313825,3360.8,0.0,35588295.8086,15.892122747721713,0.13295193143632744,0.0,0.0
Natural Gas Fired Combustion Turbine,SPPC,Naturalgas,2023,7429.336699464062,50519489.556355625,5104207.019584296,4320.5,0.0,45202848.7474,12.884372074651141,0.19629599984289975,0.0,0.0
Natural Gas Fired Combustion Turbine,SPPN,Naturalgas,2023,9647.264700694785,65601399.96472455,5559347.917371854,2074.3,0.0,22573526.9793,9.139888836850748,0.5309187281731117,0.0,0.0
Natural Gas Fired Combustion Turbine,SPPS,Naturalgas,2023,8828.507017863061,60033847.72146881,5267705.227050472,3954.0,0.0,40414252.925400004,11.377699586535785,0.25488602209650363,0.0,0.0
Natural Gas Fired Combustion Turbine,SRCA,Naturalgas,2023,15395.213833584685,104687454.06837587,9217867.762000639,9997.7,0.0,94254606.2162,12.922331734722869,0.17578468803687813,0.0,0.0
Natural Gas Fired Combustion Turbine,SRCE,Naturalgas,2023,9855.893819018074,67020077.96932292,6455818.196402836,7716.5,0.0,71796143.86680001,14.084589828703427,0.14580454884303817,0.0,0.0
Natural Gas Fired Combustion Turbine,SRSE,Naturalgas,2023,8209.633917372237,55825510.638131216,4939685.479329912,12531.6,0.0,118015177.483,21.175205846057338,0.07478468787547099,0.0,0.0
Natural Gas Fired Combustion Turbine,SRSG,Naturalgas,2023,3057.1829490859805,20788844.05378467,1691172.3355987868,3936.2000000000003,0.0,41046882.4525,20.226374258947104,0.08866244217275167,0.0,0.0
Natural Gas Fired Combustion Turbine,TRE,Naturalgas,2023,16094.89486259679,109445285.06565818,9502575.145130929,8732.9,0.0,91621848.87280001,12.492603130059686,0.2103899909126409,0.0,0.0
Natural Gas Fired Combustion Turbine,TREW,Naturalgas,2023,550.8922283829156,3746067.1530038263,377449.46984201926,1208.0,0.0,11074944.0,26.90364900682897,0.05205891702444762,0.0,0.0
Natural Gas Internal Combustion Engine,BASN,Naturalgas,2023,294.85927446,1782243.0919551598,142684.38131699193,221.40000000000003,0.0,5313600.0,24.06518534969049,0.15203115465247233,0.0,0.0
Natural Gas Internal Combustion Engine,CANO,Naturalgas,2023,51.84752370139552,309840.80163953966,24803.282942085956,444.40000000000003,0.0,10665600.0,211.68688527633822,0.01331831818856211,0.0,0.0
Natural Gas Internal Combustion Engine,CASO,Naturalgas,2023,119.87354886,685436.95238148,54871.95156516757,50.2,0.0,1204800.0,15.768590905647441,0.2725932286649549,0.0,0.0
Natural Gas Internal Combustion Engine,FRCC,Naturalgas,2023,154.23309516999998,853063.2493852699,68300.3926160448,130.9,0.0,3141600.0,25.90016912376842,0.1345034256583463,0.0,0.0
Natural Gas Internal Combustion Engine,ISNE,Naturalgas,2023,38.293358739999995,211597.37093212001,16940.23392290763,63.6,0.0,1526400.0,45.38639148194291,0.0687324401487632,0.0,0.0
Natural Gas Internal Combustion Engine,MISC,Naturalgas,2023,486.4621426186571,3031327.2973099635,242672.76644178468,89.6,0.0,2150400.0,10.65186135434176,0.6197784286198987,0.0,0.0
Natural Gas Internal Combustion Engine,MISE,Naturalgas,2023,979.1995457933607,6442153.811774519,515770.4670612721,137.10000000000002,0.0,3290400.0,9.939295676336403,0.8153220099810023,0.0,0.0
Natural Gas Internal Combustion Engine,MISS,Naturalgas,2023,458.7587438390603,2634757.3138740608,210935.48793054937,107.79999999999998,0.0,2587200.0,11.382796260567853,0.4858039167432322,0.0,0.0
Natural Gas Internal Combustion Engine,MISW,Naturalgas,2023,5228.215291209253,31304588.129742373,2506157.771060658,774.5,0.0,18588000.0,9.542948281726655,0.7705972569818985,0.0,0.0
Natural Gas Internal Combustion Engine,NWPP,Naturalgas,2023,192.11347263595675,1112305.5111181939,89045.72912253172,309.8,0.0,7435200.0,44.49196297292066,0.07078998606439085,0.0,0.0
Natural Gas Internal Combustion Engine,NYCW,Naturalgas,2023,298.36103981314875,1706923.5087710242,136653.5094200963,37.4,0.0,897600.0,8.729435687722935,0.9106802701954209,0.0,0.0
Natural Gas Internal Combustion Engine,NYUP,Naturalgas,2023,26.136528600000002,140745.206511,11267.7841860675,19.5,0.0,468000.0,23.290973940242385,0.1530060880298579,0.0,0.0
Natural Gas Internal Combustion Engine,PJMC,Naturalgas,2023,800.6461268999999,4743828.3018825,379791.6144302271,118.5,0.0,2844000.0,9.477131090687477,0.7712899538374934,0.0,0.0
Natural Gas Internal Combustion Engine,PJMD,Naturalgas,2023,16.0858343,86992.1918944,6964.677242537279,2.3,0.0,55200.0,8.839590738193792,0.798382800859031,0.0,0.0
Natural Gas Internal Combustion Engine,PJME,Naturalgas,2023,1437.8886966143036,8502763.215496745,680768.2164425363,262.8,0.0,6307200.0,10.29979806529444,0.6245904314823484,0.0,0.0
Natural Gas Internal Combustion Engine,PJMW,Naturalgas,2023,526.1703738493909,3297662.785774802,264016.541338024,90.5,0.0,2172000.0,10.395231388189899,0.6637021585117633,0.0,0.0
Natural Gas Internal Combustion Engine,RMRG,Naturalgas,2023,1449.441941401211,9342264.368181117,747974.3782805926,247.2,0.0,5932800.0,10.538583113866803,0.6693415352280828,0.0,0.0
Natural Gas Internal Combustion Engine,SPPC,Naturalgas,2023,1186.209243546765,9665127.317224484,773765.2106468466,432.79999999999995,0.0,10387200.0,16.90454481476475,0.31287399655024695,0.0,0.0
Natural Gas Internal Combustion Engine,SPPN,Naturalgas,2023,1852.9689176210113,10743359.352357842,860100.1650743037,267.2,0.0,6412800.0,9.258741034028937,0.7916388485752675,0.0,0.0
Natural Gas Internal Combustion Engine,SPPS,Naturalgas,2023,2077.4315740115885,12843769.6583375,1028275.0993344017,445.7,0.0,10696800.0,11.331574022859336,0.532083157215304,0.0,0.0
Natural Gas Internal Combustion Engine,SRCE,Naturalgas,2023,16.634418240000002,101519.85451871998,8127.185510546996,3.2,0.0,76800.0,10.71993333015534,0.59340753462188,0.0,0.0
Natural Gas Internal Combustion Engine,SRSE,Naturalgas,2023,76.14409159,416702.2606947201,33361.97936153287,20.700000000000003,0.0,496800.0,11.997020932543245,0.4199148972300069,0.0,0.0
Natural Gas Internal Combustion Engine,SRSG,Naturalgas,2023,350.52188063508424,2214406.220568428,177276.39843633614,197.2,0.0,4732800.0,19.819607860089384,0.20291008855827325,0.0,0.0
Natural Gas Internal Combustion Engine,TRE,Naturalgas,2023,2922.200736583243,16618555.588948902,1330500.96386414,900.1999999999999,0.0,21604800.0,13.080331926013141,0.37056675560872143,0.0,0.0
Natural Gas Internal Combustion Engine,TREW,Naturalgas,2023,27.434170078809522,148363.99178620195,11878.161645354132,9.100000000000001,0.0,218400.0,13.368875046433237,0.34414847726928777,0.0,0.0
Natural Gas Steam Turbine,BASN,Naturalgas,2023,10.012511,10573.211616,4892.939908008601,576.5,0.0,29576179.5,2954.978297813206,0.0019826183090760315,0.0,0.0
Natural Gas Steam Turbine,CANO,Naturalgas,2023,0.6174590099999999,652.03671456,301.741474400226,2.9,0.0,148778.69999999998,242.00916059927607,0.024305555555555556,0.0,0.0
Natural Gas Steam Turbine,CASO,Naturalgas,2023,0.0,0.0,0.0,1753.8,0.0,53357732.2122,0.0,0.0,0.0,0.0
Natural Gas Steam Turbine,FRCC,Naturalgas,2023,0.0,0.0,0.0,3824.0,0.0,113569534.304,0.0,0.0,0.0,0.0
Natural Gas Steam Turbine,ISNE,Naturalgas,2023,6.68460728,7058.945287680001,3266.651265569328,901.8000000000001,0.0,46265045.4,6922.187408635273,0.0008461767427107997,0.0,0.0
Natural Gas Steam Turbine,MISC,Naturalgas,2023,1095.781155619933,1157144.9003346497,556043.3540009424,216.29999999999998,0.0,11096838.9,11.182875100094247,0.5783126950166396,0.0,0.0
Natural Gas Steam Turbine,MISE,Naturalgas,2023,0.0,0.0,0.0,1853.5,0.0,58986267.7635,0.0,0.0,0.0,0.0
Natural Gas Steam Turbine,MISS,Naturalgas,2023,8076.796013400324,8529096.590150742,4909760.090110182,7825.799999999999,0.0,244642636.3506,31.345564815641012,0.11781641070682143,0.0,0.0
Natural Gas Steam Turbine,MISW,Naturalgas,2023,992.778123599286,1048373.6985208463,582553.8426920654,169.7,0.0,8706119.1,9.82545099116028,0.6678297691766376,0.0,0.0
Natural Gas Steam Turbine,NWPP,Naturalgas,2023,2.1900024,2312.6425344,1070.21606683824,3.0,0.0,153909.0,71.33400517478884,0.08333333333333333,0.0,0.0
Natural Gas Steam Turbine,NYCW,Naturalgas,2023,2092.091306358965,2209248.4195150677,1142921.5311098273,396.5,0.0,10603996.0,6.124610517986898,0.6023277345893797,0.0,0.0
Natural Gas Steam Turbine,NYUP,Naturalgas,2023,0.0,0.0,0.0,1838.4,0.0,50374472.707200006,0.0,0.0,0.0,0.0
Natural Gas Steam Turbine,PJMC,Naturalgas,2023,0.0,0.0,0.0,44.199999999999996,0.0,2267592.5999999996,0.0,0.0,0.0,0.0
Natural Gas Steam Turbine,PJMD,Naturalgas,2023,127.21685605999997,134340.99999935998,62168.663983226565,20.299999999999997,0.0,1041450.8999999999,9.24242224194579,0.7153919329038179,0.0,0.0
Natural Gas Steam Turbine,PJME,Naturalgas,2023,1195.3340869833999,1262272.7958544702,890262.4786116087,2555.2,0.0,74060845.617,63.01428130686321,0.053402282936580926,0.0,0.0
Natural Gas Steam Turbine,PJMW,Naturalgas,2023,487.4540531558372,514751.48013256415,247312.73277145598,70.1,0.0,3596340.3,8.433803665221065,0.7937999839762506,0.0,0.0
Natural Gas Steam Turbine,RMRG,Naturalgas,2023,104.38487602564706,110230.42908308332,76638.45947881858,597.0,0.0,30627891.0,294.469108930405,0.019959914035816016,0.0,0.0
Natural Gas Steam Turbine,SPPC,Naturalgas,2023,347.83996449390804,367319.0025055669,225398.1677109091,105.1,0.0,5391945.3,16.557224270894363,0.3778088961804632,0.0,0.0
Natural Gas Steam Turbine,SPPN,Naturalgas,2023,1243.3798832424388,1313009.1567040156,731048.21331413,231.2,0.0,11861253.6,10.595525095957539,0.6139194951868359,0.0,0.0
Natural Gas Steam Turbine,SPPS,Naturalgas,2023,4642.277252030031,4902244.778143714,3102904.90351725,4447.200000000001,0.0,178110577.3968,39.42307023883885,0.11916256179580853,0.0,0.0
Natural Gas Steam Turbine,SRCA,Naturalgas,2023,2391.2323299154846,2525141.340390752,1241666.737464129,565.7,0.0,29022107.1,13.192883035964035,0.48253743682611194,0.0,0.0
Natural Gas Steam Turbine,SRCE,Naturalgas,2023,367.7283431348886,388321.13035044225,179702.44281684954,63.8,0.0,3273131.4,9.956949467469695,0.6579635636216293,0.0,0.0
Natural Gas Steam Turbine,SRSE,Naturalgas,2023,34.85551314999999,36807.4218864,17033.28279047619,800.6,0.0,26719639.612899996,767.6388788092308,0.004969941914599898,0.0,0.0
Natural Gas Steam Turbine,SRSG,Naturalgas,2023,135.46246968341455,143048.36798568576,82406.10691975901,524.0,0.0,26882772.0,199.5078078167846,0.02951094522978225,0.0,0.0
Natural Gas Steam Turbine,TRE,Naturalgas,2023,2678.0792182832756,2828051.654507139,1988673.872092938,4869.2,0.0,165402137.2136,62.81748042387911,0.06278576988177756,0.0,0.0
Nuclear,CANO,Uranium,2023,19622.421504,48467381.114879996,0.0,2240.0,0.0,432936000.0,24.53333198538961,1.0,0.0,0.0
Nuclear,FRCC,Uranium,2023,32736.155875200002,80858305.011744,0.0,3737.0,0.0,722268675.0,24.5333319853896,1.0000000000000002,0.0,0.0
Nuclear,ISNE,Uranium,2023,29394.21221279999,72603704.16561599,0.0,3355.5,0.0,751018916.595,28.01989094989121,0.9999999999999998,0.0,0.0
Nuclear,MISC,Uranium,2023,20787.502780799998,51345131.868576005,0.0,2373.0,0.0,652980783.0,33.8821801875651,0.9999999999999998,0.0,0.0
Nuclear,MISE,Uranium,2023,10170.371145599998,25120816.729632,0.0,1161.0,0.0,319473531.0,33.8821801875651,1.0,0.0,0.0
Nuclear,MISS,Uranium,2023,47531.8120896,117403575.861312,0.0,5426.0,0.0,1341242663.1560001,30.68778939602989,1.0,0.0,0.0
Nuclear,MISW,Uranium,2023,25650.184109759997,63355954.75110718,0.0,2928.1,0.0,663273621.934,28.328435132308535,1.0,0.0,0.0
Nuclear,NWPP,Uranium,2023,10266.731251199999,25358826.190464,0.0,1172.0,0.0,322500412.0,33.88218018756509,1.0,0.0,0.0
Nuclear,NYUP,Uranium,2023,29418.74023967999,72664288.3920096,0.0,3358.3,0.0,865585386.1215,31.892924947479518,0.9999999999999998,0.0,0.0
Nuclear,PJMC,Uranium,2023,95467.46062176,235804627.73574728,0.0,10898.1,0.0,2106330277.5,24.53333198538961,1.0,0.0,0.0
Nuclear,PJMD,Uranium,2023,32482.115596800006,80230825.524096,0.0,3708.0,0.0,716663700.0,24.5333319853896,1.0000000000000002,0.0,0.0
Nuclear,PJME,Uranium,2023,112385.66716223999,277592597.8907328,0.0,12829.400000000001,0.0,2575584401.9186,25.387374314292995,0.9999999999999999,0.0,0.0
Nuclear,PJMW,Uranium,2023,55415.8207296,136877077.202112,0.0,6326.0,0.0,1400863347.36,27.74912298178303,1.0,0.0,0.0
Nuclear,SPPC,Uranium,2023,10920.0831609681,26972605.40759121,0.0,1255.0,0.0,345339605.0,34.094265118635285,0.9932936012813398,0.0,0.0
Nuclear,SPPN,Uranium,2023,6745.207391999999,16660662.258240001,0.0,770.0,0.0,264852280.0,41.73525377323787,1.0,0.0,0.0
Nuclear,SRCA,Uranium,2023,106054.80822431999,261955376.31407043,0.0,12106.7,0.0,2623449625.1076994,27.20673442093031,1.0,0.0,0.0
Nuclear,SRCE,Uranium,2023,73858.26894048002,182429924.28298566,0.0,8431.300000000001,0.0,1629559507.5,24.533331985389598,1.0000000000000002,0.0,0.0
Nuclear,SRSE,Uranium,2023,61022.226873600004,145721077.77415678,0.0,6966.0,0.0,1346353650.0,24.451331985389604,1.0000000000000002,0.0,0.0
Nuclear,SRSG,Uranium,2023,35066.3184288,86613806.51913601,0.0,4003.0,0.0,773679825.0,24.53333198538961,0.9999999999999999,0.0,0.0
Nuclear,TRE,Uranium,2023,44851.24915199998,110782585.40544,0.0,5120.0,0.0,989568000.0,24.53333198538962,0.9999999999999997,0.0,0.0
Offshore Wind Turbine,ISNE,Wind,2023,122.14092999184898,0.0,0.0,29.3,0.0,3268766.6,26.762254063548884,0.4758707596541903,0.0,0.0
Onshore Wind Turbine,BASN,Wind,2023,3032.3205934438774,0.0,0.0,1510.1,0.0,45756030.0,15.089443411401895,0.22922650125051885,0.0,0.0
Onshore Wind Turbine,CANO,Wind,2023,3096.1794180911998,0.0,0.0,1442.0,0.0,43692600.0,14.111779099331578,0.24510731741663844,0.0,0.0
Onshore Wind Turbine,CASO,Wind,2023,15095.732953928984,0.0,0.0,4089.0,0.0,123896700.0,8.207398764811433,0.42143685449318097,0.0,0.0
Onshore Wind Turbine,ISNE,Wind,2023,3424.4665283317145,0.0,0.0,1547.1,0.0,46877130.0,13.68888544016138,0.25267947008055114,0.0,0.0
Onshore Wind Turbine,MISC,Wind,2023,13444.00094725086,0.0,0.0,6382.599999999999,0.0,193392780.0,14.38506146784723,0.24045085429384577,0.0,0.0
Onshore Wind Turbine,MISE,Wind,2023,8148.238168438481,0.0,0.0,3676.9,0.0,111410070.0,13.672902987978135,0.2529748307330622,0.0,0.0
Onshore Wind Turbine,MISW,Wind,2023,55711.6399123451,0.0,0.0,23540.999999999996,0.0,713292300.0,12.803290319981087,0.2701571418415246,0.0,0.0
Onshore Wind Turbine,NWPP,Wind,2023,20805.5543339019,0.0,0.0,8432.699999999999,0.0,255510810.0,12.280894125644823,0.2816488997971665,0.0,0.0
Onshore Wind Turbine,NYUP,Wind,2023,5083.384900156829,0.0,0.0,2746.3,0.0,83212890.0,16.36958279461246,0.2113004566097884,0.0,0.0
Onshore Wind Turbine,PJMC,Wind,2023,9609.737160872135,0.0,0.0,4488.800000000001,0.0,136010640.0,14.153419362372686,0.24438619604594947,0.0,0.0
Onshore Wind Turbine,PJMD,Wind,2023,358.59129835775997,0.0,0.0,208.0,0.0,6302400.0,17.5754404216251,0.1968030522158332,0.0,0.0
Onshore Wind Turbine,PJME,Wind,2023,2796.9719825079073,0.0,0.0,1314.4,0.0,39826320.0,14.239084355893224,0.24291592300187415,0.0,0.0
Onshore Wind Turbine,PJMW,Wind,2023,7951.913446238337,0.0,0.0,4304.000000000001,0.0,130411200.0,16.399977298758348,0.21090884798207762,0.0,0.0
Onshore Wind Turbine,RMRG,Wind,2023,25872.71524468455,0.0,0.0,8172.8,0.0,247635840.0,9.571312390603294,0.3613820318318259,0.0,0.0
Onshore Wind Turbine,SPPC,Wind,2023,24640.874675085088,0.0,0.0,8379.7,0.0,253904910.0,10.304216605457137,0.3356781453120373,0.0,0.0
Onshore Wind Turbine,SPPN,Wind,2023,19064.96039994699,0.0,0.0,7510.5,0.0,227568150.0,11.936460670573055,0.2897760411962461,0.0,0.0
Onshore Wind Turbine,SPPS,Wind,2023,56341.29152505939,0.0,0.0,19005.000000000004,0.0,575851500.0,10.220772091173552,0.33841869167598243,0.0,0.0
Onshore Wind Turbine,SRCE,Wind,2023,16.215250483622995,0.0,0.0,29.1,0.0,881730.0,54.37658831669148,0.06361010181198887,0.0,0.0
Onshore Wind Turbine,SRSG,Wind,2023,12729.445743621782,0.0,0.0,4444.1,0.0,134656230.0,10.578326245466805,0.32697992468284975,0.0,0.0
Onshore Wind Turbine,TRE,Wind,2023,30999.477956676383,0.0,0.0,12327.8,0.0,373532340.0,12.049633239696284,0.2870544065705134,0.0,0.0
Onshore Wind Turbine,TREW,Wind,2023,77452.36424987332,0.0,0.0,25634.7,0.0,776731410.0,10.02850484323686,0.34490688024606214,0.0,0.0
Petroleum Liquids,BASN,Distillate,2023,0.0,0.0,0.0,39.8,0.0,955200.0,0.0,0.0,0.0,0.0
Petroleum Liquids,CANO,Distillate,2023,0.0,0.0,0.0,177.29999999999998,0.0,4255200.0,0.0,0.0,0.0,0.0
Petroleum Liquids,CASO,Distillate,2023,0.0,0.0,0.0,17.2,0.0,412800.0,0.0,0.0,0.0,0.0
Petroleum Liquids,FRCC,Distillate,2023,0.0,0.0,0.0,455.59999999999997,0.0,10934400.0,0.0,0.0,0.0,0.0
Petroleum Liquids,ISNE,Distillate,2023,0.0,0.0,0.0,1103.2000000000005,0.0,26476800.0,0.0,0.0,0.0,0.0
Petroleum Liquids,MISC,Distillate,2023,0.0,0.0,0.0,450.50000000000006,0.0,10812000.0,0.0,0.0,0.0,0.0
Petroleum Liquids,MISE,Distillate,2023,0.0,0.0,0.0,59.900000000000006,0.0,1437600.0,0.0,0.0,0.0,0.0
Petroleum Liquids,MISS,Distillate,2023,0.0,0.0,0.0,40.9,0.0,981600.0000000001,0.0,0.0,0.0,0.0
Petroleum Liquids,MISW,Distillate,2023,0.0,0.0,0.0,1668.0999999999997,0.0,40034400.0,0.0,0.0,0.0,0.0
Petroleum Liquids,NWPP,Distillate,2023,0.0,0.0,0.0,21.3,0.0,511200.0,0.0,0.0,0.0,0.0
Petroleum Liquids,NYCW,Distillate,2023,767.4544664382186,5828049.218131833,643244.0331722524,634.6999999999998,0.0,15232800.0,27.442473969662235,0.13803192271348666,0.0,0.0
Petroleum Liquids,NYUP,Distillate,2023,0.0,0.0,0.0,75.49999999999999,0.0,1812000.0,0.0,0.0,0.0,0.0
Petroleum Liquids,PJMC,Distillate,2023,0.0,0.0,0.0,55.3,0.0,1327200.0,0.0,0.0,0.0,0.0
Petroleum Liquids,PJMD,Distillate,2023,0.0,0.0,0.0,319.2999999999999,0.0,7663200.0,0.0,0.0,0.0,0.0
Petroleum Liquids,PJME,Distillate,2023,0.0,0.0,0.0,738.6999999999999,0.0,17728800.0,0.0,0.0,0.0,0.0
Petroleum Liquids,PJMW,Distillate,2023,0.0,0.0,0.0,217.70000000000007,0.0,5224800.0,0.0,0.0,0.0,0.0
Petroleum Liquids,RMRG,Distillate,2023,0.0,0.0,0.0,21.1,0.0,506400.0,0.0,0.0,0.0,0.0
Petroleum Liquids,SPPC,Distillate,2023,0.0,0.0,0.0,250.60000000000005,0.0,6014400.0,0.0,0.0,0.0,0.0
Petroleum Liquids,SPPN,Distillate,2023,0.0,0.0,0.0,59.2,0.0,1420800.0,0.0,0.0,0.0,0.0
Petroleum Liquids,SPPS,Distillate,2023,0.0,0.0,0.0,52.3,0.0,1255200.0,0.0,0.0,0.0,0.0
Petroleum Liquids,SRCA,Distillate,2023,0.0,0.0,0.0,197.8,0.0,4747200.0,0.0,0.0,0.0,0.0
Petroleum Liquids,SRCE,Distillate,2023,0.0,0.0,0.0,69.8,0.0,1675200.0,0.0,0.0,0.0,0.0
Petroleum Liquids,SRSE,Distillate,2023,0.0,0.0,0.0,214.09999999999997,0.0,5138400.0,0.0,0.0,0.0,0.0
Petroleum Liquids,SRSG,Distillate,2023,0.0,0.0,0.0,173.5,0.0,4164000.0,0.0,0.0,0.0,0.0
Petroleum Liquids,TRE,Distillate,2023,0.0,0.0,0.0,131.9,0.0,3165600.0,0.0,0.0,0.0,0.0
Petroleum Liquids,TREW,Distillate,2023,0.0,0.0,0.0,54.0,0.0,1296000.0,0.0,0.0,0.0,0.0
Small Hydroelectric,BASN,Water,2023,1770.55912433664,0.0,0.0,435.60000000000014,0.0,20494108.8,11.57493614209486,0.4639999999999999,0.0,0.0
Small Hydroelectric,CANO,Water,2023,2102.3392319308805,0.0,0.0,664.8,0.0,31277510.4,14.87748024911915,0.3610000000000001,0.0,0.0
Small Hydroelectric,CASO,Water,2023,644.63333844672,0.0,0.0,250.3,0.0,11776114.4,18.267926428340186,0.29400000000000004,0.0,0.0
Small Hydroelectric,ISNE,Water,2023,2678.71807957824,0.0,0.0,693.4000000000001,0.0,32623083.200000003,12.178617618893458,0.44099999999999995,0.0,0.0
Small Hydroelectric,MISC,Water,2023,179.69232492287998,0.0,0.0,39.6,0.0,1863100.8,10.368282567436323,0.5179999999999999,0.0,0.0
Small Hydroelectric,MISE,Water,2023,160.97568841151994,0.0,0.0,24.599999999999998,0.0,1157380.8000000003,7.189786305129875,0.747,0.0,0.0
Small Hydroelectric,MISS,Water,2023,27.262901877120015,0.0,0.0,74.1,0.0,3486256.8,127.87548499838122,0.04200000000000003,0.0,0.0
Small Hydroelectric,MISW,Water,2023,4652.441098559999,0.0,0.0,531.0999999999999,0.0,24987192.799999993,5.370770369932014,1.0,0.0,0.0
Small Hydroelectric,NWPP,Water,2023,4063.7789654515186,0.0,0.0,770.6000000000001,0.0,36255188.79999999,8.921545465003348,0.6019999999999996,0.0,0.0
Small Hydroelectric,NYUP,Water,2023,4576.773011636161,0.0,0.0,736.9,0.0,34669671.199999996,7.5751345133032615,0.7090000000000003,0.0,0.0
Small Hydroelectric,PJMC,Water,2023,93.52711849535997,0.0,0.0,25.3,0.0,1190314.4,12.726944004578236,0.4219999999999999,0.0,0.0
Small Hydroelectric,PJMD,Water,2023,39.890455715519984,0.0,0.0,12.9,0.0,606919.2,15.214646940317326,0.3529999999999999,0.0,0.0
Small Hydroelectric,PJME,Water,2023,682.9522484400001,0.0,0.0,148.5,0.0,6986628.0,10.230038799870503,0.5250000000000001,0.0,0.0
Small Hydroelectric,PJMW,Water,2023,1586.2415143449596,0.0,0.0,288.8,0.0,13587462.400000002,8.565821961614063,0.6269999999999999,0.0,0.0
Small Hydroelectric,RMRG,Water,2023,920.7260650137599,0.0,0.0,243.30000000000004,0.0,11446778.399999999,12.432338819287072,0.4319999999999999,0.0,0.0
Small Hydroelectric,SPPC,Water,2023,187.46420543999997,0.0,0.0,21.4,0.0,1006827.2,5.370770369932016,1.0,0.0,0.0
Small Hydroelectric,SPPN,Water,2023,543.6549557855999,0.0,0.0,90.6,0.0,4262548.8,7.840540686032139,0.6849999999999999,0.0,0.0
Small Hydroelectric,SPPS,Water,2023,343.80059276736006,0.0,0.0,87.79999999999998,0.0,4130814.3999999994,12.015146241458643,0.4470000000000002,0.0,0.0
Small Hydroelectric,SRCA,Water,2023,313.25794329599995,0.0,0.0,119.2,0.0,5608121.6000000015,17.90256789977339,0.3,0.0,0.0
Small Hydroelectric,SRCE,Water,2023,401.78309630975997,0.0,0.0,130.3,0.0,6130354.4,15.257870369125047,0.3519999999999999,0.0,0.0
Small Hydroelectric,SRSE,Water,2023,239.30594225280004,0.0,0.0,94.19999999999999,0.0,4431921.6,18.519897827351766,0.29000000000000015,0.0,0.0
Small Hydroelectric,SRSG,Water,2023,718.3698432537599,0.0,0.0,218.10000000000002,0.0,10261168.8,14.283963749819188,0.37599999999999995,0.0,0.0
Small Hydroelectric,TRE,Water,2023,189.69450388415996,0.0,0.0,56.099999999999994,0.0,2639392.8,13.913912875471542,0.386,0.0,0.0
Solar Photovoltaic,BASN,Solar,2023,16725.0450414776,0.0,0.0,6777.200000000001,0.0,152676761.6,9.128630818115367,0.28171658276800104,0.0,0.0
Solar Photovoltaic,CANO,Solar,2023,12260.326054034267,0.0,0.0,5278.0,0.0,118902783.99999999,9.698174703997775,0.2651722368303,0.0,0.0
Solar Photovoltaic,CASO,Solar,2023,28794.468127588094,0.0,0.0,12607.4,0.0,284019507.2,9.863683049866088,0.26072276110545106,0.0,0.0
Solar Photovoltaic,FRCC,Solar,2023,14228.313732632538,0.0,0.0,6776.1,0.0,152651980.8,10.728747177530515,0.23970055747199182,0.0,0.0
Solar Photovoltaic,ISNE,Solar,2023,4942.679393641154,0.0,0.0,2359.6000000000004,0.0,53157068.8,10.754707025583638,0.2391219652299698,0.0,0.0
Solar Photovoltaic,MISC,Solar,2023,3064.1010541934556,0.0,0.0,1498.9,0.0,33767219.2,11.02026943719333,0.23335969180124574,0.0,0.0
Solar Photovoltaic,MISE,Solar,2023,1929.7440887541297,0.0,0.0,891.0,0.0,20072448.0,10.401611341615281,0.24723925889647425,0.0,0.0
Solar Photovoltaic,MISS,Solar,2023,3252.072796940046,0.0,0.0,1526.9,0.0,34398003.2,10.577254984072287,0.24313365644514445,0.0,0.0
Solar Photovoltaic,MISW,Solar,2023,6300.29562212881,0.0,0.0,2948.1,0.0,66414796.8,10.54153658547836,0.24395747798027714,0.0,0.0
Solar Photovoltaic,NWPP,Solar,2023,3282.102800546271,0.0,0.0,1525.7,0.0,34370969.599999994,10.472240416808186,0.24557177615045073,0.0,0.0
Solar Photovoltaic,NYCW,Solar,2023,316.9444163626017,0.0,0.0,157.29999999999998,0.0,3543654.3999999994,11.180680955571292,0.2300116325337645,0.0,0.0
Solar Photovoltaic,NYUP,Solar,2023,2983.841551390597,0.0,0.0,1467.9,0.0,33068851.2,11.082643173391197,0.23204633039206732,0.0,0.0
Solar Photovoltaic,PJMC,Solar,2023,686.9639914561269,0.0,0.0,309.1,0.0,6963404.8,10.13649170350251,0.2537057943372573,0.0,0.0
Solar Photovoltaic,PJMD,Solar,2023,10355.249839364951,0.0,0.0,4533.6,0.0,102132940.80000001,9.862914211084204,0.2607430850954775,0.0,0.0
Solar Photovoltaic,PJME,Solar,2023,4323.383573861659,0.0,0.0,2089.2,0.0,47065497.6,10.886264611021076,0.23623224047177668,0.0,0.0
Solar Photovoltaic,PJMW,Solar,2023,5059.509066475177,0.0,0.0,2361.1,0.0,53190860.800000004,10.513047827594196,0.24461856557715553,0.0,0.0
Solar Photovoltaic,RMRG,Solar,2023,5359.267354915357,0.0,0.0,2306.0,0.0,51949568.0,9.693408550023808,0.26530261942006017,0.0,0.0
Solar Photovoltaic,SPPC,Solar,2023,217.981984538292,0.0,0.0,101.9,0.0,2295603.2,10.531160200519878,0.24419785004345204,0.0,0.0
Solar Photovoltaic,SPPN,Solar,2023,295.66542442505767,0.0,0.0,125.6,0.0,2829516.8,9.569995563404802,0.2687239155328481,0.0,0.0
Solar Photovoltaic,SPPS,Solar,2023,848.4361488439105,0.0,0.0,334.8,0.0,7542374.399999999,8.889737206833221,0.2892871430950017,0.0,0.0
Solar Photovoltaic,SRCA,Solar,2023,14891.304418495145,0.0,0.0,6802.200000000001,0.0,153239961.6,10.290566715544038,0.2499071966119763,0.0,0.0
Solar Photovoltaic,SRCE,Solar,2023,3042.3386304616547,0.0,0.0,1465.2,0.0,33008025.599999998,10.849556742140585,0.23703149728149508,0.0,0.0
Solar Photovoltaic,SRSE,Solar,2023,12191.626475025321,0.0,0.0,5860.299999999999,0.0,132020838.4,10.828812601045982,0.23748556505463192,0.0,0.0
Solar Photovoltaic,SRSG,Solar,2023,17163.066833183148,0.0,0.0,6817.000000000001,0.0,153573376.0,8.947898268570544,0.2874067856206146,0.0,0.0
Solar Photovoltaic,TRE,Solar,2023,18474.005880486096,0.0,0.0,8532.2,0.0,192213401.6,10.40453287952198,0.24716983541776025,0.0,0.0
Solar Photovoltaic,TREW,Solar,2023,19738.083955709822,0.0,0.0,8269.6,0.0,186297548.8,9.438481932594474,0.2724682526062972,0.0,0.0
distributed_generation,BASN,Solar,2023,2016.5278302778997,0.0,0.0,859.0,0.0,0.0,0.0,0.2679825245967767,0.0,0.0
distributed_generation,CANO,Solar,2023,8072.6341885326,0.0,0.0,3582.0,0.0,0.0,0.0,0.2572676083939452,0.0,0.0
distributed_generation,CASO,Solar,2023,12561.9382933782,0.0,0.0,5574.0,0.0,0.0,0.0,0.25726760839394514,0.0,0.0
distributed_generation,FRCC,Solar,2023,2868.9276712521996,0.0,0.0,1322.0,0.0,0.0,0.0,0.24773282898000476,0.0,0.0
distributed_generation,ISNE,Solar,2023,5555.0211321528,0.0,0.0,3528.0,0.0,0.0,0.0,0.17974323625170457,0.0,0.0
distributed_generation,MISC,Solar,2023,648.3484226395,0.0,0.0,355.0,0.0,0.0,0.0,0.20848534057542586,0.0,0.0
distributed_generation,MISE,Solar,2023,293.2582738297,0.0,0.0,223.0,0.0,0.0,0.0,0.15012078570096543,0.0,0.0
distributed_generation,MISS,Solar,2023,1787.8825600848,0.0,0.0,948.0,0.0,0.0,0.0,0.21529109598236057,0.0,0.0
distributed_generation,MISW,Solar,2023,1656.5035859444997,0.0,0.0,1019.0,0.0,0.0,0.0,0.1855724981739746,0.0,0.0
distributed_generation,NWPP,Solar,2023,1279.8307119216,0.0,0.0,697.0,0.0,0.0,0.0,0.20961152974078934,0.0,0.0
distributed_generation,NYCW,Solar,2023,1518.4932781485,0.0,0.0,849.0,0.0,0.0,0.0,0.20417407721790626,0.0,0.0
distributed_generation,NYUP,Solar,2023,1126.797132195,0.0,0.0,630.0,0.0,0.0,0.0,0.20417407721790626,0.0,0.0
distributed_generation,PJMC,Solar,2023,513.5184958276,0.0,0.0,316.0,0.0,0.0,0.0,0.1855087614401701,0.0,0.0
distributed_generation,PJMD,Solar,2023,615.9528986193,0.0,0.0,363.0,0.0,0.0,0.0,0.19370297734605224,0.0,0.0
distributed_generation,PJME,Solar,2023,8104.573378799999,0.0,0.0,4500.0,0.0,0.0,0.0,0.20559524345726743,0.0,0.0
distributed_generation,PJMW,Solar,2023,1397.2604951969997,0.0,0.0,798.0,0.0,0.0,0.0,0.19988026057642674,0.0,0.0
distributed_generation,RMRG,Solar,2023,1431.2647379267996,0.0,0.0,756.0,0.0,0.0,0.0,0.216119320839557,0.0,0.0
distributed_generation,SPPC,Solar,2023,281.4742295126,0.0,0.0,137.0,0.0,0.0,0.0,0.23453814705865164,0.0,0.0
distributed_generation,SPPN,Solar,2023,244.38589126879995,0.0,0.0,137.0,0.0,0.0,0.0,0.20363432277517138,0.0,0.0
distributed_generation,SPPS,Solar,2023,645.2200585726999,0.0,0.0,299.0,0.0,0.0,0.0,0.24633838498304841,0.0,0.0
distributed_generation,SRCA,Solar,2023,2701.558471388,0.0,0.0,1361.0,0.0,0.0,0.0,0.2265957000777716,0.0,0.0
distributed_generation,SRCE,Solar,2023,360.6099103739999,0.0,0.0,186.0,0.0,0.0,0.0,0.22131972994641463,0.0,0.0
distributed_generation,SRSE,Solar,2023,343.5100969112,0.0,0.0,166.0,0.0,0.0,0.0,0.23622553258389123,0.0,0.0
distributed_generation,SRSG,Solar,2023,3431.4904393034994,0.0,0.0,1435.0,0.0,0.0,0.0,0.2729771593058528,0.0,0.0
distributed_generation,TRE,Solar,2023,2736.3169520076,0.0,0.0,1196.0,0.0,0.0,0.0,0.2611744201855669,0.0,0.0
distributed_generation,TREW,Solar,2023,132.860535756,0.0,0.0,65.0,0.0,0.0,0.0,0.2333340185380619,0.0,0.0
