gas_zone,period,timeseries,GasSupplyQuantity,GasQuantityFromLNG,GLGasNet,GasStorageNetWithdrawalSum,gas_import_ref_quantity,RelaxBalanceUp,GasQuantityLiquefiedToLNG,GasConsumedByElectricity,gas_export_ref_quantity,gas_demand_total,RelaxBalanceDown
AL,2023,20230103,0,0,2.61943e+06,0,0,0,0,1.7422e+06,0,877233,0
AL,2023,20230130,0,0,2.71519e+06,0,0,0,0,1.70742e+06,0,1.00777e+06,0
AL,2023,20230213,0,0,2.83477e+06,0,0,0,0,1.65109e+06,0,1.18368e+06,0
AL,2023,20230216,0,0,2.50819e+06,0,0,0,0,1.67738e+06,0,830809,0
AL,2023,20230306,0,0,2.63438e+06,0,0,0,0,1.75269e+06,0,881685,0
AL,2023,20230315,0,0,3.12141e+06,0,0,0,0,1.83414e+06,0,1.28727e+06,0
AL,2023,20230403,0,0,2.77571e+06,0,0,0,0,1.9317e+06,0,844011,0
AL,2023,20230410,0,0,2.82136e+06,0,0,0,0,1.94903e+06,0,872332,0
AL,2023,20230530,0,0,3.27094e+06,-579713,0,0,0,1.96265e+06,0,728578,0
AL,2023,20230517,0,0,3.29791e+06,-586435,0,0,0,1.96046e+06,0,751019,0
AL,2023,20230630,0,0,2.68272e+06,0,0,0,0,1.96265e+06,0,720071,0
AL,2023,20230615,0,0,3.25477e+06,-562465,0,0,0,1.96265e+06,0,729664,0
AL,2023,20230727,0,0,2.67209e+06,0,0,0,0,1.96265e+06,0,709444,0
AL,2023,20230710,0,0,2.68675e+06,0,0,0,0,1.97234e+06,0,714413,0
AL,2023,20230803,0,0,2.69304e+06,0,0,0,0,1.98325e+06,0,709799,0
AL,2023,20230831,0,0,2.72211e+06,0,0,0,0,1.99877e+06,0,723340,0
AL,2023,20230906,0,0,2.79423e+06,0,0,0,0,2.05561e+06,0,738628,0
AL,2023,20230912,0,0,2.87413e+06,0,0,0,0,2.12799e+06,0,746145,0
AL,2023,20231005,0,0,1.51328e+06,1.37708e+06,0,0,0,2.1209e+06,0,769465,0
AL,2023,20231020,0,0,2.47775e+06,401668,0,0,0,2.09812e+06,0,781300,0
AL,2023,20231129,0,0,-1.56858e+06,4.74425e+06,0,0,0,2.08909e+06,0,1.08658e+06,0
AL,2023,20231121,0,0,2.27302e+06,558848,0,0,0,2.00014e+06,0,831721,0
AL,2023,20231228,0,0,3.03494e+06,0,0,0,0,1.97716e+06,0,1.05778e+06,0
AL,2023,20231218,0,0,2.83656e+06,0,0,0,0,1.80795e+06,0,1.02861e+06,0
AR,2023,20230103,1.29753e+06,0,-175769,0,0,0,0,482163,0,639600,0
AR,2023,20230130,1.29753e+06,0,-28267.1,0,0,0,0,417649,0,851616,0
AR,2023,20230213,1.29753e+06,0,0,0,0,0,0,474900,0,822632,0
AR,2023,20230216,1.29753e+06,0,-246124,0,0,0,0,389359,0,662049,0
AR,2023,20230306,1.29753e+06,0,-234635,0,0,0,0,389537,0,673361,0
AR,2023,20230315,1.29753e+06,0,113540,0,0,0,0,518351,0,892722,0
AR,2023,20230403,1.29753e+06,0,19012,0,0,0,0,702760,0,613784,0
AR,2023,20230410,1.29753e+06,0,86616,0,0,0,0,790579,0,593570,0
AR,2023,20230530,1.29753e+06,0,-42641.8,0,0,0,0,790750,0,464140,0
AR,2023,20230517,1.29753e+06,0,-30717.3,0,0,0,0,788301,0,478514,0
AR,2023,20230630,1.29753e+06,0,27796.6,0,0,0,0,884176,0,441153,0
AR,2023,20230615,1.29753e+06,0,18934.2,0,0,0,0,867150,0,449317,0
AR,2023,20230727,1.29753e+06,0,1.25738e+06,-1.2154e+06,0,0,0,903807,0,435706,0
AR,2023,20230710,1.29753e+06,0,114012,-83205.1,0,0,0,891382,0,436957,0
AR,2023,20230803,1.29753e+06,0,1.0534e+06,-1.00619e+06,0,0,0,908507,0,436236,0
AR,2023,20230831,1.29753e+06,0,260659,-154806,0,0,0,957610,0,445775,0
AR,2023,20230906,1.29753e+06,0,181869,0,0,0,0,1.0294e+06,0,450003,0
AR,2023,20230912,1.29753e+06,0,216676,0,0,0,0,1.0604e+06,0,453807,0
AR,2023,20231005,1.29753e+06,0,259365,0,0,0,0,1.08665e+06,0,470248,0
AR,2023,20231020,1.29753e+06,0,-24833.3,313532,0,0,0,1.08552e+06,0,500713,0
AR,2023,20231129,1.29753e+06,0,534836,0,0,0,0,1.07621e+06,0,756156,0
AR,2023,20231121,1.29753e+06,0,322463,0,0,0,0,1.01778e+06,0,602213,0
AR,2023,20231228,1.29753e+06,0,435008,0,0,0,0,892181,0,840360,0
AR,2023,20231218,1.29753e+06,0,8176.63,0,0,0,0,581070,0,724639,0
AZ,2023,20230103,0,0,2.59724e+06,0,0,0,0,1.95838e+06,115319,523536,0
AZ,2023,20230130,0,0,2.61194e+06,0,0,0,0,1.95475e+06,115319,541874,0
AZ,2023,20230213,0,0,2.48539e+06,0,0,0,0,1.93806e+06,116576,430755,0
AZ,2023,20230216,0,0,2.9836e+06,0,0,0,0,1.93352e+06,116576,933503,0
AZ,2023,20230306,0,0,2.44646e+06,0,0,0,0,1.93517e+06,99760.8,411530,0
AZ,2023,20230315,0,0,2.35163e+06,0,0,0,0,1.94083e+06,99760.8,311036,0
AZ,2023,20230403,0,0,2.32585e+06,0,0,0,0,1.94386e+06,86235.9,295754,0
AZ,2023,20230410,0,0,2.2799e+06,0,0,0,0,1.94386e+06,86235.9,249809,0
AZ,2023,20230530,0,0,2.27933e+06,0,0,0,0,1.94386e+06,155809,179663,0
AZ,2023,20230517,0,0,2.26297e+06,0,0,0,0,1.92153e+06,155809,185634,0
AZ,2023,20230630,0,0,2.16315e+06,0,0,0,0,1.8405e+06,163189,159463,0
AZ,2023,20230615,0,0,2.05861e+06,0,0,0,0,1.72619e+06,163189,169232,0
AZ,2023,20230727,0,0,1.88196e+06,0,0,0,0,1.56821e+06,165541,148204,0
AZ,2023,20230710,0,0,1.8362e+06,0,0,0,0,1.51643e+06,165541,154231,0
AZ,2023,20230803,0,0,1.79016e+06,0,0,0,0,1.48055e+06,163165,146452,0
AZ,2023,20230831,0,0,1.72754e+06,0,0,0,0,1.41888e+06,163165,145488,0
AZ,2023,20230906,0,0,1.93378e+06,0,0,0,0,1.63385e+06,153435,146493,0
AZ,2023,20230912,0,0,2.20037e+06,0,0,0,0,1.89883e+06,153435,148105,0
AZ,2023,20231005,0,0,2.2814e+06,0,0,0,0,1.99508e+06,124986,161330,0
AZ,2023,20231020,0,0,2.42185e+06,0,0,0,0,2.12556e+06,124986,171307,0
AZ,2023,20231129,0,0,2.60201e+06,0,0,0,0,2.199e+06,134601,268406,0
AZ,2023,20231121,0,0,2.56727e+06,0,0,0,0,2.18008e+06,134601,252593,0
AZ,2023,20231228,0,0,2.76751e+06,0,0,0,0,2.14477e+06,114342,508397,0
AZ,2023,20231218,0,0,2.57285e+06,0,0,0,0,2.12272e+06,114342,335792,0
CA,2023,20230103,0,0,7.29241e+06,1.87924e+06,4199.19,0,0,2.99013e+06,302342,5.88337e+06,0
CA,2023,20230130,0,0,5.42958e+06,3.69487e+06,4199.19,0,0,2.82688e+06,302342,5.99942e+06,0
CA,2023,20230213,0,0,7.45192e+06,697170,22037.5,0,0,2.43534e+06,321366,5.41443e+06,0
CA,2023,20230216,0,0,6.16456e+06,2.57944e+06,22037.5,0,0,2.11825e+06,321366,6.32643e+06,0
CA,2023,20230306,0,0,8.23447e+06,0,0,0,0,1.98489e+06,352662,5.89692e+06,0
CA,2023,20230315,0,0,6.69183e+06,0,0,0,0,1.98266e+06,352662,4.35651e+06,0
CA,2023,20230403,0,0,6.73365e+06,0,0,0,0,1.996e+06,327219,4.41043e+06,0
CA,2023,20230410,0,0,5.98451e+06,0,0,0,0,1.99555e+06,327219,3.66174e+06,0
CA,2023,20230530,0,0,7.92023e+06,-2.52314e+06,0,0,0,1.74826e+06,374176,3.27464e+06,0
CA,2023,20230517,0,0,6.44015e+06,-1.37113e+06,0,0,0,1.46906e+06,374176,3.22578e+06,0
CA,2023,20230630,0,0,4.62398e+06,-90456.8,0,0,0,998114,368285,3.16713e+06,0
CA,2023,20230615,0,0,4.65189e+06,-388015,0,0,0,692859,368285,3.20273e+06,0
CA,2023,20230727,0,0,9.20461e+06,-4.95993e+06,0,0,0,585204,491123,3.16835e+06,0
CA,2023,20230710,0,0,5.94603e+06,-1.63408e+06,0,0,0,629037,491123,3.19179e+06,0
CA,2023,20230803,0,0,9.2964e+06,-4.91429e+06,0,0,0,694164,509512,3.17844e+06,0
CA,2023,20230831,0,0,9.35903e+06,-5.07305e+06,0,0,0,574230,509512,3.20224e+06,0
CA,2023,20230906,0,0,8.81374e+06,-4.37132e+06,0,0,0,809052,425092,3.20828e+06,0
CA,2023,20230912,0,0,5.09503e+06,0,0,0,0,1.46141e+06,425092,3.20853e+06,0
CA,2023,20231005,0,0,6.14885e+06,0,0,0,0,2.42544e+06,483409,3.24001e+06,0
CA,2023,20231020,0,0,6.88554e+06,0,0,0,0,3.14189e+06,483409,3.26023e+06,0
CA,2023,20231129,0,0,6.39843e+06,2.42751e+06,0,0,0,4.11418e+06,400136,4.31162e+06,0
CA,2023,20231121,0,0,6.7745e+06,1.85986e+06,0,0,0,4.3088e+06,400136,3.92542e+06,0
CA,2023,20231228,0,0,8.31906e+06,751938,0,0,0,4.04036e+06,348723,4.68191e+06,0
CA,2023,20231218,0,0,7.56733e+06,709561,0,0,0,3.67473e+06,348723,4.25344e+06,0
CO,2023,20230103,3.20153e+06,0,-615254,0,0,0,0,888184,0,1.6981e+06,0
CO,2023,20230130,3.20153e+06,0,207400,99587,0,0,0,707031,0,2.80149e+06,0
CO,2023,20230213,3.20153e+06,0,-1.34902e+06,0,0,0,0,651359,0,1.20115e+06,0
CO,2023,20230216,3.20153e+06,0,134879,0,0,0,0,635265,0,2.70115e+06,0
CO,2023,20230306,3.20153e+06,0,-1.4302e+06,0,0,0,0,631842,0,1.13949e+06,0
CO,2023,20230315,3.20153e+06,0,-1.70673e+06,0,0,0,0,648801,0,845999,0
CO,2023,20230403,3.20153e+06,0,-1.80917e+06,0,0,0,0,672839,0,719527,0
CO,2023,20230410,3.20153e+06,0,-1.81605e+06,0,0,0,0,697690,0,687790,0
CO,2023,20230530,3.20153e+06,0,-2.09443e+06,0,0,0,0,708937,0,398169,0
CO,2023,20230517,3.20153e+06,0,-2.09756e+06,0,0,0,0,658514,0,445460,0
CO,2023,20230630,3.20153e+06,0,0,-2.20509e+06,0,0,0,643633,0,352811,0
CO,2023,20230615,3.20153e+06,0,0,-2.16999e+06,0,0,0,641191,0,390354,0
CO,2023,20230727,3.20153e+06,0,-2.26394e+06,0,0,0,0,617573,0,320021,0
CO,2023,20230710,3.20153e+06,0,-1.92767e+06,-327008,0,0,0,607903,0,338953,0
CO,2023,20230803,3.20153e+06,0,-2.26644e+06,0,0,0,0,613847,0,321249,0
CO,2023,20230831,3.20153e+06,0,-2.25496e+06,2.53277e-10,0,0,0,625446,0,321131,0
CO,2023,20230906,3.20153e+06,0,-2.17808e+06,0,0,0,0,680350,0,343100,0
CO,2023,20230912,3.20153e+06,0,-2.08226e+06,0,0,0,0,748206,0,371072,0
CO,2023,20231005,3.20153e+06,0,-1.865e+06,0,0,0,0,898311,0,438224,0
CO,2023,20231020,3.20153e+06,0,-2.14994e+06,489815,0,0,0,1.09213e+06,0,449278,0
CO,2023,20231129,3.20153e+06,0,-1.9558e+06,1.17191e+06,0,0,0,1.30448e+06,0,1.11316e+06,0
CO,2023,20231121,3.20153e+06,0,-2.73561e+06,1.83625e+06,0,0,0,1.22715e+06,0,1.07502e+06,0
CO,2023,20231228,3.20153e+06,0,-3.31944e+06,2.73534e+06,0,0,0,1.1717e+06,0,1.44574e+06,0
CO,2023,20231218,3.20153e+06,0,-965454,13479.9,0,0,0,1.00489e+06,0,1.24467e+06,0
CT,2023,20230103,0,0,1.28678e+06,0,0,0,0,697653,0,589122,0
CT,2023,20230130,0,0,1.26103e+06,0,0,0,0,697653,0,563374,0
CT,2023,20230213,0,0,1.29126e+06,0,0,0,0,697653,0,593609,0
CT,2023,20230216,0,0,1.13929e+06,0,0,0,0,697653,0,441641,0
CT,2023,20230306,0,0,1.22428e+06,0,0,0,0,696213,0,528070,0
CT,2023,20230315,0,0,1.30716e+06,0,0,0,0,669729,0,637434,0
CT,2023,20230403,0,0,1.2642e+06,0,0,0,0,679347,0,584857,0
CT,2023,20230410,0,0,1.172e+06,0,0,0,0,697653,0,474347,0
CT,2023,20230530,0,0,916820,0,0,0,0,697653,0,219167,0
CT,2023,20230517,0,0,918800,0,0,0,0,697653,0,221147,0
CT,2023,20230630,0,0,877048,0,0,0,0,697653,0,179395,0
CT,2023,20230615,0,0,886149,0,0,0,0,697653,0,188496,0
CT,2023,20230727,0,0,874042,0,0,0,0,697653,0,176389,0
CT,2023,20230710,0,0,874507,0,0,0,0,697653,0,176854,0
CT,2023,20230803,0,0,872993,0,0,0,0,697653,0,175340,0
CT,2023,20230831,0,0,872249,0,0,0,0,697653,0,174596,0
CT,2023,20230906,0,0,872537,0,0,0,0,698296,0,174240,0
CT,2023,20230912,0,0,873545,0,0,0,0,699326,0,174219,0
CT,2023,20231005,0,0,890605,0,0,0,0,705539,0,185067,0
CT,2023,20231020,0,0,941105,0,0,0,0,708046,0,233059,0
CT,2023,20231129,0,0,1.61565e+06,0,0,0,245973,772554,0,597119,0
CT,2023,20231121,0,0,1.61565e+06,0,0,0,372354,702123,0,541168,0
CT,2023,20231228,0,0,1.19108e+06,0,0,0,0,697653,0,493427,0
CT,2023,20231218,0,0,1.10754e+06,0,0,0,0,697653,0,409889,0
DC,2023,20230103,0,0,125342,0,0,0,0,0,0,125342,0
DC,2023,20230130,0,0,129150,0,0,0,0,0,0,129150,0
DC,2023,20230213,0,0,151524,0,0,0,0,0,0,151524,0
DC,2023,20230216,0,0,82046.1,0,0,0,0,0,0,82046.1,0
DC,2023,20230306,0,0,98754.9,0,0,0,0,0,0,98754.9,0
DC,2023,20230315,0,0,165366,0,0,0,0,0,0,165366,0
DC,2023,20230403,0,0,102713,0,0,0,0,0,0,102713,0
DC,2023,20230410,0,0,90849.7,0,0,0,0,0,0,90849.7,0
DC,2023,20230530,0,0,37259.3,0,0,0,0,0,0,37259.3,0
DC,2023,20230517,0,0,36285,0,0,0,0,0,0,36285,0
DC,2023,20230630,0,0,31396.9,0,0,0,0,394.128,0,31002.8,0
DC,2023,20230615,0,0,33898.4,0,0,0,0,591.192,0,33307.2,0
DC,2023,20230727,0,0,30671,0,0,0,0,707.242,0,29963.8,0
DC,2023,20230710,0,0,31797.7,0,0,0,0,1287.49,0,30510.2,0
DC,2023,20230803,0,0,31112.8,0,0,0,0,1287.49,0,29825.3,0
DC,2023,20230831,0,0,31376.4,0,0,0,0,1386.02,0,29990.3,0
DC,2023,20230906,0,0,31802.7,0,0,0,0,1600.61,0,30202.1,0
DC,2023,20230912,0,0,32480.4,0,0,0,0,2012.25,0,30468.1,0
DC,2023,20231005,0,0,35470.2,0,0,0,0,2012.25,0,33458,0
DC,2023,20231020,0,0,43778.6,0,0,0,0,1699.14,0,42079.5,0
DC,2023,20231129,0,0,159336,0,0,0,0,1252.46,0,158084,0
DC,2023,20231121,0,0,100354,0,0,0,0,1037.87,0,99315.9,0
DC,2023,20231228,0,0,96831.7,0,0,0,0,492.66,0,96339,0
DC,2023,20231218,0,0,91320.4,0,0,0,0,0,0,91320.4,0
DE,2023,20230103,0,0,363077,0,0,0,0,101519,0,261559,0
DE,2023,20230130,0,0,286147,0,0,0,0,41993.3,0,244153,0
DE,2023,20230213,0,0,281584,0,0,0,0,18416.8,0,263167,0
DE,2023,20230216,0,0,192593,0,0,0,0,11515,0,181078,0
DE,2023,20230306,0,0,239316,0,0,0,0,19783,0,219533,0
DE,2023,20230315,0,0,386581,0,0,0,0,99023.2,0,287558,0
DE,2023,20230403,0,0,421805,0,0,0,0,173993,0,247812,0
DE,2023,20230410,0,0,455464,0,0,0,0,223894,0,231570,0
DE,2023,20230530,0,0,350858,0,0,0,0,221168,0,129690,0
DE,2023,20230517,0,0,338007,0,0,0,0,221917,0,116090,0
DE,2023,20230630,0,0,364013,0,0,0,0,242261,0,121751,0
DE,2023,20230615,0,0,382038,0,0,0,0,240507,0,141532,0
DE,2023,20230727,0,0,336604,0,0,0,0,217330,0,119274,0
DE,2023,20230710,0,0,353007,0,0,0,0,234757,0,118250,0
DE,2023,20230803,0,0,437894,0,0,0,0,312680,0,125215,0
DE,2023,20230831,0,0,444384,0,0,0,0,327648,0,116735,0
DE,2023,20230906,0,0,468431,0,0,0,0,355235,0,113196,0
DE,2023,20230912,0,0,485342,0,0,0,0,370898,0,114444,0
DE,2023,20231005,0,0,501792,0,0,0,0,370898,0,130894,0
DE,2023,20231020,0,0,528207,0,0,0,0,367306,0,160901,0
DE,2023,20231129,0,0,629998,0,0,0,0,365444,0,264554,0
DE,2023,20231121,0,0,586643,0,0,0,0,359990,0,226653,0
DE,2023,20231228,0,0,567444,0,0,0,0,272871,0,294574,0
DE,2023,20231218,0,0,446273,0,0,0,0,171077,0,275196,0
FL,2023,20230103,0,0,3.9622e+06,0,0,0,0,3.26848e+06,0,693719,0
FL,2023,20230130,0,0,3.78726e+06,0,0,0,0,3.08238e+06,0,704885,0
FL,2023,20230213,0,0,3.76027e+06,0,0,0,0,2.98947e+06,0,770803,0
FL,2023,20230216,0,0,3.80649e+06,0,0,0,0,3.09365e+06,0,712840,0
FL,2023,20230306,0,0,4.15413e+06,0,0,0,0,3.45485e+06,0,699277,0
FL,2023,20230315,0,0,4.684e+06,0,0,0,0,3.94825e+06,0,735748,0
FL,2023,20230403,0,0,5.00218e+06,0,0,0,0,4.32256e+06,0,679626,0
FL,2023,20230410,0,0,5.02875e+06,0,0,0,0,4.34323e+06,0,685517,0
FL,2023,20230530,0,0,4.9354e+06,0,0,0,0,4.32804e+06,0,607368,0
FL,2023,20230517,0,0,4.96865e+06,0,0,0,0,4.34542e+06,0,623238,0
FL,2023,20230630,0,0,5.01181e+06,0,0,0,0,4.42914e+06,0,582662,0
FL,2023,20230615,0,0,5.14524e+06,0,0,0,0,4.55139e+06,0,593851,0
FL,2023,20230727,0,0,5.17673e+06,0,0,0,0,4.60694e+06,0,569796,0
FL,2023,20230710,0,0,5.25384e+06,0,0,0,0,4.67706e+06,0,576782,0
FL,2023,20230803,0,0,5.50562e+06,0,0,0,0,4.93756e+06,0,568055,0
FL,2023,20230831,0,0,5.84338e+06,0,0,0,0,5.2752e+06,0,568185,0
FL,2023,20230906,0,0,6.28952e+06,0,0,0,0,5.71972e+06,0,569802,0
FL,2023,20230912,0,0,6.66904e+06,0,0,0,0,6.097e+06,0,572040,0
FL,2023,20231005,0,0,6.69952e+06,0,0,0,0,6.11293e+06,0,586591,0
FL,2023,20231020,0,0,6.47082e+06,0,0,0,0,5.88237e+06,0,588453,0
FL,2023,20231129,0,0,6.122e+06,0,0,0,0,5.44121e+06,0,680784,0
FL,2023,20231121,0,0,5.57499e+06,0,0,0,0,4.92296e+06,0,652037,0
FL,2023,20231228,0,0,4.9063e+06,0,0,0,0,4.17581e+06,0,730485,0
FL,2023,20231218,0,0,4.41866e+06,0,0,0,0,3.70938e+06,0,709282,0
GA,2023,20230103,0,0,2.12584e+06,0,0,0,0,928730,0,1.19712e+06,0
GA,2023,20230130,0,0,2.26352e+06,0,0,0,0,792112,0,1.47141e+06,0
GA,2023,20230213,0,0,2.64626e+06,0,0,0,0,725484,0,1.92078e+06,0
GA,2023,20230216,0,0,1.84658e+06,0,0,0,0,755242,0,1.09133e+06,0
GA,2023,20230306,0,0,1.91716e+06,0,0,0,0,931514,0,985648,0
GA,2023,20230315,0,0,3.42771e+06,0,0,0,0,1.37352e+06,0,2.05419e+06,0
GA,2023,20230403,0,0,2.36267e+06,0,0,0,0,1.47568e+06,0,886991,0
GA,2023,20230410,0,0,2.47312e+06,0,0,0,0,1.39241e+06,0,1.08071e+06,0
GA,2023,20230530,0,0,2.08956e+06,0,0,0,0,1.40043e+06,0,689126,0
GA,2023,20230517,0,0,2.03841e+06,0,0,0,0,1.38996e+06,0,648450,0
GA,2023,20230630,0,0,1.96898e+06,0,0,0,0,1.32659e+06,0,642382,0
GA,2023,20230615,0,0,2.16867e+06,0,0,0,0,1.52393e+06,0,644743,0
GA,2023,20230727,0,0,2.28692e+06,0,0,0,0,1.6466e+06,0,640322,0
GA,2023,20230710,0,0,2.39054e+06,0,0,0,0,1.74902e+06,0,641525,0
GA,2023,20230803,0,0,2.45164e+06,0,0,0,0,1.81176e+06,0,639874,0
GA,2023,20230831,0,0,2.58633e+06,0,0,0,0,1.94755e+06,0,638778,0
GA,2023,20230906,0,0,2.69607e+06,0,0,0,0,2.05695e+06,0,639115,0
GA,2023,20230912,0,0,2.82908e+06,0,0,0,0,2.1891e+06,0,639981,0
GA,2023,20231005,0,0,2.87727e+06,0,0,0,0,2.20703e+06,0,670234,0
GA,2023,20231020,0,0,2.93615e+06,0,0,0,0,2.12904e+06,0,807113,0
GA,2023,20231129,0,0,3.84661e+06,0,0,0,0,1.85394e+06,0,1.99268e+06,0
GA,2023,20231121,0,0,2.3794e+06,0,0,0,0,1.47678e+06,0,902617,0
GA,2023,20231228,0,0,2.74706e+06,0,0,0,0,1.42941e+06,0,1.31765e+06,0
GA,2023,20231218,0,0,2.59951e+06,0,0,0,0,1.21963e+06,0,1.37989e+06,0
IA,2023,20230103,0,0,1.6679e+06,0,0,0,0,332969,0,1.33493e+06,0
IA,2023,20230130,0,0,104875,2.14511e+06,0,0,0,311537,0,1.93845e+06,0
IA,2023,20230213,0,0,1.58304e+06,0,0,0,0,299637,0,1.2834e+06,0
IA,2023,20230216,0,0,1.736e+06,0,0,0,0,278342,0,1.45766e+06,0
IA,2023,20230306,0,0,1.54617e+06,0,0,0,0,303661,0,1.24251e+06,0
IA,2023,20230315,0,0,1.82223e+06,0,0,0,0,374797,0,1.44743e+06,0
IA,2023,20230403,0,0,3.00694e+06,-1.55772e+06,0,0,0,431979,0,1.01724e+06,0
IA,2023,20230410,0,0,3.48983e+06,-2.09215e+06,0,0,0,452339,0,945334,0
IA,2023,20230530,0,0,1.29896e+06,0,0,0,0,498134,0,800831,0
IA,2023,20230517,0,0,1.34653e+06,0,0,0,0,508360,0,838170,0
IA,2023,20230630,0,0,1.25927e+06,0,0,0,0,494005,0,765260,0
IA,2023,20230615,0,0,1.28017e+06,0,0,0,0,496932,0,783238,0
IA,2023,20230727,0,0,1.25918e+06,0,0,0,0,508146,0,751036,0
IA,2023,20230710,0,0,1.27796e+06,0,0,0,0,513940,0,764016,0
IA,2023,20230803,0,0,1.27929e+06,0,0,0,0,529799,0,749489,0
IA,2023,20230831,0,0,1.30844e+06,0,0,0,0,539031,0,769412,0
IA,2023,20230906,0,0,1.31078e+06,0,0,0,0,555437,0,755341,0
IA,2023,20230912,0,0,1.36548e+06,0,0,0,0,568756,0,796725,0
IA,2023,20231005,0,0,1.44952e+06,0,0,0,0,626083,0,823441,0
IA,2023,20231020,0,0,1.48924e+06,0,0,0,0,563111,0,926130,0
IA,2023,20231129,0,0,2.19084e+06,0,0,0,0,542025,0,1.64881e+06,0
IA,2023,20231121,0,0,1.63262e+06,0,0,0,0,510123,0,1.1225e+06,0
IA,2023,20231228,0,0,1.67052e+06,0,0,0,0,402135,0,1.26839e+06,0
IA,2023,20231218,0,0,1.64584e+06,0,0,0,0,354512,0,1.29133e+06,0
ID,2023,20230103,0,0,-2.20653e+06,0,2.77768e+06,0,0,99067.6,0,472091,0
ID,2023,20230130,0,0,-2.00198e+06,0,2.77768e+06,0,0,98929.4,0,676776,0
ID,2023,20230213,0,0,-2.15351e+06,0,2.71274e+06,0,0,98699.2,0,460528,0
ID,2023,20230216,0,0,-2.09244e+06,0,2.71274e+06,0,0,98699.2,0,521593,0
ID,2023,20230306,0,0,-2.17072e+06,0,2.73559e+06,0,0,98699.2,0,466175,0
ID,2023,20230315,0,0,-2.29498e+06,0,2.73559e+06,0,0,98699.2,0,341915,0
ID,2023,20230403,0,0,-2.17084e+06,0,2.64949e+06,0,0,98699.2,0,379953,0
ID,2023,20230410,0,0,-2.29851e+06,0,2.64949e+06,0,0,98699.2,0,252283,0
ID,2023,20230530,0,0,-1.97695e+06,0,2.24627e+06,0,0,98699.2,0,170623,0
ID,2023,20230517,0,0,-1.96881e+06,0,2.24627e+06,0,0,98699.2,0,178758,0
ID,2023,20230630,0,0,-2.32874e+06,0,2.57466e+06,0,0,98699.2,0,147226,0
ID,2023,20230615,0,0,-2.30858e+06,0,2.57466e+06,0,0,98699.2,0,167386,0
ID,2023,20230727,0,0,-2.224e+06,0,2.45964e+06,0,0,98699.2,0,136935,0
ID,2023,20230710,0,0,-2.22308e+06,0,2.45964e+06,0,0,98699.2,0,137860,0
ID,2023,20230803,0,0,-2.32658e+06,0,2.55612e+06,0,0,96567.8,0,132976,0
ID,2023,20230831,0,0,-2.3046e+06,0,2.55612e+06,0,0,96567.8,0,154949,0
ID,2023,20230906,0,0,-2.37984e+06,0,2.63258e+06,0,0,98699.2,0,154037,0
ID,2023,20230912,0,0,-2.38245e+06,0,2.63258e+06,0,0,98699.2,0,151430,0
ID,2023,20231005,0,0,-1.97723e+06,0,2.26978e+06,0,0,98929.4,0,193622,0
ID,2023,20231020,0,0,-1.96899e+06,0,2.26978e+06,0,0,100582,0,200208,0
ID,2023,20231129,0,0,-1.83101e+06,0,2.40079e+06,0,0,127225,0,442558,0
ID,2023,20231121,0,0,-1.90201e+06,0,2.40079e+06,0,0,131795,0,366980,0
ID,2023,20231228,0,0,-2.12422e+06,0,2.70031e+06,0,0,127225,0,448866,0
ID,2023,20231218,0,0,-2.13565e+06,0,2.70031e+06,0,0,122594,0,442072,0
IL,2023,20230103,0,0,4.9554e+06,0,0,0,0,1.24841e+06,0,3.70699e+06,0
IL,2023,20230130,0,0,263519,6.11112e+06,0,0,0,1.00928e+06,0,5.36535e+06,0
IL,2023,20230213,0,0,3.67529e+06,858488,0,0,0,941589,0,3.59219e+06,0
IL,2023,20230216,0,0,4.41537e+06,0,0,0,0,926496,0,3.48888e+06,0
IL,2023,20230306,0,0,4.28426e+06,0,0,0,0,954824,0,3.32944e+06,0
IL,2023,20230315,0,0,4.92018e+06,726140,0,0,0,1.09174e+06,0,4.55458e+06,0
IL,2023,20230403,0,0,4.29492e+06,0,0,0,0,1.45381e+06,0,2.84112e+06,0
IL,2023,20230410,0,0,4.06043e+06,0,0,0,0,1.99382e+06,0,2.06661e+06,0
IL,2023,20230530,0,0,7.63999e+06,-4.20006e+06,0,0,0,2.18881e+06,0,1.25112e+06,0
IL,2023,20230517,0,0,1.16542e+07,-8.01287e+06,0,0,0,2.12939e+06,0,1.51192e+06,0
IL,2023,20230630,0,0,5.51206e+06,-2.16102e+06,0,0,0,2.23442e+06,0,1.11663e+06,0
IL,2023,20230615,0,0,6.01324e+06,-2.48093e+06,0,0,0,2.32028e+06,0,1.21202e+06,0
IL,2023,20230727,0,0,3.39736e+06,0,0,0,0,2.29296e+06,0,1.1044e+06,0
IL,2023,20230710,0,0,3.41121e+06,0,0,0,0,2.27052e+06,0,1.14069e+06,0
IL,2023,20230803,0,0,3.438e+06,0,0,0,0,2.32579e+06,0,1.11221e+06,0
IL,2023,20230831,0,0,3.6932e+06,0,0,0,0,2.3913e+06,0,1.30191e+06,0
IL,2023,20230906,0,0,3.6553e+06,0,0,0,0,2.53628e+06,0,1.11902e+06,0
IL,2023,20230912,0,0,4.03709e+06,0,0,0,0,2.73256e+06,0,1.30453e+06,0
IL,2023,20231005,0,0,3.49805e+06,694361,0,0,0,3.00581e+06,0,1.18661e+06,0
IL,2023,20231020,0,0,3.53606e+06,1.16945e+06,0,0,0,2.93042e+06,0,1.7751e+06,0
IL,2023,20231129,0,0,1.60113e+06,7.03702e+06,0,0,0,2.83422e+06,0,5.80392e+06,0
IL,2023,20231121,0,0,3.39268e+06,1.86958e+06,0,0,0,2.49486e+06,0,2.7674e+06,0
IL,2023,20231228,0,0,3.35478e+06,2.31392e+06,0,0,0,2.0512e+06,0,3.61749e+06,0
IL,2023,20231218,0,0,4.56606e+06,463086,0,0,0,1.42219e+06,0,3.60695e+06,0
IN,2023,20230103,0,0,3.00589e+06,0,0,0,0,780644,0,2.22524e+06,0
IN,2023,20230130,0,0,3.34952e+06,0,0,0,0,701163,0,2.64836e+06,0
IN,2023,20230213,0,0,3.0651e+06,0,0,0,0,672236,0,2.39286e+06,0
IN,2023,20230216,0,0,2.65037e+06,0,0,0,0,657243,0,1.99313e+06,0
IN,2023,20230306,0,0,2.85114e+06,0,0,0,0,739929,0,2.11121e+06,0
IN,2023,20230315,0,0,2.82213e+06,1.00763e+06,0,0,0,901078,0,2.92868e+06,0
IN,2023,20230403,0,0,2.97458e+06,0,0,0,0,991412,0,1.98317e+06,0
IN,2023,20230410,0,0,2.74576e+06,0,0,0,0,1.06074e+06,0,1.68503e+06,0
IN,2023,20230530,0,0,2.29563e+06,0,0,0,0,1.03206e+06,0,1.26357e+06,0
IN,2023,20230517,0,0,2.43592e+06,0,0,0,0,1.07001e+06,0,1.3659e+06,0
IN,2023,20230630,0,0,5.96387e+06,-3.63234e+06,0,0,0,1.10982e+06,0,1.22171e+06,0
IN,2023,20230615,0,0,3.40078e+06,-982730,0,0,0,1.1562e+06,0,1.26185e+06,0
IN,2023,20230727,0,0,2.35539e+06,0,0,0,0,1.14038e+06,0,1.21502e+06,0
IN,2023,20230710,0,0,2.46388e+06,-31516.8,0,0,0,1.20407e+06,0,1.2283e+06,0
IN,2023,20230803,0,0,2.49297e+06,0,0,0,0,1.27294e+06,0,1.22003e+06,0
IN,2023,20230831,0,0,2.56852e+06,0,0,0,0,1.2985e+06,0,1.27002e+06,0
IN,2023,20230906,0,0,2.54316e+06,0,0,0,0,1.32319e+06,0,1.21997e+06,0
IN,2023,20230912,0,0,2.60115e+06,0,0,0,0,1.35223e+06,0,1.24892e+06,0
IN,2023,20231005,0,0,2.6469e+06,0,0,0,0,1.39398e+06,0,1.25292e+06,0
IN,2023,20231020,0,0,2.85347e+06,0,0,0,0,1.35617e+06,0,1.49731e+06,0
IN,2023,20231129,0,0,745850,3.82702e+06,0,0,0,1.30177e+06,0,3.2711e+06,0
IN,2023,20231121,0,0,3.13473e+06,0,0,0,0,1.19991e+06,0,1.93482e+06,0
IN,2023,20231228,0,0,3.32419e+06,0,0,0,0,980458,0,2.34373e+06,0
IN,2023,20231218,0,0,3.21538e+06,0,0,0,0,953633,0,2.26175e+06,0
KS,2023,20230103,451173,0,603372,0,0,0,0,137413,0,917133,0
KS,2023,20230130,451173,0,1.17694e+06,0,0,0,0,99589.2,0,1.52852e+06,0
KS,2023,20230213,451173,0,495411,-1.16529e-10,0,0,0,63864.4,0,882720,0
KS,2023,20230216,451173,0,756969,0,0,0,0,67143.2,0,1.141e+06,0
KS,2023,20230306,451173,0,287448,0,0,0,0,71986,0,666636,0
KS,2023,20230315,451173,0,600921,0,0,0,0,80930.5,0,971164,0
KS,2023,20230403,451173,0,212760,0,0,0,0,91832.9,0,572100,0
KS,2023,20230410,451173,0,331261,0,0,0,0,208093,0,574341,0
KS,2023,20230530,451173,0,284900,0,0,0,0,270689,0,465385,0
KS,2023,20230517,451173,0,334452,0,0,0,0,277990,0,507635,0
KS,2023,20230630,451173,0,381799,-1.16529e-10,0,0,0,326759,0,506214,0
KS,2023,20230615,451173,0,371402,0,0,0,0,338821,0,483754,0
KS,2023,20230727,451173,0,444290,0,0,0,0,349637,0,545826,0
KS,2023,20230710,451173,0,406341,0,0,0,0,342206,0,515308,0
KS,2023,20230803,451173,0,449567,0,0,0,0,349968,0,550772,0
KS,2023,20230831,451173,0,423809,0,0,0,0,355303,0,519679,0
KS,2023,20230906,451173,0,435861,1.16529e-10,0,0,0,375484,0,511551,0
KS,2023,20230912,451173,0,495218,0,0,0,0,461379,0,485013,0
KS,2023,20231005,451173,0,531976,1.16529e-10,0,0,0,505880,0,477269,0
KS,2023,20231020,451173,0,552423,0,0,0,0,506812,0,496784,0
KS,2023,20231129,451173,0,991132,1.16529e-10,0,0,0,456656,0,985650,0
KS,2023,20231121,451173,0,667784,0,0,0,0,363833,0,755124,0
KS,2023,20231228,451173,0,848128,-1.16529e-10,0,0,0,262509,0,1.03679e+06,0
KS,2023,20231218,451173,0,520438,0,0,0,0,108279,0,863333,0
KY,2023,20230103,517139,0,469075,0,0,0,0,326056,0,660159,0
KY,2023,20230130,517139,0,593954,0,0,0,0,269439,0,841654,0
KY,2023,20230213,517139,0,609865,0,0,0,0,268931,0,858074,0
KY,2023,20230216,517139,0,660235,-370734,0,0,0,260512,0,546128,0
KY,2023,20230306,517139,0,495545,0,0,0,0,319012,0,693673,0
KY,2023,20230315,517139,0,-1.99227e+06,3.00876e+06,0,0,0,377220,0,1.15641e+06,0
KY,2023,20230403,517139,0,570552,0,0,0,0,448455,0,639237,0
KY,2023,20230410,517139,0,1.66604e+06,-1.13888e+06,0,0,0,456801,0,587499,0
KY,2023,20230530,517139,0,501008,-230708,0,0,0,398698,0,388742,0
KY,2023,20230517,517139,0,345626,0,0,0,0,439205,0,423560,0
KY,2023,20230630,517139,0,434311,0,0,0,0,585783,0,365668,0
KY,2023,20230615,517139,0,2.04249e+06,-1.49131e+06,0,0,0,691534,0,376788,0
KY,2023,20230727,517139,0,670400,0,0,0,0,823162,0,364377,0
KY,2023,20230710,517139,0,707930,0,0,0,0,852752,0,372317,0
KY,2023,20230803,517139,0,719629,0,0,0,0,869952,0,366816,0
KY,2023,20230831,517139,0,781745,0,0,0,0,913275,0,385609,0
KY,2023,20230906,517139,0,839689,0,0,0,0,984534,0,372295,0
KY,2023,20230912,517139,0,977961,0,0,0,0,1.11483e+06,0,380268,0
KY,2023,20231005,517139,0,1.08067e+06,0,0,0,0,1.20365e+06,0,394162,0
KY,2023,20231020,517139,0,1.05656e+06,0,0,0,0,1.11772e+06,0,455982,0
KY,2023,20231129,517139,0,1.83006e+06,0,0,0,0,1.03913e+06,0,1.30807e+06,0
KY,2023,20231121,517139,0,1.01621e+06,0,0,0,0,920541,0,612808,0
KY,2023,20231228,517139,0,843029,0,0,0,0,547040,0,813128,0
KY,2023,20231218,517139,0,635703,0,0,0,0,386562,0,766280,0
LA,2023,20230103,1.73652e+07,0,-1.24161e+07,0,0,0,0,1.20665e+06,0,3.74244e+06,0
LA,2023,20230130,1.73652e+07,0,-1.23623e+07,0,0,0,0,1.24992e+06,0,3.75298e+06,0
LA,2023,20230213,1.73652e+07,0,-1.23223e+07,0,0,0,0,1.01954e+06,0,4.0234e+06,0
LA,2023,20230216,1.73652e+07,0,-1.03673e+07,-2.21065e+06,0,0,0,1.1557e+06,0,3.63162e+06,0
LA,2023,20230306,1.73652e+07,0,-1.25566e+07,0,0,0,0,1.09637e+06,0,3.71226e+06,0
LA,2023,20230315,1.73652e+07,0,-1.45384e+07,2.52419e+06,0,0,0,1.28279e+06,0,4.06823e+06,0
LA,2023,20230403,1.73652e+07,0,-1.22871e+07,0,0,0,0,1.49891e+06,0,3.57923e+06,0
LA,2023,20230410,1.73652e+07,0,-1.2056e+07,0,0,0,0,1.57981e+06,0,3.72947e+06,0
LA,2023,20230530,1.73652e+07,0,-1.22688e+07,0,0,0,0,1.5852e+06,0,3.51123e+06,0
LA,2023,20230517,1.73652e+07,0,-1.22244e+07,0,0,0,0,1.62363e+06,0,3.51723e+06,0
LA,2023,20230630,1.73652e+07,0,-1.20831e+07,0,0,0,0,1.77449e+06,0,3.50769e+06,0
LA,2023,20230615,1.73652e+07,0,-1.19769e+07,0,0,0,0,1.87876e+06,0,3.50962e+06,0
LA,2023,20230727,1.73652e+07,0,-1.12116e+07,-669272,0,0,0,1.97784e+06,0,3.50653e+06,0
LA,2023,20230710,1.73652e+07,0,-1.14998e+07,-290791,0,0,0,2.06774e+06,0,3.50695e+06,0
LA,2023,20230803,1.73652e+07,0,-1.17289e+07,0,0,0,0,2.12974e+06,0,3.50664e+06,0
LA,2023,20230831,1.73652e+07,0,-1.16548e+07,0,0,0,0,2.2017e+06,0,3.50871e+06,0
LA,2023,20230906,1.73652e+07,0,-1.16129e+07,0,0,0,0,2.24192e+06,0,3.51038e+06,0
LA,2023,20230912,1.73652e+07,0,-1.15658e+07,0,0,0,0,2.2967e+06,0,3.50278e+06,0
LA,2023,20231005,1.73652e+07,0,-1.15131e+07,0,0,0,0,2.32121e+06,0,3.53092e+06,0
LA,2023,20231020,1.73652e+07,0,-1.15383e+07,0,0,0,0,2.25921e+06,0,3.56772e+06,0
LA,2023,20231129,1.73652e+07,0,-1.09522e+07,0,0,0,0,2.20408e+06,0,4.20893e+06,0
LA,2023,20231121,1.73652e+07,0,-1.16521e+07,0,0,0,0,2.0168e+06,0,3.69636e+06,0
LA,2023,20231228,1.73652e+07,0,-1.15783e+07,0,0,0,0,1.68108e+06,0,4.10588e+06,0
LA,2023,20231218,1.73652e+07,0,-1.17878e+07,0,0,0,0,1.47066e+06,0,4.10681e+06,0
MA,2023,20230103,0,0,1.41533e+06,0,0,0,0,13793.5,0,1.40154e+06,0
MA,2023,20230130,0,0,1.31268e+06,0,0,0,0,4568.53,0,1.30811e+06,0
MA,2023,20230213,0,0,1.34177e+06,0,0,0,0,9620.42,0,1.33215e+06,0
MA,2023,20230216,0,0,1.08293e+06,0,0,0,0,7351.94,0,1.07558e+06,0
MA,2023,20230306,0,0,1.43171e+06,0,0,0,0,0,0,1.43171e+06,0
MA,2023,20230315,0,0,1.49857e+06,0,0,0,0,434.193,0,1.49814e+06,0
MA,2023,20230403,0,0,1.57657e+06,0,0,0,19828.7,56205.3,0,1.50054e+06,0
MA,2023,20230410,0,0,1.3868e+06,0,0,0,0,227819,0,1.15898e+06,0
MA,2023,20230530,0,0,765345,0,0,0,0,234308,0,531037,0
MA,2023,20230517,0,0,667593,0,0,0,0,180963,0,486630,0
MA,2023,20230630,0,0,491488,0,0,0,0,147809,0,343679,0
MA,2023,20230615,0,0,501104,0,0,0,0,123934,0,377170,0
MA,2023,20230727,0,0,418896,0,0,0,0,96227,0,322669,0
MA,2023,20230710,0,0,462308,0,0,0,0,131977,0,330330,0
MA,2023,20230803,0,0,609701,0,0,0,0,270473,0,339227,0
MA,2023,20230831,0,0,766374,0,0,0,0,439256,0,327119,0
MA,2023,20230906,0,0,943266,0,0,0,0,626227,0,317039,0
MA,2023,20230912,0,0,1.12032e+06,0,0,0,0,801757,0,318565,0
MA,2023,20231005,0,0,1.28848e+06,0,0,0,0,933625,0,354857,0
MA,2023,20231020,0,0,1.44225e+06,0,0,0,0,956481,0,485767,0
MA,2023,20231129,0,215036,1.94171e+06,0,0,0,0,742347,0,1.4144e+06,0
MA,2023,20231121,0,16899.8,1.9213e+06,0,0,0,0,499298,0,1.4389e+06,0
MA,2023,20231228,0,0,1.46728e+06,0,0,0,0,423384,0,1.04389e+06,0
MA,2023,20231218,0,0,1.13843e+06,0,0,0,0,199460,0,938974,0
MD,2023,20230103,0,0,1.01899e+06,0,0,0,0,325125,0,693862,0
MD,2023,20230130,0,0,1.01705e+06,0,0,0,0,258819,0,758227,0
MD,2023,20230213,0,0,1.10701e+06,0,0,0,0,253964,0,853046,0
MD,2023,20230216,0,0,729908,0,0,0,0,257041,0,472867,0
MD,2023,20230306,0,0,892545,0,0,0,0,265712,0,626833,0
MD,2023,20230315,0,0,838552,386411,0,0,0,266625,0,958338,0
MD,2023,20230403,0,0,985224,0,0,0,0,347647,0,637578,0
MD,2023,20230410,0,0,971732,0,0,0,0,409126,0,562606,0
MD,2023,20230530,0,0,1.14157e+06,-424647,0,0,0,489014,0,227909,0
MD,2023,20230517,0,0,1.14758e+06,-424535,0,0,0,496531,0,226519,0
MD,2023,20230630,0,0,697469,0,0,0,0,504198,0,193271,0
MD,2023,20230615,0,0,775208,0,0,0,0,559621,0,215587,0
MD,2023,20230727,0,0,770434,0,0,0,0,585987,0,184448,0
MD,2023,20230710,0,0,926438,-142329,0,0,0,595613,0,188495,0
MD,2023,20230803,0,0,794842,0,0,0,0,611052,0,183789,0
MD,2023,20230831,0,0,891788,-63813.2,0,0,0,644594,0,183380,0
MD,2023,20230906,0,0,847695,0,0,0,0,664663,0,183032,0
MD,2023,20230912,0,0,862823,0,0,0,0,677851,0,184972,0
MD,2023,20231005,0,0,865320,0,0,0,0,653418,0,211902,0
MD,2023,20231020,0,0,878082,0,0,0,0,593994,0,284088,0
MD,2023,20231129,0,0,1.6701e+06,0,0,0,0,583820,0,1.08628e+06,0
MD,2023,20231121,0,0,959829,258702,0,0,0,542596,0,675935,0
MD,2023,20231228,0,0,1.03107e+06,0,0,0,0,495500,0,535566,0
MD,2023,20231218,0,0,937345,0,0,0,0,428618,0,508726,0
ME,2023,20230103,0,0,476795,0,31459.7,0,0,100800,291082,116373,0
ME,2023,20230130,0,0,402006,0,31459.7,0,0,12180.6,291082,130203,0
ME,2023,20230213,0,0,314845,0,162891,0,0,0,349375,128361,0
ME,2023,20230216,0,0,313846,0,162891,0,0,0,349375,127362,0
ME,2023,20230306,0,0,465147,0,18829,0,0,8079.48,350027,125869,0
ME,2023,20230315,0,0,462322,0,18829,0,0,9871.09,350027,121253,0
ME,2023,20230403,0,0,455844,0,20859.7,0,0,67453.1,295304,113946,0
ME,2023,20230410,0,0,487311,0,20859.7,0,0,114854,295304,98012.1,0
ME,2023,20230530,0,0,459329,0,22941.6,0,0,125568,293175,63528.1,0
ME,2023,20230517,0,0,458451,0,22941.6,0,0,122249,293175,65969.4,0
ME,2023,20230630,0,0,431307,0,46075.2,0,0,139698,291025,46658,0
ME,2023,20230615,0,0,451616,0,46075.2,0,0,153047,291025,53618.6,0
ME,2023,20230727,0,0,383109,0,79941.1,0,0,158232,262959,41859.1,0
ME,2023,20230710,0,0,390907,0,79941.1,0,0,163847,262959,44042.1,0
ME,2023,20230803,0,0,472235,0,34027.1,0,0,169835,275695,60732.2,0
ME,2023,20230831,0,0,486532,0,34027.1,0,0,197577,275695,47287.1,0
ME,2023,20230906,0,0,508501,0,17716.8,0,0,209267,282314,34636.5,0
ME,2023,20230912,0,0,521355,0,17716.8,0,0,222738,282314,34020.1,0
ME,2023,20231005,0,0,492369,0,25239.8,0,0,231458,250158,35992.3,0
ME,2023,20231020,0,0,502245,0,25239.8,0,0,228556,250158,48770.7,0
ME,2023,20231129,0,0,624077,0,39348.7,0,0,217666,311074,134686,0
ME,2023,20231121,0,0,631260,0,39348.7,0,0,202371,311074,157164,0
ME,2023,20231228,0,0,561096,0,57209,0,0,195644,331266,91394.5,0
ME,2023,20231218,0,0,495440,0,57209,0,0,138414,331266,82969.2,0
MI,2023,20230103,0,0,6.43571e+06,0,175969,0,0,1.50188e+06,2.26634e+06,2.84345e+06,0
MI,2023,20230130,0,0,5.76941e+06,1.22238e+06,175969,0,0,1.38928e+06,2.26634e+06,3.51214e+06,0
MI,2023,20230213,0,0,5.50276e+06,533872,165977,0,0,1.35254e+06,2.23681e+06,2.61326e+06,0
MI,2023,20230216,0,0,5.7267e+06,0,165977,0,0,1.35561e+06,2.23681e+06,2.30026e+06,0
MI,2023,20230306,0,0,5.97631e+06,0,139400,0,0,1.37691e+06,2.29395e+06,2.44485e+06,0
MI,2023,20230315,0,0,6.65043e+06,607807,139400,0,0,1.57108e+06,2.29395e+06,3.53261e+06,0
MI,2023,20230403,0,0,5.67272e+06,0,243472,0,0,1.90655e+06,1.40917e+06,2.60047e+06,0
MI,2023,20230410,0,0,5.19744e+06,-167986,243472,0,0,2.07127e+06,1.40917e+06,1.79249e+06,0
MI,2023,20230530,0,0,8.93998e+06,-4.76511e+06,244644,0,0,2.12258e+06,1.41312e+06,883811,0
MI,2023,20230517,0,0,5.19744e+06,-766745,244644,0,0,2.08635e+06,1.41312e+06,1.17587e+06,0
MI,2023,20230630,0,0,5.19744e+06,-1.28612e+06,334902,0,0,2.09603e+06,1.39868e+06,751519,0
MI,2023,20230615,0,0,5.99474e+06,-1.9594e+06,334902,0,0,2.11841e+06,1.39868e+06,853150,0
MI,2023,20230727,0,0,5.19744e+06,-1.34306e+06,407917,0,0,2.13902e+06,1.39896e+06,724315,0
MI,2023,20230710,0,0,5.19744e+06,-1.2844e+06,407917,0,0,2.18096e+06,1.39896e+06,741045,0
MI,2023,20230803,0,0,5.19744e+06,-1.85611e+06,645452,0,0,2.21229e+06,1.05177e+06,722723,0
MI,2023,20230831,0,0,5.16331e+06,-1.58822e+06,645452,0,0,2.40098e+06,1.05177e+06,767797,0
MI,2023,20230906,0,0,5.09884e+06,-759350,421172,0,0,2.51707e+06,1.47778e+06,765810,0
MI,2023,20230912,0,0,4.86839e+06,-442252,421172,0,0,2.57592e+06,1.47778e+06,793608,0
MI,2023,20231005,0,0,3.87834e+06,0,704671,0,0,2.62457e+06,1.10271e+06,855726,0
MI,2023,20231020,0,0,4.21212e+06,0,704671,0,0,2.62766e+06,1.10271e+06,1.18643e+06,0
MI,2023,20231129,0,0,1.49011e+06,6.30521e+06,161267,0,0,2.56769e+06,1.88057e+06,3.50833e+06,0
MI,2023,20231121,0,0,4.08319e+06,2.33167e+06,161267,0,0,2.33725e+06,1.88057e+06,2.35831e+06,0
MI,2023,20231228,0,0,3.98497e+06,2.60806e+06,143599,0,0,1.97148e+06,2.44552e+06,2.31963e+06,0
MI,2023,20231218,0,0,4.33087e+06,2.06626e+06,143599,0,0,1.75758e+06,2.44552e+06,2.33763e+06,0
MN,2023,20230103,0,0,1.33654e+06,0,1.23079e+06,0,0,685610,9569.23,1.87216e+06,0
MN,2023,20230130,0,0,1.98682e+06,70504.2,1.23079e+06,0,0,635513,9569.23,2.64304e+06,0
MN,2023,20230213,0,0,925216,0,1.21744e+06,0,0,600881,15099,1.52668e+06,0
MN,2023,20230216,0,0,1.20205e+06,0,1.21744e+06,0,0,562563,15099,1.84183e+06,0
MN,2023,20230306,0,0,1.19339e+06,0,1.00238e+06,0,0,612231,10545.7,1.573e+06,0
MN,2023,20230315,0,0,1.61906e+06,0,1.00238e+06,0,0,692656,10545.7,1.91824e+06,0
MN,2023,20230403,0,0,1.05448e+06,0,1.06429e+06,0,0,941313,12377.1,1.16508e+06,0
MN,2023,20230410,0,0,869762,0,1.06429e+06,0,0,1.02071e+06,12377.1,900961,0
MN,2023,20230530,0,0,322364,0,1.27639e+06,0,0,1.04717e+06,14972.3,536611,0
MN,2023,20230517,0,0,374017,0,1.27639e+06,0,0,1.01363e+06,14972.3,621809,0
MN,2023,20230630,0,0,341756,0,1.23789e+06,0,0,1.04873e+06,11738,519184,0
MN,2023,20230615,0,0,436682,-70504.2,1.23789e+06,0,0,1.04623e+06,11738,546104,0
MN,2023,20230727,0,0,111560,0,1.44303e+06,0,0,1.03404e+06,5858.71,514692,0
MN,2023,20230710,0,0,69506.6,0,1.44303e+06,0,0,984459,5858.71,522224,0
MN,2023,20230803,0,0,252644,0,1.27609e+06,0,0,1.00579e+06,6477.13,516473,0
MN,2023,20230831,0,0,293022,0,1.27609e+06,0,0,1.02738e+06,6477.13,535252,0
MN,2023,20230906,0,0,299212,0,1.33974e+06,0,0,1.10293e+06,6255.8,529766,0
MN,2023,20230912,0,0,379451,0,1.33974e+06,0,0,1.14585e+06,6255.8,567085,0
MN,2023,20231005,0,0,623654,0,1.21532e+06,0,0,1.20336e+06,8039.45,627575,0
MN,2023,20231020,0,0,748411,0,1.21532e+06,0,0,1.16951e+06,8039.45,786176,0
MN,2023,20231129,0,0,1.38446e+06,0,1.55937e+06,0,0,1.11507e+06,7634.77,1.82112e+06,0
MN,2023,20231121,0,0,640507,0,1.55937e+06,0,0,1.0474e+06,7634.77,1.14484e+06,0
MN,2023,20231228,0,0,669475,0,1.71876e+06,0,0,875895,8137.1,1.5042e+06,0
MN,2023,20231218,0,0,634701,0,1.71876e+06,0,0,786927,8137.1,1.5584e+06,0
MO,2023,20230103,0,0,1.3979e+06,0,0,0,0,426258,0,971647,0
MO,2023,20230130,0,0,2.12264e+06,0,0,0,0,334372,0,1.78827e+06,0
MO,2023,20230213,0,0,1.3193e+06,0,0,0,0,274596,0,1.04471e+06,0
MO,2023,20230216,0,0,1.25782e+06,0,0,0,0,262495,0,995322,0
MO,2023,20230306,0,0,985939,0,0,0,0,274548,0,711390,0
MO,2023,20230315,0,0,1.61838e+06,128882,0,0,0,443172,0,1.30409e+06,0
MO,2023,20230403,0,0,1.21891e+06,0,0,0,0,649266,0,569649,0
MO,2023,20230410,0,0,1.25509e+06,0,0,0,0,728465,0,526625,0
MO,2023,20230530,0,0,1.14082e+06,0,0,0,0,832418,0,308397,0
MO,2023,20230517,0,0,1.32211e+06,-128882,0,0,0,832205,0,361024,0
MO,2023,20230630,0,0,1.11731e+06,0,0,0,0,840725,0,276582,0
MO,2023,20230615,0,0,1.09378e+06,0,0,0,0,801553,0,292226,0
MO,2023,20230727,0,0,1.06446e+06,0,0,0,0,794421,0,270041,0
MO,2023,20230710,0,0,1.08324e+06,0,0,0,0,805544,0,277699,0
MO,2023,20230803,0,0,1.06789e+06,0,0,0,0,798623,0,269268,0
MO,2023,20230831,0,0,1.0957e+06,0,0,0,0,821784,0,273920,0
MO,2023,20230906,0,0,1.1903e+06,0,0,0,0,920120,0,270184,0
MO,2023,20230912,0,0,1.26462e+06,0,0,0,0,987683,0,276941,0
MO,2023,20231005,0,0,1.40393e+06,0,0,0,0,1.11407e+06,0,289863,0
MO,2023,20231020,0,0,1.41615e+06,0,0,0,0,1.04861e+06,0,367544,0
MO,2023,20231129,0,0,2.17412e+06,0,0,0,0,1.00902e+06,0,1.1651e+06,0
MO,2023,20231121,0,0,1.55085e+06,0,0,0,0,856798,0,694050,0
MO,2023,20231228,0,0,1.8611e+06,0,0,0,0,702513,0,1.15859e+06,0
MO,2023,20231218,0,0,1.53634e+06,0,0,0,0,571077,0,965258,0
MS,2023,20230103,79495.1,0,1.98548e+06,0,0,0,0,1.58313e+06,0,481851,0
MS,2023,20230130,79495.1,0,2.0799e+06,0,0,0,0,1.57987e+06,0,579517,0
MS,2023,20230213,79495.1,0,2.19485e+06,0,0,0,0,1.55733e+06,0,717014,0
MS,2023,20230216,79495.1,0,1.96158e+06,0,0,0,0,1.57414e+06,0,466934,0
MS,2023,20230306,79495.1,0,2.02479e+06,0,0,0,0,1.57478e+06,0,529502,0
MS,2023,20230315,79495.1,0,2.28343e+06,0,0,0,0,1.58587e+06,0,777052,0
MS,2023,20230403,79495.1,0,2.02754e+06,0,0,0,0,1.60556e+06,0,501479,0
MS,2023,20230410,79495.1,0,2.06883e+06,0,0,0,0,1.61132e+06,0,537012,0
MS,2023,20230530,79495.1,0,1.99633e+06,0,0,0,0,1.6181e+06,0,457720,0
MS,2023,20230517,79495.1,0,1.99195e+06,0,0,0,0,1.62177e+06,0,449679,0
MS,2023,20230630,79495.1,0,1.98462e+06,0,0,0,0,1.6185e+06,0,445619,0
MS,2023,20230615,79495.1,0,1.987e+06,0,0,0,0,1.61863e+06,0,447872,0
MS,2023,20230727,79495.1,0,1.98881e+06,0,0,0,0,1.62818e+06,0,440132,0
MS,2023,20230710,79495.1,0,1.99367e+06,0,0,0,0,1.62943e+06,0,443741,0
MS,2023,20230803,79495.1,0,1.98995e+06,0,0,0,0,1.63087e+06,0,438583,0
MS,2023,20230831,79495.1,0,1.98772e+06,0,0,0,0,1.63357e+06,0,433644,0
MS,2023,20230906,79495.1,0,1.99888e+06,0,0,0,0,1.64643e+06,0,431947,0
MS,2023,20230912,79495.1,0,2.01602e+06,0,0,0,0,1.66395e+06,0,431567,0
MS,2023,20231005,79495.1,0,2.02844e+06,0,0,0,0,1.67391e+06,0,434025,0
MS,2023,20231020,79495.1,0,2.05138e+06,0,0,0,0,1.67145e+06,0,459420,0
MS,2023,20231129,79495.1,0,2.28696e+06,0,0,0,0,1.668e+06,0,698459,0
MS,2023,20231121,79495.1,0,2.06375e+06,0,0,0,0,1.65521e+06,0,488032,0
MS,2023,20231228,79495.1,0,2.25475e+06,0,0,0,0,1.62347e+06,0,710772,0
MS,2023,20231218,79495.1,0,2.20221e+06,0,0,0,0,1.60677e+06,0,674936,0
MT,2023,20230103,44759.3,0,-461121,0,801947,0,0,17730.9,0,367854,0
MT,2023,20230130,44759.3,0,-262169,0,801947,0,0,14526.3,0,570010,0
MT,2023,20230213,44759.3,0,-338049,0,604201,0,0,8671.47,0,302239,0
MT,2023,20230216,44759.3,0,-238612,0,604201,0,0,7114.71,0,403234,0
MT,2023,20230306,44759.3,0,-194120,0,525790,0,0,7838.71,0,368591,0
MT,2023,20230315,44759.3,0,-2.30732e+06,2.01493e+06,525790,0,0,15069.2,0,263085,0
MT,2023,20230403,44759.3,0,-209048,0,491829,0,0,24994.1,0,302547,0
MT,2023,20230410,44759.3,0,-314020,0,491829,0,0,32455.1,0,190114,0
MT,2023,20230530,44759.3,0,-351925,-120291,588780,0,0,31903.6,0,129420,0
MT,2023,20230517,44759.3,0,154343,-623022,588780,0,0,32354.2,0,132506,0
MT,2023,20230630,44759.3,0,-330001,-181505,613394,0,0,30250.8,0,116396,0
MT,2023,20230615,44759.3,0,-339427,-156375,613394,0,0,32732.2,0,129620,0
MT,2023,20230727,44759.3,0,203960,-697006,592020,0,0,30800.4,0,112932,0
MT,2023,20230710,44759.3,0,227535,-724586,592020,0,0,27870.6,0,111858,0
MT,2023,20230803,44759.3,0,50822.7,-453130,498282,0,0,32275.4,0,108459,0
MT,2023,20230831,44759.3,0,-54581.9,-339016,498282,0,0,33277.7,0,116166,0
MT,2023,20230906,44759.3,0,-211252,-146607,469177,0,0,35557,0,120520,0
MT,2023,20230912,44759.3,0,-232616,-119143,469177,0,0,41691.5,0,120485,0
MT,2023,20231005,44759.3,0,-426641,0,575190,0,0,45720.6,0,147588,0
MT,2023,20231020,44759.3,0,-438429,0,575190,0,0,41619.6,0,139901,0
MT,2023,20231129,44759.3,0,-253541,45682.7,499141,0,0,39313.2,0,296729,0
MT,2023,20231121,44759.3,0,-242180,0,499141,0,0,33730.3,0,267990,0
MT,2023,20231228,44759.3,0,-187564,0,506714,0,0,26243.7,0,337665,0
MT,2023,20231218,44759.3,0,-214653,0,506714,0,0,20836.6,0,315983,0
NC,2023,20230103,0,0,1.99928e+06,0,0,0,0,1.0286e+06,0,970675,0
NC,2023,20230130,0,0,2.13975e+06,0,0,0,0,1.00576e+06,0,1.13399e+06,0
NC,2023,20230213,0,0,2.38483e+06,0,0,0,0,1.0106e+06,0,1.37424e+06,0
NC,2023,20230216,0,0,1.84139e+06,0,0,0,0,1.08727e+06,0,754116,0
NC,2023,20230306,0,0,2.01376e+06,0,0,0,0,1.14584e+06,0,867922,0
NC,2023,20230315,0,0,3.02166e+06,0,0,0,0,1.27603e+06,0,1.74563e+06,0
NC,2023,20230403,0,0,2.17347e+06,0,0,0,0,1.42524e+06,0,748233,0
NC,2023,20230410,0,0,2.32151e+06,0,0,0,0,1.29228e+06,0,1.02923e+06,0
NC,2023,20230530,0,0,1.62126e+06,0,0,0,0,1.15167e+06,0,469594,0
NC,2023,20230517,0,0,1.65616e+06,0,0,0,0,1.19904e+06,0,457127,0
NC,2023,20230630,0,0,1.78118e+06,0,0,0,0,1.34457e+06,0,436613,0
NC,2023,20230615,0,0,1.8296e+06,0,0,0,0,1.38252e+06,0,447083,0
NC,2023,20230727,0,0,1.85448e+06,0,0,0,0,1.42056e+06,0,433917,0
NC,2023,20230710,0,0,1.9073e+06,0,0,0,0,1.47294e+06,0,434365,0
NC,2023,20230803,0,0,2.00679e+06,0,0,0,0,1.56968e+06,0,437112,0
NC,2023,20230831,0,0,2.14097e+06,0,0,0,0,1.69604e+06,0,444930,0
NC,2023,20230906,0,0,2.32639e+06,0,0,0,0,1.87984e+06,0,446550,0
NC,2023,20230912,0,0,2.70767e+06,0,0,0,0,2.25615e+06,0,451519,0
NC,2023,20231005,0,0,2.84702e+06,0,0,0,0,2.35283e+06,0,494190,0
NC,2023,20231020,0,0,2.82736e+06,0,0,0,0,2.23242e+06,0,594945,0
NC,2023,20231129,0,0,3.5082e+06,0,0,0,0,1.94883e+06,0,1.55937e+06,0
NC,2023,20231121,0,0,2.53192e+06,0,0,0,0,1.67555e+06,0,856362,0
NC,2023,20231228,0,0,2.07539e+06,0,0,0,0,1.25136e+06,0,824034,0
NC,2023,20231218,0,0,2.00011e+06,0,0,0,0,1.10295e+06,0,897154,0
ND,2023,20230103,0,0,-1.03211e+06,0,1.40696e+06,0,0,74789.5,1432.13,298628,0
ND,2023,20230130,0,0,-974308,0,1.40696e+06,0,0,65263.9,1432.13,365958,0
ND,2023,20230213,0,0,-1.04466e+06,0,1.34982e+06,0,0,49286,1513.5,254358,0
ND,2023,20230216,0,0,-987811,0,1.34982e+06,0,0,45273.2,1513.5,315218,0
ND,2023,20230306,0,0,-1.01665e+06,0,1.34956e+06,0,0,49492.5,1627.42,281792,0
ND,2023,20230315,0,0,-993781,0,1.34956e+06,0,0,83134.4,1627.42,271018,0
ND,2023,20230403,0,0,-856145,0,1.20393e+06,0,0,108563,1547.13,237676,0
ND,2023,20230410,0,0,-872086,0,1.20393e+06,0,0,112683,1547.13,217615,0
ND,2023,20230530,0,0,-894874,0,1.17085e+06,0,0,113853,1204.29,160916,0
ND,2023,20230517,0,0,-888829,0,1.17085e+06,0,0,111707,1204.29,169107,0
ND,2023,20230630,0,0,-937665,0,1.18531e+06,0,0,110316,1513.5,135815,0
ND,2023,20230615,0,0,-927296,0,1.18531e+06,0,0,108096,1513.5,148405,0
ND,2023,20230727,0,0,-1.09825e+06,0,1.3331e+06,0,0,111178,1367.03,122296,0
ND,2023,20230710,0,0,-1.09612e+06,0,1.3331e+06,0,0,106619,1367.03,128987,0
ND,2023,20230803,0,0,-1.09624e+06,0,1.32509e+06,0,0,105368,1497.23,121994,0
ND,2023,20230831,0,0,-1.07045e+06,0,1.32509e+06,0,0,114583,1497.23,138564,0
ND,2023,20230906,0,0,-939683,0,1.20714e+06,0,0,124750,1109.9,141600,0
ND,2023,20230912,0,0,-924234,0,1.20714e+06,0,0,132807,1109.9,148992,0
ND,2023,20231005,0,0,-906396,0,1.23083e+06,0,0,133965,1334.48,189130,0
ND,2023,20231020,0,0,-891463,0,1.23083e+06,0,0,127919,1334.48,210110,0
ND,2023,20231129,0,0,-1.02221e+06,0,1.39431e+06,0,0,124011,1009,247078,0
ND,2023,20231121,0,0,-1.0416e+06,0,1.39431e+06,0,0,116803,1009,234892,0
ND,2023,20231228,0,0,-1.04714e+06,0,1.41569e+06,0,0,94011.9,585.871,273950,0
ND,2023,20231218,0,0,-1.06459e+06,0,1.41569e+06,0,0,78599.8,585.871,271916,0
NE,2023,20230103,0,0,802963,0,0,0,0,154445,0,648518,0
NE,2023,20230130,0,0,1.14804e+06,0,0,0,0,109941,0,1.0381e+06,0
NE,2023,20230213,0,0,697406,0,0,0,0,85057.9,0,612348,0
NE,2023,20230216,0,0,853349,0,0,0,0,78998.2,0,774350,0
NE,2023,20230306,0,0,580395,0,0,0,0,81633.4,0,498761,0
NE,2023,20230315,0,0,268570,446045,0,0,0,127397,0,587218,0
NE,2023,20230403,0,0,582252,0,0,0,0,187181,0,395071,0
NE,2023,20230410,0,0,581663,0,0,0,0,220511,0,361152,0
NE,2023,20230530,0,0,575778,0,0,0,0,283799,0,291979,0
NE,2023,20230517,0,0,575805,0,0,0,0,266468,0,309337,0
NE,2023,20230630,0,0,570557,0,0,0,0,248354,0,322203,0
NE,2023,20230615,0,0,540629,0,0,0,0,233624,0,307006,0
NE,2023,20230727,0,0,2.11421e+06,-1.53688e+06,0,0,0,227060,0,350273,0
NE,2023,20230710,0,0,557569,0,0,0,0,225048,0,332521,0
NE,2023,20230803,0,0,1.96933e+06,-1.38972e+06,0,0,0,225946,0,353658,0
NE,2023,20230831,0,0,942765,-346557,0,0,0,261561,0,334647,0
NE,2023,20230906,0,0,596590,0,0,0,0,270284,0,326307,0
NE,2023,20230912,0,0,605369,0,0,0,0,284068,0,321301,0
NE,2023,20231005,0,0,613299,0,0,0,0,302563,0,310735,0
NE,2023,20231020,0,0,620593,0,0,0,0,303395,0,317199,0
NE,2023,20231129,0,0,869402,0,0,0,0,293802,0,575600,0
NE,2023,20231121,0,0,729094,0,0,0,0,252079,0,477015,0
NE,2023,20231228,0,0,814836,0,0,0,0,209868,0,604968,0
NE,2023,20231218,0,0,695506,0,0,0,0,150512,0,544994,0
NH,2023,20230103,0,0,5321.83,0,355873,0,17738.7,225516,0,117941,0
NH,2023,20230130,0,0,-72167.1,0,355873,0,10358.8,161494,0,111854,0
NH,2023,20230213,0,0,-93332.6,0,352161,0,2290.51,148579,0,107959,0
NH,2023,20230216,0,0,-124674,0,352161,0,0,139176,0,88310.5,0
NH,2023,20230306,0,0,-103065,0,345557,0,10344.2,123168,0,108980,0
NH,2023,20230315,0,0,-108691,0,345557,0,11442.2,107550,0,117874,0
NH,2023,20230403,0,0,-46185.8,0,325403,0,24506.5,121321,0,133390,0
NH,2023,20230410,0,0,-19096,0,325403,0,24506.5,183895,0,97905.8,0
NH,2023,20230530,0,0,14992.2,0,255556,0,4926.51,212384,292.935,52944.2,0
NH,2023,20230517,0,0,42029.9,0,255556,0,13692.8,230992,292.935,52607.3,0
NH,2023,20230630,0,0,-13985.5,0,304152,0,6204.5,241877,840.833,41243.9,0
NH,2023,20230615,0,0,-5463.9,0,304152,0,7257.73,247390,840.833,43199.6,0
NH,2023,20230727,0,0,-63265.2,0,350682,0,3105.47,242770,1562.32,39979.5,0
NH,2023,20230710,0,0,-65287.4,0,350682,0,2748.34,240650,1562.32,40434.6,0
NH,2023,20230803,0,0,21042.6,0,273973,0,4161.98,251151,1171.74,38530.5,0
NH,2023,20230831,0,0,27149.1,0,273973,0,4733.77,254707,1171.74,40509.4,0
NH,2023,20230906,0,0,26382.2,0,274837,0,3488.41,254707,773.567,42250.2,0
NH,2023,20230912,0,0,27526.2,0,274837,0,3873.28,254707,773.567,43009.3,0
NH,2023,20231005,0,0,68977.6,0,232708,0,0,254755,195.29,46735.4,0
NH,2023,20231020,0,0,79821.1,0,232708,0,5473.95,254755,195.29,52104.9,0
NH,2023,20231129,0,13104,-250.426,0,350550,0,0,254755,0,108649,0
NH,2023,20231121,0,0,12979.3,0,350550,0,0,254707,0,108823,0
NH,2023,20231228,0,0,-12183.1,0,378886,0,13265.1,254707,162.742,98568.6,0
NH,2023,20231218,0,0,-26769.8,0,378886,0,8190.5,254707,162.742,89056.5,0
NJ,2023,20230103,0,0,2.09117e+06,0,0,0,0,200666,0,1.8905e+06,0
NJ,2023,20230130,0,0,2.07198e+06,0,0,0,0,138540,0,1.93344e+06,0
NJ,2023,20230213,0,0,2.31187e+06,0,0,0,0,116362,0,2.19551e+06,0
NJ,2023,20230216,0,0,1.44126e+06,0,0,0,0,103831,0,1.33743e+06,0
NJ,2023,20230306,0,0,1.85194e+06,0,0,0,0,100757,0,1.75118e+06,0
NJ,2023,20230315,0,0,2.66783e+06,0,0,0,0,99010.4,0,2.56882e+06,0
NJ,2023,20230403,0,0,2.36492e+06,0,0,0,0,367696,0,1.99722e+06,0
NJ,2023,20230410,0,0,2.34947e+06,0,0,0,0,572299,0,1.77717e+06,0
NJ,2023,20230530,0,0,1.34888e+06,0,0,0,0,646652,0,702228,0
NJ,2023,20230517,0,0,1.44501e+06,0,0,0,0,736739,0,708273,0
NJ,2023,20230630,0,0,1.40201e+06,0,0,0,0,804295,0,597717,0
NJ,2023,20230615,0,0,1.49301e+06,0,0,0,0,861923,0,631092,0
NJ,2023,20230727,0,0,1.42826e+06,0,0,0,0,845588,0,582673,0
NJ,2023,20230710,0,0,1.56312e+06,0,0,0,0,972344,0,590771,0
NJ,2023,20230803,0,0,1.61998e+06,0,0,0,0,1.0591e+06,0,560884,0
NJ,2023,20230831,0,0,1.92262e+06,0,0,0,0,1.33865e+06,0,583967,0
NJ,2023,20230906,0,0,2.24736e+06,0,0,0,0,1.65137e+06,0,595995,0
NJ,2023,20230912,0,0,2.57374e+06,0,0,0,0,1.97255e+06,0,601187,0
NJ,2023,20231005,0,0,2.69428e+06,0,0,0,0,2.04478e+06,0,649501,0
NJ,2023,20231020,0,0,2.849e+06,0,0,0,0,2.04268e+06,0,806323,0
NJ,2023,20231129,0,0,4.45922e+06,0,0,0,0,2.04021e+06,0,2.41901e+06,0
NJ,2023,20231121,0,0,3.41595e+06,0,0,0,0,1.60452e+06,0,1.81143e+06,0
NJ,2023,20231228,0,0,2.53977e+06,0,0,0,0,969565,0,1.57021e+06,0
NJ,2023,20231218,0,0,1.7695e+06,0,0,0,0,551524,0,1.21798e+06,0
NM,2023,20230103,2.39539e+06,0,-1.67178e+06,0,0,0,0,300133,0,423480,0
NM,2023,20230130,2.39539e+06,0,-2.4512e+06,747600,0,0,0,248255,0,443538,0
NM,2023,20230213,2.39539e+06,0,-1.80328e+06,0,0,0,0,242516,0,349589,0
NM,2023,20230216,2.39539e+06,0,-1.54199e+06,0,0,0,0,243003,0,610401,0
NM,2023,20230306,2.39539e+06,0,-1.62713e+06,-237778,0,0,0,247238,0,283246,0
NM,2023,20230315,2.39539e+06,0,-1.83174e+06,0,0,0,0,267317,0,296330,0
NM,2023,20230403,2.39539e+06,0,-1.88244e+06,0,0,0,0,288290,0,224656,0
NM,2023,20230410,2.39539e+06,0,-1.14345e+06,-739517,0,0,0,313093,0,199330,0
NM,2023,20230530,2.39539e+06,0,-1.94822e+06,0,0,0,0,324506,0,122667,0
NM,2023,20230517,2.39539e+06,0,-1.94222e+06,0,0,0,0,321454,0,131720,0
NM,2023,20230630,2.39539e+06,0,-1.96575e+06,0,0,0,0,322148,0,107490,0
NM,2023,20230615,2.39539e+06,0,-1.95068e+06,0,0,0,0,330189,0,114518,0
NM,2023,20230727,2.39539e+06,0,-1.9577e+06,0,0,0,0,332073,0,105619,0
NM,2023,20230710,2.39539e+06,0,-1.95886e+06,0,0,0,0,330324,0,106206,0
NM,2023,20230803,2.39539e+06,0,-1.9534e+06,0,0,0,0,337005,0,104990,0
NM,2023,20230831,2.39539e+06,0,-1.95251e+06,0,0,0,0,337009,0,105874,0
NM,2023,20230906,2.39539e+06,0,-1.94382e+06,0,0,0,0,345219,0,106355,0
NM,2023,20230912,2.39539e+06,0,-1.93663e+06,0,0,0,0,350858,0,107898,0
NM,2023,20231005,2.39539e+06,0,-1.87543e+06,0,0,0,0,393442,0,126513,0
NM,2023,20231020,2.39539e+06,0,-1.85228e+06,0,0,0,0,402052,0,141054,0
NM,2023,20231129,2.39539e+06,0,-1.63249e+06,0,0,0,0,414654,0,348245,0
NM,2023,20231121,2.39539e+06,0,-1.73742e+06,0,0,0,0,389432,0,268541,0
NM,2023,20231228,2.39539e+06,0,-1.59904e+06,0,0,0,0,346119,0,450231,0
NM,2023,20231218,2.39539e+06,0,-1.70728e+06,0,0,0,0,327925,0,360188,0
NV,2023,20230103,0,0,1.51588e+06,0,0,0,0,988888,0,526995,0
NV,2023,20230130,0,0,1.3927e+06,0,0,0,0,832013,0,560689,0
NV,2023,20230213,0,0,1.11002e+06,0,0,0,0,679212,0,430808,0
NV,2023,20230216,0,0,967074,0,0,0,0,367810,0,599264,0
NV,2023,20230306,0,0,688160,0,0,0,0,200986,0,487174,0
NV,2023,20230315,0,0,525642,0,0,0,0,212216,0,313427,0
NV,2023,20230403,0,0,725982,0,0,0,0,412639,0,313343,0
NV,2023,20230410,0,0,895980,0,0,0,0,642925,0,253055,0
NV,2023,20230530,0,0,786939,0,0,0,0,594207,0,192732,0
NV,2023,20230517,0,0,608679,0,0,0,0,409093,0,199586,0
NV,2023,20230630,0,0,259865,0,0,0,0,86092.3,0,173773,0
NV,2023,20230615,0,0,292319,0,0,0,0,111651,0,180668,0
NV,2023,20230727,0,0,336201,0,0,0,0,177477,0,158724,0
NV,2023,20230710,0,0,405464,0,0,0,0,240388,0,165076,0
NV,2023,20230803,0,0,443951,0,0,0,0,287241,0,156711,0
NV,2023,20230831,0,0,454861,0,0,0,0,293324,0,161537,0
NV,2023,20230906,0,0,500156,0,0,0,0,336784,0,163373,0
NV,2023,20230912,0,0,620212,0,0,0,0,460194,0,160018,0
NV,2023,20231005,0,0,948634,0,0,0,0,768379,0,180255,0
NV,2023,20231020,0,0,1.27221e+06,0,0,0,0,1.08584e+06,0,186375,0
NV,2023,20231129,0,0,1.44133e+06,0,0,0,0,1.09717e+06,0,344160,0
NV,2023,20231121,0,0,1.39982e+06,0,0,0,0,1.09717e+06,0,302653,0
NV,2023,20231228,0,0,1.57434e+06,0,0,0,0,1.09717e+06,0,477172,0
NV,2023,20231218,0,0,1.51092e+06,0,0,0,0,1.09717e+06,0,413750,0
NY,2023,20230103,0,0,5.09287e+06,0,770767,0,0,1.37782e+06,858073,3.62774e+06,0
NY,2023,20230130,0,0,5.02092e+06,0,770767,0,0,1.21124e+06,858073,3.72238e+06,0
NY,2023,20230213,0,0,5.02998e+06,0,746932,0,0,1.09575e+06,830155,3.85101e+06,0
NY,2023,20230216,0,0,3.70656e+06,0,746932,0,0,1.04763e+06,830155,2.57571e+06,0
NY,2023,20230306,0,0,4.73238e+06,0,581175,0,0,1.05992e+06,791023,3.4626e+06,0
NY,2023,20230315,0,0,6.2017e+06,0,581175,0,0,1.08148e+06,791023,4.91037e+06,0
NY,2023,20230403,0,0,5.76877e+06,0,210228,0,0,1.30601e+06,800406,3.87258e+06,0
NY,2023,20230410,0,0,5.24937e+06,0,210228,0,0,1.51539e+06,800406,3.1438e+06,0
NY,2023,20230530,0,0,3.57459e+06,0,107228,0,0,1.61719e+06,815858,1.24876e+06,0
NY,2023,20230517,0,0,3.82533e+06,0,107228,0,0,1.69736e+06,815858,1.41934e+06,0
NY,2023,20230630,0,0,3.23924e+06,-26887.8,444440,0,0,1.80757e+06,823041,1.02618e+06,0
NY,2023,20230615,0,0,3.35641e+06,0,444440,0,0,1.84138e+06,823041,1.13642e+06,0
NY,2023,20230727,0,0,3.38916e+06,-354733,582630,0,0,1.82118e+06,819145,976729,0
NY,2023,20230710,0,0,3.07942e+06,-18105.2,582630,0,0,1.82904e+06,819145,995753,0
NY,2023,20230803,0,0,3.40148e+06,0,305549,0,0,1.87902e+06,843524,984480,0
NY,2023,20230831,0,0,3.48661e+06,0,305549,0,0,1.97386e+06,843524,974780,0
NY,2023,20230906,0,0,3.54692e+06,0,270873,0,0,2.0714e+06,807234,939162,0
NY,2023,20230912,0,0,3.65478e+06,0,270873,0,0,2.1657e+06,807234,952715,0
NY,2023,20231005,0,0,3.79711e+06,0,172663,0,0,2.1706e+06,800007,999163,0
NY,2023,20231020,0,0,4.14199e+06,0,172663,0,0,2.16961e+06,800007,1.34504e+06,0
NY,2023,20231129,0,0,6.32466e+06,914216,689312,0,468155,2.29741e+06,804139,4.35849e+06,0
NY,2023,20231121,0,0,5.96452e+06,0,689312,0,39228.3,2.20117e+06,804139,3.6093e+06,0
NY,2023,20231228,0,0,5.10797e+06,0,680236,0,0,1.93414e+06,853321,3.00074e+06,0
NY,2023,20231218,0,0,4.38292e+06,0,680236,0,0,1.70227e+06,853321,2.50757e+06,0
OH,2023,20230103,107.114,0,4.53076e+06,0,0,0,0,1.81095e+06,0,2.71992e+06,0
OH,2023,20230130,107.114,0,5.16184e+06,0,0,0,0,1.81003e+06,0,3.35192e+06,0
OH,2023,20230213,107.114,0,5.05984e+06,0,0,0,0,1.81034e+06,0,3.24961e+06,0
OH,2023,20230216,107.114,0,3.99545e+06,0,0,0,0,1.81034e+06,0,2.18522e+06,0
OH,2023,20230306,107.114,0,4.6e+06,0,0,0,0,1.81034e+06,0,2.78977e+06,0
OH,2023,20230315,107.114,0,6.57398e+06,0,0,0,0,1.85933e+06,0,4.71476e+06,0
OH,2023,20230403,107.114,0,5.00836e+06,0,0,0,0,2.08534e+06,0,2.92313e+06,0
OH,2023,20230410,107.114,0,4.52511e+06,0,0,0,0,2.21998e+06,0,2.30524e+06,0
OH,2023,20230530,107.114,0,3.13811e+06,0,0,0,0,1.96945e+06,0,1.16877e+06,0
OH,2023,20230517,107.114,0,3.5183e+06,0,0,0,0,2.0888e+06,0,1.4296e+06,0
OH,2023,20230630,107.114,0,3.27911e+06,0,0,0,0,2.2096e+06,0,1.06961e+06,0
OH,2023,20230615,107.114,0,3.43672e+06,0,0,0,0,2.2496e+06,0,1.18723e+06,0
OH,2023,20230727,107.114,0,3.36296e+06,0,0,0,0,2.32173e+06,0,1.04135e+06,0
OH,2023,20230710,107.114,0,3.4055e+06,0,0,0,0,2.34139e+06,0,1.06422e+06,0
OH,2023,20230803,107.114,0,3.40598e+06,0,0,0,0,2.36538e+06,0,1.04071e+06,0
OH,2023,20230831,107.114,0,3.53175e+06,0,0,0,0,2.45051e+06,0,1.08135e+06,0
OH,2023,20230906,107.114,0,3.59522e+06,0,0,0,0,2.52693e+06,0,1.0684e+06,0
OH,2023,20230912,107.114,0,3.97588e+06,0,0,0,0,2.88124e+06,0,1.09475e+06,0
OH,2023,20231005,107.114,0,4.16312e+06,0,0,0,0,3.00793e+06,0,1.15529e+06,0
OH,2023,20231020,107.114,0,4.37391e+06,0,0,0,0,2.90945e+06,0,1.46456e+06,0
OH,2023,20231129,107.114,0,7.83987e+06,0,0,0,0,2.85029e+06,0,4.98969e+06,0
OH,2023,20231121,107.114,0,5.31197e+06,0,0,0,0,2.62869e+06,0,2.68339e+06,0
OH,2023,20231228,107.114,0,5.01414e+06,0,0,0,0,2.33753e+06,0,2.67672e+06,0
OH,2023,20231218,107.114,0,4.53573e+06,0,0,0,0,1.81494e+06,0,2.7209e+06,0
OK,2023,20230103,8.25016e+06,0,-5.99164e+06,0,0,0,0,1.11662e+06,0,1.1419e+06,0
OK,2023,20230130,8.25016e+06,0,-5.20807e+06,0,0,0,0,1.08747e+06,0,1.95462e+06,0
OK,2023,20230213,8.25016e+06,0,-5.96782e+06,0,0,0,0,1.09053e+06,0,1.1918e+06,0
OK,2023,20230216,8.25016e+06,0,-5.99135e+06,0,0,0,0,1.08431e+06,0,1.1745e+06,0
OK,2023,20230306,8.25016e+06,0,-6.19958e+06,0,0,0,0,1.13009e+06,0,920493,0
OK,2023,20230315,8.25016e+06,0,-5.74745e+06,0,0,0,0,1.19991e+06,0,1.3028e+06,0
OK,2023,20230403,8.25016e+06,0,-6.09442e+06,0,0,0,0,1.29259e+06,0,863147,0
OK,2023,20230410,8.25016e+06,0,-6.04083e+06,0,0,0,0,1.3285e+06,0,880829,0
OK,2023,20230530,8.25016e+06,0,-6.17468e+06,0,0,0,0,1.39902e+06,0,676455,0
OK,2023,20230517,8.25016e+06,0,-6.07442e+06,0,0,0,0,1.43747e+06,0,738269,0
OK,2023,20230630,8.25016e+06,0,-6.14859e+06,0,0,0,0,1.44792e+06,0,653652,0
OK,2023,20230615,8.25016e+06,0,-6.08238e+06,0,0,0,0,1.50171e+06,0,666069,0
OK,2023,20230727,8.25016e+06,0,-6.0772e+06,0,0,0,0,1.52218e+06,0,650774,0
OK,2023,20230710,8.25016e+06,0,-6.05553e+06,0,0,0,0,1.53808e+06,0,656549,0
OK,2023,20230803,8.25016e+06,0,-6.03511e+06,0,0,0,0,1.56504e+06,0,650010,0
OK,2023,20230831,8.25016e+06,0,-6.04733e+06,0,0,0,0,1.55692e+06,0,645910,0
OK,2023,20230906,8.25016e+06,0,-6.05207e+06,0,0,0,0,1.55612e+06,0,641961,0
OK,2023,20230912,8.25016e+06,0,-6.02094e+06,0,0,0,0,1.58365e+06,0,645573,0
OK,2023,20231005,8.25016e+06,0,-5.91458e+06,0,0,0,0,1.68517e+06,0,650408,0
OK,2023,20231020,8.25016e+06,0,-5.89569e+06,0,0,0,0,1.64855e+06,0,705912,0
OK,2023,20231129,8.25016e+06,0,-5.73208e+06,0,0,0,0,1.51136e+06,0,1.00672e+06,0
OK,2023,20231121,8.25016e+06,0,-5.94865e+06,0,0,0,0,1.4316e+06,0,869910,0
OK,2023,20231228,8.25016e+06,0,-5.60075e+06,0,0,0,0,1.2797e+06,0,1.3697e+06,0
OK,2023,20231218,8.25016e+06,0,-5.97902e+06,0,0,0,0,1.1837e+06,0,1.08744e+06,0
OR,2023,20230103,0,0,-512173,1.85831e+06,0,0,0,676165,0,669971,0
OR,2023,20230130,0,0,1.28077e+06,0,0,0,0,382057,0,898715,0
OR,2023,20230213,0,0,630237,0,0,0,0,0,0,630237,0
OR,2023,20230216,0,0,753903,0,0,0,0,0,0,753903,0
OR,2023,20230306,0,0,103588,622705,0,0,0,0,0,726293,0
OR,2023,20230315,0,0,605868,0,0,0,0,0,0,605868,0
OR,2023,20230403,0,0,639094,0,0,0,0,0,0,639094,0
OR,2023,20230410,0,0,358493,0,0,0,0,0,0,358493,0
OR,2023,20230530,0,0,288513,0,0,0,0,44930.5,0,243582,0
OR,2023,20230517,0,0,680296,0,0,0,0,454938,0,225359,0
OR,2023,20230630,0,0,721983,0,0,0,0,521427,0,200556,0
OR,2023,20230615,0,0,766334,-84340.3,0,0,0,426416,0,255578,0
OR,2023,20230727,0,0,529633,0,0,0,0,328723,0,200911,0
OR,2023,20230710,0,0,544106,0,0,0,0,339586,0,204519,0
OR,2023,20230803,0,0,469636,0,0,0,0,275971,0,193665,0
OR,2023,20230831,0,0,417719,0,0,0,0,224607,0,193112,0
OR,2023,20230906,0,0,487222,0,0,0,0,266651,0,220572,0
OR,2023,20230912,0,0,549625,0,0,0,0,346459,0,203166,0
OR,2023,20231005,0,0,905638,0,0,0,0,676165,0,229473,0
OR,2023,20231020,0,0,922200,0,0,0,0,676165,0,246036,0
OR,2023,20231129,0,0,1.30427e+06,0,0,0,0,723961,0,580313,0
OR,2023,20231121,0,0,1.1926e+06,0,0,0,0,723961,0,468639,0
OR,2023,20231228,0,0,1.31193e+06,0,0,0,0,723961,0,587967,0
OR,2023,20231218,0,0,1.27013e+06,0,0,0,0,676165,0,593970,0
PA,2023,20230103,4.91395e+07,0,-1.79211e+07,0,0,0,0,3.36026e+06,0,2.43388e+06,2.54242e+07
PA,2023,20230130,4.91395e+07,0,-1.74356e+07,0,0,0,0,3.3024e+06,0,2.71268e+06,2.56888e+07
PA,2023,20230213,4.91395e+07,0,-1.75762e+07,0,0,0,0,3.22659e+06,0,2.89139e+06,2.54453e+07
PA,2023,20230216,4.91395e+07,0,-1.41494e+07,0,0,0,0,3.16825e+06,0,1.87152e+06,2.99504e+07
PA,2023,20230306,4.91395e+07,0,-1.68974e+07,0,0,0,0,3.26288e+06,0,2.49421e+06,2.6485e+07
PA,2023,20230315,4.91395e+07,0,-1.95377e+07,0,0,0,0,3.38058e+06,0,3.48038e+06,2.27408e+07
PA,2023,20230403,4.91395e+07,0,-1.89745e+07,0,0,0,0,3.49122e+06,0,2.61133e+06,2.40624e+07
PA,2023,20230410,4.91395e+07,0,-1.82145e+07,0,0,0,0,3.53859e+06,0,2.12546e+06,2.52609e+07
PA,2023,20230530,4.91395e+07,0,-1.44396e+07,0,0,0,0,3.53321e+06,0,1.05738e+06,3.01093e+07
PA,2023,20230517,4.91395e+07,0,-1.47016e+07,0,0,0,0,3.50225e+06,0,1.15234e+06,2.97833e+07
PA,2023,20230630,4.91395e+07,0,-1.32585e+07,0,0,0,0,3.52613e+06,0,952722,3.14021e+07
PA,2023,20230615,4.91395e+07,0,-1.36797e+07,0,0,0,0,3.57101e+06,0,1.04277e+06,3.0846e+07
PA,2023,20230727,4.91395e+07,0,-1.37868e+07,0,0,0,0,3.57722e+06,0,918691,3.08568e+07
PA,2023,20230710,4.91395e+07,0,-1.35339e+07,0,0,0,0,3.63446e+06,0,929737,3.10414e+07
PA,2023,20230803,4.91395e+07,0,-1.44836e+07,0,0,0,0,3.72402e+06,0,929894,3.00019e+07
PA,2023,20230831,4.91395e+07,0,-1.50786e+07,0,0,0,0,3.74183e+06,0,950362,2.93687e+07
PA,2023,20230906,4.91395e+07,0,-1.57845e+07,0,0,0,0,3.89483e+06,0,932781,2.85274e+07
PA,2023,20230912,4.91395e+07,0,-1.64873e+07,0,0,0,0,3.95001e+06,0,956215,2.7746e+07
PA,2023,20231005,4.91395e+07,0,-1.69691e+07,0,0,0,0,3.95666e+06,0,1.029e+06,2.71848e+07
PA,2023,20231020,4.91395e+07,0,-1.77274e+07,0,0,0,0,3.85604e+06,0,1.33675e+06,2.62193e+07
PA,2023,20231129,4.91395e+07,0,-2.25388e+07,0,0,0,0,3.8389e+06,0,3.63181e+06,1.913e+07
PA,2023,20231121,4.91395e+07,0,-2.1092e+07,0,0,0,0,3.71369e+06,0,2.5488e+06,2.1785e+07
PA,2023,20231228,4.91395e+07,0,-1.86544e+07,0,0,0,0,3.51057e+06,0,2.1165e+06,2.4858e+07
PA,2023,20231218,4.91395e+07,0,-1.6516e+07,0,0,0,0,3.43167e+06,0,1.9723e+06,2.72195e+07
RI,2023,20230103,0,0,303070,0,0,0,0,120536,0,182534,0
RI,2023,20230130,0,0,266320,0,0,0,0,107441,0,158879,0
RI,2023,20230213,0,0,211473,0,0,0,0,48662.2,0,162811,0
RI,2023,20230216,0,0,151572,0,0,0,0,28147.6,0,123425,0
RI,2023,20230306,0,0,206314,0,0,0,0,31939.8,0,174374,0
RI,2023,20230315,0,0,235546,0,0,0,0,46932.5,0,188614,0
RI,2023,20230403,0,0,281898,0,0,0,0,79841.1,0,202057,0
RI,2023,20230410,0,0,246495,0,0,0,0,86245,0,160250,0
RI,2023,20230530,0,0,159369,0,0,0,0,91423.7,0,67945.7,0
RI,2023,20230517,0,0,157008,0,0,0,0,100020,0,56988.3,0
RI,2023,20230630,0,0,147458,0,0,0,0,103940,0,43518.4,0
RI,2023,20230615,0,0,167203,0,0,0,0,119432,0,47770.7,0
RI,2023,20230727,0,0,170613,0,0,0,0,129539,0,41074.2,0
RI,2023,20230710,0,0,190299,0,0,0,0,148604,0,41695.2,0
RI,2023,20230803,0,0,198917,0,0,0,0,155195,0,43721.7,0
RI,2023,20230831,0,0,223321,0,0,0,0,182621,0,40700.1,0
RI,2023,20230906,0,0,284357,0,0,0,0,245105,0,39251.9,0
RI,2023,20230912,0,0,343929,0,0,0,0,304864,0,39065.1,0
RI,2023,20231005,0,0,348720,0,0,0,0,306718,0,42001.9,0
RI,2023,20231020,0,0,356085,0,0,0,0,298228,0,57856.5,0
RI,2023,20231129,0,394695,57035,0,0,0,0,271341,0,180389,0
RI,2023,20231121,0,338420,57035,0,0,0,0,215769,0,179686,0
RI,2023,20231228,0,0,345273,0,0,0,0,208579,0,136694,0
RI,2023,20231218,0,0,315927,0,0,0,0,195500,0,120427,0
SC,2023,20230103,0,0,951637,0,0,0,0,340357,0,611280,0
SC,2023,20230130,0,0,971501,0,0,0,0,301163,0,670338,0
SC,2023,20230213,0,0,1.05556e+06,0,0,0,0,291712,0,763851,0
SC,2023,20230216,0,0,864746,0,0,0,0,318205,0,546541,0
SC,2023,20230306,0,0,1.03828e+06,0,0,0,0,524724,0,513551,0
SC,2023,20230315,0,0,1.50175e+06,0,0,0,0,629534,0,872212,0
SC,2023,20230403,0,0,1.13454e+06,0,0,0,0,675934,0,458605,0
SC,2023,20230410,0,0,1.2035e+06,0,0,0,0,628504,0,574997,0
SC,2023,20230530,0,0,982810,0,0,0,0,612905,0,369905,0
SC,2023,20230517,0,0,965227,0,0,0,0,599718,0,365510,0
SC,2023,20230630,0,0,920673,0,0,0,0,566356,0,354318,0
SC,2023,20230615,0,0,987409,0,0,0,0,629218,0,358192,0
SC,2023,20230727,0,0,1.00516e+06,0,0,0,0,653879,0,351284,0
SC,2023,20230710,0,0,1.04026e+06,0,0,0,0,687417,0,352838,0
SC,2023,20230803,0,0,1.05497e+06,0,0,0,0,703925,0,351043,0
SC,2023,20230831,0,0,1.1124e+06,0,0,0,0,759622,0,352774,0
SC,2023,20230906,0,0,1.25012e+06,0,0,0,0,896401,0,353716,0
SC,2023,20230912,0,0,1.28311e+06,0,0,0,0,928067,0,355038,0
SC,2023,20231005,0,0,1.2997e+06,0,0,0,0,928067,0,371629,0
SC,2023,20231020,0,0,1.32894e+06,0,0,0,0,914363,0,414580,0
SC,2023,20231129,0,0,1.58512e+06,0,0,0,0,851042,0,734077,0
SC,2023,20231121,0,0,1.11803e+06,0,0,0,0,651280,0,466749,0
SC,2023,20231228,0,0,1.16129e+06,0,0,0,0,618498,0,542796,0
SC,2023,20231218,0,0,1.0677e+06,0,0,0,0,502516,0,565183,0
SD,2023,20230103,0,0,431401,0,0,0,0,146955,0,284446,0
SD,2023,20230130,0,0,583207,0,0,0,0,125748,0,457459,0
SD,2023,20230213,0,0,362361,0,0,0,0,110498,0,251863,0
SD,2023,20230216,0,0,443732,0,0,0,0,98546,0,345186,0
SD,2023,20230306,0,0,359229,0,0,0,0,103944,0,255285,0
SD,2023,20230315,0,0,405671,0,0,0,0,153169,0,252502,0
SD,2023,20230403,0,0,410598,0,0,0,0,199278,0,211320,0
SD,2023,20230410,0,0,414661,0,0,0,0,235288,0,179373,0
SD,2023,20230530,0,0,377563,0,0,0,0,250101,0,127462,0
SD,2023,20230517,0,0,373164,0,0,0,0,236401,0,136763,0
SD,2023,20230630,0,0,361329,0,0,0,0,234741,0,126587,0
SD,2023,20230615,0,0,360384,0,0,0,0,232041,0,128343,0
SD,2023,20230727,0,0,344003,0,0,0,0,218418,0,125585,0
SD,2023,20230710,0,0,349977,0,0,0,0,223070,0,126906,0
SD,2023,20230803,0,0,344710,0,0,0,0,219400,0,125310,0
SD,2023,20230831,0,0,348318,0,0,0,0,224343,0,123975,0
SD,2023,20230906,0,0,374222,0,0,0,0,248884,0,125338,0
SD,2023,20230912,0,0,395095,0,0,0,0,268018,0,127077,0
SD,2023,20231005,0,0,406741,0,0,0,0,276099,0,130642,0
SD,2023,20231020,0,0,409318,0,0,0,0,273738,0,135580,0
SD,2023,20231129,0,0,499037,0,0,0,0,271757,0,227280,0
SD,2023,20231121,0,0,453742,0,0,0,0,255208,0,198535,0
SD,2023,20231228,0,0,437841,0,0,0,0,205143,0,232698,0
SD,2023,20231218,0,0,416136,0,0,0,0,184797,0,231339,0
TN,2023,20230103,1474.32,0,1.46943e+06,0,0,0,0,456626,0,1.01428e+06,0
TN,2023,20230130,1474.32,0,1.72867e+06,0,0,0,0,455091,0,1.27505e+06,0
TN,2023,20230213,1474.32,0,1.85344e+06,0,0,0,0,449540,0,1.40537e+06,0
TN,2023,20230216,1474.32,0,1.30883e+06,0,0,0,0,450758,0,859543,0
TN,2023,20230306,1474.32,0,2.54463e+06,-1.12139e+06,0,0,0,454313,0,970406,0
TN,2023,20230315,1474.32,0,2.22333e+06,0,0,0,0,463124,0,1.76168e+06,0
TN,2023,20230403,1474.32,0,1.37856e+06,0,0,0,0,500630,0,879407,0
TN,2023,20230410,1474.32,0,1.32587e+06,0,0,0,0,478228,0,849114,0
TN,2023,20230530,1474.32,0,1.14304e+06,-59783.4,0,0,0,470439,0,614295,0
TN,2023,20230517,1474.32,0,1.07659e+06,0,0,0,0,468258,0,609804,0
TN,2023,20230630,1474.32,0,1.50361e+06,-426243,0,0,0,499792,0,579044,0
TN,2023,20230615,1474.32,0,1.24445e+06,0,0,0,0,658168,0,587755,0
TN,2023,20230727,1474.32,0,1.49022e+06,-259184,0,0,0,658876,0,573634,0
TN,2023,20230710,1474.32,0,1.28781e+06,0,0,0,0,713493,0,575796,0
TN,2023,20230803,1474.32,0,1.34784e+06,0,0,0,0,775984,0,573327,0
TN,2023,20230831,1474.32,0,1.40331e+06,0,0,0,0,826330,0,578453,0
TN,2023,20230906,1474.32,0,1.44086e+06,0,0,0,0,859869,0,582462,0
TN,2023,20230912,1474.32,0,1.4922e+06,0,0,0,0,907761,0,585910,0
TN,2023,20231005,1474.32,0,1.49316e+06,2735.67,0,0,0,889074,0,608297,0
TN,2023,20231020,1474.32,0,1.52419e+06,0,0,0,0,862733,0,662931,0
TN,2023,20231129,1474.32,0,418354,1.86386e+06,0,0,0,805232,0,1.47846e+06,0
TN,2023,20231121,1474.32,0,1.38415e+06,0,0,0,0,604309,0,781320,0
TN,2023,20231228,1474.32,0,1.68734e+06,0,0,0,0,466135,0,1.22268e+06,0
TN,2023,20231218,1474.32,0,1.61371e+06,0,0,0,0,463683,0,1.1515e+06,0
TX,2023,20230103,2.25888e+07,0,-5.02576e+06,0,661.29,0,0,5.71939e+06,4.98625e+06,6.85803e+06,0
TX,2023,20230130,2.25888e+07,0,-3.56431e+06,0,661.29,0,0,5.14717e+06,4.98625e+06,8.89171e+06,0
TX,2023,20230213,2.25888e+07,0,-3.65883e+06,0,585.714,0,0,5.05627e+06,5.0685e+06,8.80577e+06,0
TX,2023,20230216,2.25888e+07,0,-4.9206e+06,0,585.714,0,0,5.00032e+06,5.0685e+06,7.59994e+06,0
TX,2023,20230306,2.25888e+07,0,-2.37915e+06,-2.26706e+06,793.548,0,0,5.14357e+06,5.32983e+06,7.46994e+06,0
TX,2023,20230315,2.25888e+07,0,-3.6447e+06,0,793.548,0,0,5.57587e+06,5.32983e+06,8.03917e+06,0
TX,2023,20230403,2.25888e+07,0,-3.75464e+06,0,785.833,0,0,6.41586e+06,5.2766e+06,7.14245e+06,0
TX,2023,20230410,2.25888e+07,0,-3.3762e+06,0,785.833,0,0,6.77974e+06,5.2766e+06,7.15701e+06,0
TX,2023,20230530,2.25888e+07,0,-3.5513e+06,0,760.484,0,0,6.47835e+06,5.77213e+06,6.78775e+06,0
TX,2023,20230517,2.25888e+07,0,-3.86995e+06,0,760.484,0,0,6.16368e+06,5.77213e+06,6.78377e+06,0
TX,2023,20230630,2.25888e+07,0,-197399,-2.87614e+06,717.5,0,0,6.30284e+06,6.33363e+06,6.87948e+06,0
TX,2023,20230615,2.25888e+07,0,-2.2471e+06,-582225,717.5,0,0,6.59963e+06,6.33363e+06,6.82691e+06,0
TX,2023,20230727,2.25888e+07,0,-1.19382e+06,-1.48055e+06,727.419,0,0,6.82657e+06,6.13378e+06,6.95478e+06,0
TX,2023,20230710,2.25888e+07,0,4.45193e+06,-6.81391e+06,727.419,0,0,7.18924e+06,6.13378e+06,6.90449e+06,0
TX,2023,20230803,2.25888e+07,0,-1.24549e+06,-683470,727.419,0,0,7.43224e+06,6.26179e+06,6.96651e+06,0
TX,2023,20230831,2.25888e+07,0,-804929,-906057,727.419,0,0,7.6901e+06,6.26179e+06,6.92662e+06,0
TX,2023,20230906,2.25888e+07,0,-1.34261e+06,0,717.5,0,0,8.09841e+06,6.22893e+06,6.91954e+06,0
TX,2023,20230912,2.25888e+07,0,-357636,-415710,717.5,0,0,8.70094e+06,6.22893e+06,6.88627e+06,0
TX,2023,20231005,2.25888e+07,0,-899319,568498,760.484,0,0,9.45039e+06,5.91648e+06,6.89184e+06,0
TX,2023,20231020,2.25888e+07,0,-3.76726e+06,3.63154e+06,760.484,0,0,9.64149e+06,5.91648e+06,6.89583e+06,0
TX,2023,20231129,2.25888e+07,0,-4.70955e+06,5.41538e+06,717.5,0,0,9.49014e+06,5.48566e+06,8.31951e+06,0
TX,2023,20231121,2.25888e+07,0,-3.68382e+06,2.8008e+06,717.5,0,0,8.59775e+06,5.48566e+06,7.62305e+06,0
TX,2023,20231228,2.25888e+07,0,-5.25735e+06,4.31639e+06,727.419,0,0,7.46221e+06,5.21998e+06,8.96634e+06,0
TX,2023,20231218,2.25888e+07,0,-4.75531e+06,2.18382e+06,727.419,0,0,6.28972e+06,5.21998e+06,8.50831e+06,0
UT,2023,20230103,3.5852e+06,0,-2.42511e+06,0,0,0,0,340731,0,819358,0
UT,2023,20230130,3.5852e+06,0,-2.20072e+06,0,0,0,0,340731,0,1.04375e+06,0
UT,2023,20230213,3.5852e+06,0,-2.3824e+06,0,0,0,0,340731,0,862071,0
UT,2023,20230216,3.5852e+06,0,-2.07457e+06,0,0,0,0,340212,0,1.17041e+06,0
UT,2023,20230306,3.5852e+06,0,-2.45849e+06,0,0,0,0,339628,0,787079,0
UT,2023,20230315,3.5852e+06,0,-2.7623e+06,0,0,0,0,338997,0,483905,0
UT,2023,20230403,3.5852e+06,0,-2.63315e+06,0,0,0,0,339886,0,612163,0
UT,2023,20230410,3.5852e+06,0,-2.86775e+06,0,0,0,0,333235,0,384213,0
UT,2023,20230530,3.5852e+06,0,-2.97829e+06,-27076,0,0,0,334764,0,245068,0
UT,2023,20230517,3.5852e+06,0,-3.09052e+06,0,0,0,0,242674,0,252003,0
UT,2023,20230630,3.5852e+06,0,-2.47615e+06,-657699,0,0,0,230306,0,221048,0
UT,2023,20230615,3.5852e+06,0,-2.65363e+06,-530341,0,0,0,168683,0,232551,0
UT,2023,20230727,3.5852e+06,0,-2.60619e+06,-653579,0,0,0,128752,0,196676,0
UT,2023,20230710,3.5852e+06,0,-2.67546e+06,-573460,0,0,0,131920,0,204364,0
UT,2023,20230803,3.5852e+06,0,-2.71394e+06,-538495,0,0,0,132735,0,200026,0
UT,2023,20230831,3.5852e+06,0,-2.72485e+06,-522700,0,0,0,138994,0,198653,0
UT,2023,20230906,3.5852e+06,0,-2.77015e+06,-416926,0,0,0,186828,0,211297,0
UT,2023,20230912,3.5852e+06,0,-2.89021e+06,-232343,0,0,0,259591,0,203061,0
UT,2023,20231005,3.5852e+06,0,-2.96972e+06,0,0,0,0,340731,0,274751,0
UT,2023,20231020,3.5852e+06,0,-3.37836e+06,411646,0,0,0,346208,0,272280,0
UT,2023,20231129,3.5852e+06,0,-3.54747e+06,1.02256e+06,0,0,0,362023,0,698261,0
UT,2023,20231121,3.5852e+06,0,-3.50597e+06,880825,0,0,0,360751,0,599306,0
UT,2023,20231228,3.5852e+06,0,-3.05587e+06,629851,0,0,0,348398,0,810785,0
UT,2023,20231218,3.5852e+06,0,-3.05503e+06,588177,0,0,0,348398,0,769950,0
VA,2023,20230103,270913,0,2.2674e+06,0,0,0,0,1.54778e+06,0,990529,0
VA,2023,20230130,270913,0,2.26553e+06,11363.1,0,0,0,1.41461e+06,0,1.1332e+06,0
VA,2023,20230213,270913,0,2.1532e+06,217253,0,0,0,1.33617e+06,0,1.30519e+06,0
VA,2023,20230216,270913,0,1.95489e+06,-115630,0,0,0,1.36132e+06,0,748847,0
VA,2023,20230306,270913,0,2.3831e+06,-259147,0,0,0,1.47685e+06,0,918016,0
VA,2023,20230315,270913,0,2.54537e+06,124440,0,0,0,1.51566e+06,0,1.42507e+06,0
VA,2023,20230403,270913,0,2.32379e+06,0,0,0,0,1.69097e+06,0,903737,0
VA,2023,20230410,270913,0,2.34915e+06,0,0,0,0,1.68756e+06,0,932496,0
VA,2023,20230530,270913,0,2.19142e+06,0,0,0,0,1.94368e+06,0,518650,0
VA,2023,20230517,270913,0,2.18638e+06,0,0,0,0,1.92573e+06,0,531560,0
VA,2023,20230630,270913,0,2.11196e+06,0,0,0,0,1.88097e+06,0,501903,0
VA,2023,20230615,270913,0,2.15936e+06,0,0,0,0,1.93153e+06,0,498743,0
VA,2023,20230727,270913,0,2.57329e+06,-377563,0,0,0,1.97039e+06,0,496253,0
VA,2023,20230710,270913,0,2.24831e+06,0,0,0,0,2.01837e+06,0,500852,0
VA,2023,20230803,270913,0,2.54844e+06,-273700,0,0,0,2.06215e+06,0,483508,0
VA,2023,20230831,270913,0,2.45123e+06,-151654,0,0,0,2.07556e+06,0,494934,0
VA,2023,20230906,270913,0,2.53223e+06,0,0,0,0,2.29918e+06,0,503968,0
VA,2023,20230912,270913,0,2.51643e+06,0,0,0,0,2.28251e+06,0,504834,0
VA,2023,20231005,270913,0,2.51094e+06,0,0,0,0,2.25173e+06,0,530118,0
VA,2023,20231020,270913,0,2.53779e+06,0,0,0,0,2.20991e+06,0,598790,0
VA,2023,20231129,270913,0,1.81043e+06,1.5138e+06,0,0,0,2.13605e+06,0,1.45909e+06,0
VA,2023,20231121,270913,0,2.57969e+06,122332,0,0,0,1.98296e+06,0,989975,0
VA,2023,20231228,270913,0,2.45916e+06,0,0,0,0,1.77737e+06,0,952702,0
VA,2023,20231218,270913,0,2.38307e+06,-18748.5,0,0,0,1.68213e+06,0,953096,0
VT,2023,20230103,0,15738.7,0,0,55151.6,0,0,0,0,70890.3,0
VT,2023,20230130,0,9190.89,0,0,55151.6,0,0,0,0,64342.5,0
VT,2023,20230213,0,2032.25,0,0,58388.4,0,0,0,0,60420.6,0
VT,2023,20230216,0,0,0,0,58388.4,0,0,0,0,52197.8,6190.55
VT,2023,20230306,0,9177.87,0,0,50324.2,0,0,0,0,59502.1,0
VT,2023,20230315,0,10152.1,0,0,50324.2,0,0,0,0,60476.3,0
VT,2023,20230403,0,39336.3,0,0,33517.5,0,0,0,0,72853.8,0
VT,2023,20230410,0,21743.4,0,0,33517.5,0,0,0,0,55260.9,0
VT,2023,20230530,0,4371.04,0,0,22682.3,0,0,0,0,27053.3,0
VT,2023,20230517,0,12149,0,0,22682.3,0,0,0,0,34831.2,0
VT,2023,20230630,0,5504.95,0,0,18074.2,0,0,0,0,23579.1,0
VT,2023,20230615,0,6439.42,0,0,18074.2,0,0,0,0,24513.6,0
VT,2023,20230727,0,2755.33,0,0,20433.9,0,0,0,0,23189.2,0
VT,2023,20230710,0,2438.47,0,0,20433.9,0,0,0,0,22872.3,0
VT,2023,20230803,0,3692.72,0,0,19739.5,0,0,0,0,23432.2,0
VT,2023,20230831,0,4200.04,0,0,19739.5,0,0,0,0,23939.6,0
VT,2023,20230906,0,3095.09,0,0,21149.2,0,0,0,0,24244.3,0
VT,2023,20230912,0,3436.56,0,0,21149.2,0,0,0,0,24585.7,0
VT,2023,20231005,0,0,0,0,27311.3,0,0,0,0,26817.6,493.662
VT,2023,20231020,0,4856.76,0,0,27311.3,0,0,0,0,32168.1,0
VT,2023,20231129,0,10775.2,0,0,45339.2,0,0,0,0,56114.4,0
VT,2023,20231121,0,9857,0,0,45339.2,0,0,0,0,55196.2,0
VT,2023,20231228,0,11769.4,0,0,50489.5,0,0,0,0,62258.9,0
VT,2023,20231218,0,7267.02,0,0,50489.5,0,0,0,0,57756.5,0
WA,2023,20230103,0,0,200863,0,1.40075e+06,0,0,535880,6054,1.05967e+06,0
WA,2023,20230130,0,0,-49711.5,0,1.40075e+06,0,0,0,6054,1.34498e+06,0
WA,2023,20230213,0,0,-389693,0,1.38792e+06,0,0,0,16576.4,981654,0
WA,2023,20230216,0,0,-239536,0,1.38792e+06,0,0,0,16576.4,1.13181e+06,0
WA,2023,20230306,0,0,-380884,0,1.4558e+06,0,0,0,10024.9,1.06489e+06,0
WA,2023,20230315,0,0,-533489,0,1.4558e+06,0,0,0,10024.9,912284,0
WA,2023,20230403,0,0,-277787,0,1.27913e+06,0,0,0,27613,973732,0
WA,2023,20230410,0,0,-632381,0,1.27913e+06,0,0,0,27613,619138,0
WA,2023,20230530,0,0,-744194,0,1.15696e+06,0,0,0,683.516,412083,0
WA,2023,20230517,0,0,-776839,0,1.15696e+06,0,0,0,683.516,379438,0
WA,2023,20230630,0,0,-800945,0,1.14267e+06,0,0,0,7163.9,334561,0
WA,2023,20230615,0,0,-720433,0,1.14267e+06,0,0,0,7163.9,415073,0
WA,2023,20230727,0,0,-659621,-148639,1.14774e+06,0,0,0,2896.81,336578,0
WA,2023,20230710,0,0,-675018,-130389,1.14774e+06,0,0,0,2896.81,339431,0
WA,2023,20230803,0,0,-497051,-337257,1.20451e+06,0,0,0,46283.8,323916,0
WA,2023,20230831,0,0,-467107,-364713,1.20451e+06,0,0,0,46283.8,326403,0
WA,2023,20230906,0,0,-461372,-378994,1.19737e+06,0,0,0,2219.8,354784,0
WA,2023,20230912,0,0,-511100,-342698,1.19737e+06,0,0,0,2219.8,341353,0
WA,2023,20231005,0,0,-737967,0,1.17511e+06,0,0,28196.5,17022.8,391926,0
WA,2023,20231020,0,0,-172188,0,1.17511e+06,0,0,548591,17022.8,437311,0
WA,2023,20231129,0,0,95023.2,0,1.44884e+06,0,0,553985,4506.87,985369,0
WA,2023,20231121,0,0,-63627.6,0,1.44884e+06,0,0,555097,4506.87,825606,0
WA,2023,20231228,0,0,-1.70554e+06,1.8314e+06,1.43064e+06,0,0,548591,2994.45,1.00491e+06,0
WA,2023,20231218,0,0,-705939,804944,1.43064e+06,0,0,548591,2994.45,978055,0
WI,2023,20230103,0,0,2.48714e+06,0,0,0,0,698920,0,1.78822e+06,0
WI,2023,20230130,0,0,3.06697e+06,0,0,0,0,631583,0,2.43539e+06,0
WI,2023,20230213,0,0,2.0588e+06,0,0,0,0,581063,0,1.47774e+06,0
WI,2023,20230216,0,0,2.10863e+06,0,0,0,0,553473,0,1.55516e+06,0
WI,2023,20230306,0,0,2.04358e+06,0,0,0,0,554823,0,1.48876e+06,0
WI,2023,20230315,0,0,2.77331e+06,0,0,0,0,645683,0,2.12763e+06,0
WI,2023,20230403,0,0,2.07891e+06,0,0,0,0,816601,0,1.26231e+06,0
WI,2023,20230410,0,0,1.8674e+06,0,0,0,0,979151,0,888252,0
WI,2023,20230530,0,0,1.68797e+06,0,0,0,0,1.09716e+06,0,590810,0
WI,2023,20230517,0,0,1.82906e+06,0,0,0,0,1.10734e+06,0,721714,0
WI,2023,20230630,0,0,1.60821e+06,0,0,0,0,1.08492e+06,0,523296,0
WI,2023,20230615,0,0,1.65518e+06,0,0,0,0,1.08644e+06,0,568739,0
WI,2023,20230727,0,0,1.60639e+06,0,0,0,0,1.08216e+06,0,524231,0
WI,2023,20230710,0,0,1.61677e+06,0,0,0,0,1.08771e+06,0,529060,0
WI,2023,20230803,0,0,1.61572e+06,0,0,0,0,1.08907e+06,0,526653,0
WI,2023,20230831,0,0,1.68549e+06,0,0,0,0,1.0884e+06,0,597084,0
WI,2023,20230906,0,0,1.74377e+06,0,0,0,0,1.1988e+06,0,544967,0
WI,2023,20230912,0,0,1.87902e+06,0,0,0,0,1.26146e+06,0,617567,0
WI,2023,20231005,0,0,1.94113e+06,0,0,0,0,1.31256e+06,0,628568,0
WI,2023,20231020,0,0,2.08362e+06,0,0,0,0,1.25692e+06,0,826703,0
WI,2023,20231129,0,0,3.52874e+06,0,0,0,0,1.1925e+06,0,2.33625e+06,0
WI,2023,20231121,0,0,2.41813e+06,0,0,0,0,1.1194e+06,0,1.29873e+06,0
WI,2023,20231228,0,0,2.48737e+06,0,0,0,0,953193,0,1.53418e+06,0
WI,2023,20231218,0,0,2.28013e+06,0,0,0,0,734008,0,1.54612e+06,0
WV,2023,20230103,2.65289e+07,0,-1.67714e+07,0,0,0,0,89842,0,327989,9.33971e+06
WV,2023,20230130,2.65289e+07,0,-1.67714e+07,0,0,0,0,64712.8,0,366206,9.32662e+06
WV,2023,20230213,2.65289e+07,0,-1.67714e+07,0,0,0,0,47582.8,0,397763,9.3122e+06
WV,2023,20230216,2.65289e+07,0,-1.67673e+07,0,0,0,0,32162.7,0,272329,9.4572e+06
WV,2023,20230306,2.65289e+07,0,-1.67714e+07,0,0,0,0,43545.8,0,331138,9.38286e+06
WV,2023,20230315,2.65289e+07,0,-1.67714e+07,0,0,0,0,111395,0,508795,9.13735e+06
WV,2023,20230403,2.65289e+07,0,-1.67714e+07,0,0,0,0,175652,0,331945,9.24995e+06
WV,2023,20230410,2.65289e+07,0,-1.67714e+07,0,0,0,0,223638,0,283426,9.25048e+06
WV,2023,20230530,2.65289e+07,0,-1.67673e+07,0,0,0,0,206047,0,163464,9.39218e+06
WV,2023,20230517,2.65289e+07,0,-1.67673e+07,0,0,0,0,191814,0,177092,9.39279e+06
WV,2023,20230630,2.65289e+07,0,-1.67673e+07,0,0,0,0,203185,0,155066,9.40344e+06
WV,2023,20230615,2.65289e+07,0,-1.67673e+07,0,0,0,0,197982,0,160733,9.40298e+06
WV,2023,20230727,2.65289e+07,0,-1.67714e+07,0,0,0,0,188154,0,156977,9.41241e+06
WV,2023,20230710,2.65289e+07,0,-1.67673e+07,0,0,0,0,196085,0,154965,9.41064e+06
WV,2023,20230803,2.65289e+07,0,-1.67714e+07,0,0,0,0,199348,0,156731,9.40146e+06
WV,2023,20230831,2.65289e+07,0,-1.67714e+07,0,0,0,0,222398,0,162346,9.3728e+06
WV,2023,20230906,2.65289e+07,0,-1.67714e+07,0,0,0,0,281314,0,165288,9.31094e+06
WV,2023,20230912,2.65289e+07,0,-1.67714e+07,0,0,0,0,301908,0,166831,9.2888e+06
WV,2023,20231005,2.65289e+07,0,-1.67714e+07,0,0,0,0,308153,0,177030,9.27236e+06
WV,2023,20231020,2.65289e+07,0,-1.67714e+07,0,0,0,0,308112,0,206283,9.24315e+06
WV,2023,20231129,2.65289e+07,0,-1.67714e+07,0,0,0,0,318421,0,510547,8.92857e+06
WV,2023,20231121,2.65289e+07,0,-1.67714e+07,0,0,0,0,272532,0,301187,9.18382e+06
WV,2023,20231228,2.65289e+07,0,-1.67714e+07,0,0,0,0,191067,0,298354,9.26812e+06
WV,2023,20231218,2.65289e+07,0,-1.67714e+07,0,0,0,0,152027,0,302733,9.30278e+06
WY,2023,20230103,2.47826e+06,0,-2.06398e+06,0,0,0,0,51372.4,0,362906,0
WY,2023,20230130,2.47826e+06,0,-2.58647e+06,684724,0,0,0,47105.7,0,529401,0
WY,2023,20230213,2.47826e+06,0,-2.10602e+06,0,0,0,0,36069.2,0,336171,0
WY,2023,20230216,2.47826e+06,0,-2.0018e+06,0,0,0,0,35978.1,0,440474,0
WY,2023,20230306,2.47826e+06,0,-2.10868e+06,0,0,0,0,32930.9,0,336642,0
WY,2023,20230315,2.47826e+06,0,-2.16465e+06,0,0,0,0,32499.5,0,281103,0
WY,2023,20230403,2.47826e+06,0,-2.16314e+06,0,0,0,0,34763.6,0,280351,0
WY,2023,20230410,2.47826e+06,0,-2.18929e+06,0,0,0,0,36160.3,0,252809,0
WY,2023,20230530,2.47826e+06,0,-2.24472e+06,0,0,0,0,38479.3,0,195055,0
WY,2023,20230517,2.47826e+06,0,-2.23731e+06,0,0,0,0,38297.1,0,202648,0
WY,2023,20230630,2.47826e+06,0,-2.1627e+06,-100159,0,0,0,33590.7,0,181807,0
WY,2023,20230615,2.47826e+06,0,-1.57867e+06,-681320,0,0,0,31157.8,0,187112,0
WY,2023,20230727,2.47826e+06,0,-2.27711e+06,0,0,0,0,31340,0,169801,0
WY,2023,20230710,2.47826e+06,0,-2.27491e+06,0,0,0,0,26884.2,0,176465,0
WY,2023,20230803,2.47826e+06,0,-2.27791e+06,0,0,0,0,31005.4,0,169337,0
WY,2023,20230831,2.47826e+06,0,-2.26957e+06,0,0,0,0,34211.6,0,174471,0
WY,2023,20230906,2.47826e+06,0,-2.25757e+06,0,0,0,0,38183.5,0,182504,0
WY,2023,20230912,2.47826e+06,0,-2.24768e+06,0,0,0,0,46091.7,0,184481,0
WY,2023,20231005,2.47826e+06,0,-2.20783e+06,0,0,0,0,59461.4,0,210963,0
WY,2023,20231020,2.47826e+06,0,-2.19406e+06,0,0,0,0,84775.7,0,199423,0
WY,2023,20231129,2.47826e+06,0,-2.0647e+06,0,0,0,0,89800.3,0,323754,0
WY,2023,20231121,2.47826e+06,0,-2.08221e+06,0,0,0,0,89712.6,0,306338,0
WY,2023,20231228,2.47826e+06,0,-2.03906e+06,0,0,0,0,80557.8,0,358636,0
WY,2023,20231218,2.47826e+06,0,-2.06362e+06,0,0,0,0,76860.8,0,337777,0
