gas_zone,timeseries,ShadowPrice
AL,20230103,0.605352
AL,20230130,0.563391
AL,20230213,0.63342
AL,20230216,0.324744
AL,20230306,0.353624
AL,20230315,0.707779
AL,20230403,0.532721
AL,20230410,0.479937
AL,20230530,0.387626
AL,20230517,0.378242
AL,20230630,0.374754
AL,20230615,0.386206
AL,20230727,0.40635
AL,20230710,0.398965
AL,20230803,0.429053
AL,20230831,0.438816
AL,20230906,0.474689
AL,20230912,0.546683
AL,20231005,0.809109
AL,20231020,0.784408
AL,20231129,0.791858
AL,20231121,0.786547
AL,20231228,0.770586
AL,20231218,0.713639
AR,20230103,0.338686
AR,20230130,0.279471
AR,20230213,0.0445693
AR,20230216,-0.199892
AR,20230306,0.125274
AR,20230315,0.406295
AR,20230403,0.296884
AR,20230410,0.194675
AR,20230530,0.196634
AR,20230517,0.191035
AR,20230630,0.050683
AR,20230615,0.144431
AR,20230727,0.070951
AR,20230710,0.0500669
AR,20230803,0.0728543
AR,20230831,0.0658696
AR,20230906,0.112102
AR,20230912,0.15078
AR,20231005,0.384703
AR,20231020,0.406784
AR,20231129,0.400125
AR,20231121,0.404872
AR,20231228,0.401657
AR,20231218,0.338258
AZ,20230103,0.705049
AZ,20230130,0.698193
AZ,20230213,0.652875
AZ,20230216,0.6628
AZ,20230306,0.630134
AZ,20230315,0.530908
AZ,20230403,0.384795
AZ,20230410,0.278998
AZ,20230530,0.317774
AZ,20230517,0.28969
AZ,20230630,0.305622
AZ,20230615,0.315847
AZ,20230727,0.307879
AZ,20230710,0.291612
AZ,20230803,0.311965
AZ,20230831,0.296972
AZ,20230906,0.306246
AZ,20230912,0.291694
AZ,20231005,0.585428
AZ,20231020,0.541193
AZ,20231129,0.601266
AZ,20231121,0.602025
AZ,20231228,0.602988
AZ,20231218,0.602501
CA,20230103,0.89491
CA,20230130,0.919026
CA,20230213,0.896579
CA,20230216,0.908338
CA,20230306,0.832244
CA,20230315,0.714272
CA,20230403,0.539308
CA,20230410,0.43723
CA,20230530,0.475837
CA,20230517,0.457184
CA,20230630,0.471272
CA,20230615,0.480212
CA,20230727,0.48298
CA,20230710,0.474383
CA,20230803,0.48485
CA,20230831,0.477986
CA,20230906,0.482232
CA,20230912,0.483851
CA,20231005,0.791419
CA,20231020,0.724477
CA,20231129,0.791398
CA,20231121,0.787276
CA,20231228,0.782052
CA,20231218,0.784696
CO,20230103,0.338686
CO,20230130,0.4981
CO,20230213,0.288908
CO,20230216,0.321247
CO,20230306,0.202805
CO,20230315,0.310461
CO,20230403,0.160725
CO,20230410,0.163178
CO,20230530,0.0964033
CO,20230517,0.0910123
CO,20230630,0.0505026
CO,20230615,0.0665217
CO,20230727,0.0592434
CO,20230710,0.0468157
CO,20230803,0.0626939
CO,20230831,0.0500315
CO,20230906,0.0773594
CO,20230912,0.094544
CO,20231005,0.320679
CO,20231020,0.353145
CO,20231129,0.358324
CO,20231121,0.354632
CO,20231228,0.349953
CO,20231218,0.352321
CT,20230103,-0.392705
CT,20230130,-0.451382
CT,20230213,-0.505702
CT,20230216,-0.487522
CT,20230306,-0.441755
CT,20230315,-0.413671
CT,20230403,-0.610492
CT,20230410,-0.635978
CT,20230530,-0.626633
CT,20230517,-0.554192
CT,20230630,-0.728674
CT,20230615,-0.642528
CT,20230727,-0.725062
CT,20230710,-0.727249
CT,20230803,-0.629494
CT,20230831,-0.613443
CT,20230906,-0.623371
CT,20230912,-0.591442
CT,20231005,-0.564124
CT,20231020,-0.60896
CT,20231129,0.80743
CT,20231121,0.661911
CT,20231228,-0.617294
CT,20231218,-0.61111
DC,20230103,-0.0748869
DC,20230130,0.196089
DC,20230213,0.180132
DC,20230216,-0.612084
DC,20230306,-0.423209
DC,20230315,0.707779
DC,20230403,0.200977
DC,20230410,0.128554
DC,20230530,-0.629982
DC,20230517,-0.608545
DC,20230630,-0.585989
DC,20230615,-0.520808
DC,20230727,-0.621519
DC,20230710,-0.63527
DC,20230803,-0.619522
DC,20230831,-0.626851
DC,20230906,-0.499864
DC,20230912,-0.245697
DC,20231005,0.427012
DC,20231020,0.660473
DC,20231129,0.81273
DC,20231121,0.805028
DC,20231228,0.598627
DC,20231218,-0.275506
DE,20230103,-0.776998
DE,20230130,-0.785608
DE,20230213,-0.788888
DE,20230216,-0.785471
DE,20230306,-0.800538
DE,20230315,-0.807609
DE,20230403,-0.870957
DE,20230410,-0.879926
DE,20230530,-0.877825
DE,20230517,-0.886541
DE,20230630,-0.83424
DE,20230615,-0.854066
DE,20230727,-0.831072
DE,20230710,-0.827751
DE,20230803,-0.83284
DE,20230831,-0.82635
DE,20230906,-0.830364
DE,20230912,-0.817454
DE,20231005,-0.806408
DE,20231020,-0.824537
DE,20231129,-0.81907
DE,20231121,-0.822967
DE,20231228,-0.827907
DE,20231218,-0.825407
FL,20230103,0.781939
FL,20230130,0.757207
FL,20230213,0.827694
FL,20230216,0.520994
FL,20230306,0.522363
FL,20230315,0.864241
FL,20230403,0.662695
FL,20230410,0.61234
FL,20230530,0.465265
FL,20230517,0.462919
FL,20230630,0.488129
FL,20230615,0.567408
FL,20230727,0.680117
FL,20230710,0.667985
FL,20230803,0.699357
FL,20230831,0.72183
FL,20230906,0.749842
FL,20230912,0.847117
FL,20231005,1.13117
FL,20231020,1.07097
FL,20231129,1.08913
FL,20231121,1.07619
FL,20231228,0.916679
FL,20231218,0.862287
GA,20230103,0.781939
GA,20230130,0.757207
GA,20230213,0.827694
GA,20230216,0.520994
GA,20230306,0.522363
GA,20230315,0.864241
GA,20230403,0.662695
GA,20230410,0.61234
GA,20230530,0.465265
GA,20230517,0.462919
GA,20230630,0.488129
GA,20230615,0.46491
GA,20230727,0.549209
GA,20230710,0.535411
GA,20230803,0.570105
GA,20230831,0.5865
GA,20230906,0.618272
GA,20230912,0.703458
GA,20231005,0.977171
GA,20231020,0.933945
GA,20231129,0.946982
GA,20231121,0.937688
GA,20231228,0.916679
GA,20231218,0.862287
IA,20230103,0.770871
IA,20230130,0.798182
IA,20230213,0.711482
IA,20230216,0.738486
IA,20230306,0.523781
IA,20230315,0.704487
IA,20230403,0.429982
IA,20230410,0.453541
IA,20230530,0.445003
IA,20230517,0.363617
IA,20230630,0.4733
IA,20230615,0.604296
IA,20230727,0.288645
IA,20230710,0.342269
IA,20230803,0.289194
IA,20230831,0.287181
IA,20230906,0.307922
IA,20230912,0.346291
IA,20231005,0.590551
IA,20231020,0.599634
IA,20231129,0.60742
IA,20231121,0.598847
IA,20231228,0.601322
IA,20231218,0.600069
ID,20230103,0.205868
ID,20230130,0.293712
ID,20230213,0.341004
ID,20230216,0.352315
ID,20230306,0.357559
ID,20230315,0.289412
ID,20230403,0.144053
ID,20230410,-0.00854773
ID,20230530,0.0673261
ID,20230517,0.0865823
ID,20230630,0.0716918
ID,20230615,0.0663429
ID,20230727,0.105163
ID,20230710,0.0846279
ID,20230803,0.107914
ID,20230831,0.0978193
ID,20230906,0.104063
ID,20230912,0.0839828
ID,20231005,0.362762
ID,20231020,0.343071
ID,20231129,0.395742
ID,20231121,0.401778
ID,20231228,0.405892
ID,20231218,0.405556
IL,20230103,0.840438
IL,20230130,0.891497
IL,20230213,0.838222
IL,20230216,0.670466
IL,20230306,0.674806
IL,20230315,0.921555
IL,20230403,0.532721
IL,20230410,0.453541
IL,20230530,0.52719
IL,20230517,0.554311
IL,20230630,0.45985
IL,20230615,0.466137
IL,20230727,0.519179
IL,20230710,0.515269
IL,20230803,0.528489
IL,20230831,0.537727
IL,20230906,0.551509
IL,20230912,0.61226
IL,20231005,0.875669
IL,20231020,0.853323
IL,20231129,0.860062
IL,20231121,0.855258
IL,20231228,0.849169
IL,20231218,0.852251
IN,20230103,0.618035
IN,20230130,0.672174
IN,20230213,0.63342
IN,20230216,0.430169
IN,20230306,0.518163
IN,20230315,0.804395
IN,20230403,0.532721
IN,20230410,0.453541
IN,20230530,0.435984
IN,20230517,0.438956
IN,20230630,0.412228
IN,20230615,0.452262
IN,20230727,0.387437
IN,20230710,0.387606
IN,20230803,0.398413
IN,20230831,0.401536
IN,20230906,0.4191
IN,20230912,0.467685
IN,20231005,0.720685
IN,20231020,0.784408
IN,20231129,0.826506
IN,20231121,0.786547
IN,20231228,0.770586
IN,20231218,0.715171
KS,20230103,0.338686
KS,20230130,0.439346
KS,20230213,0.251534
KS,20230216,0.25099
KS,20230306,-0.051286
KS,20230315,0.247978
KS,20230403,0.160725
KS,20230410,0.163178
KS,20230530,0.196634
KS,20230517,0.191035
KS,20230630,0.050683
KS,20230615,0.144431
KS,20230727,0.0625766
KS,20230710,0.0500669
KS,20230803,0.0641143
KS,20230831,0.0584715
KS,20230906,0.0855649
KS,20230912,0.0507367
KS,20231005,0.327122
KS,20231020,0.31136
KS,20231129,0.316114
KS,20231121,0.312725
KS,20231228,0.310279
KS,20231218,0.310785
KY,20230103,0.406281
KY,20230130,0.479326
KY,20230213,0.453472
KY,20230216,0.255349
KY,20230306,0.402563
KY,20230315,0.613778
KY,20230403,0.437268
KY,20230410,0.348837
KY,20230530,0.278608
KY,20230517,0.197119
KY,20230630,0.094343
KY,20230615,0.343721
KY,20230727,-0.426919
KY,20230710,-0.22636
KY,20230803,-0.40564
KY,20230831,-0.440322
KY,20230906,-0.399374
KY,20230912,-0.425994
KY,20231005,-0.151966
KY,20231020,-0.0680096
KY,20231129,-0.0577601
KY,20231121,-0.0750153
KY,20231228,-0.0622036
KY,20231218,-0.132182
LA,20230103,0.125143
LA,20230130,0.140936
LA,20230213,0.322213
LA,20230216,0.00862783
LA,20230306,0.0474161
LA,20230315,0.406295
LA,20230403,0.268651
LA,20230410,0.194675
LA,20230530,0.162747
LA,20230517,0.143794
LA,20230630,0.0447867
LA,20230615,0.144431
LA,20230727,0.012235
LA,20230710,0.0157942
LA,20230803,0.0399238
LA,20230831,0.0313908
LA,20230906,0.0785814
LA,20230912,0.114179
LA,20231005,0.345466
LA,20231020,0.371873
LA,20231129,0.363909
LA,20231121,0.369586
LA,20231228,0.36755
LA,20231218,0.303555
MA,20230103,0.0103705
MA,20230130,-0.080399
MA,20230213,-0.159458
MA,20230216,-0.270798
MA,20230306,-0.132408
MA,20230315,-0.098891
MA,20230403,-0.384454
MA,20230410,-0.411885
MA,20230530,-0.512261
MA,20230517,-0.554192
MA,20230630,-0.728674
MA,20230615,-0.642528
MA,20230727,-0.725062
MA,20230710,-0.727249
MA,20230803,-0.620164
MA,20230831,-0.501387
MA,20230906,-0.392076
MA,20230912,-0.338893
MA,20231005,-0.293393
MA,20231020,-0.368072
MA,20231129,5.01721
MA,20231121,2.7495
MA,20231228,-0.381953
MA,20231218,-0.371654
MD,20230103,-0.497585
MD,20230130,-0.180331
MD,20230213,-0.17116
MD,20230216,-0.785471
MD,20230306,-0.70908
MD,20230315,0.449894
MD,20230403,-0.0219529
MD,20230410,-0.103394
MD,20230530,-0.806599
MD,20230517,-0.720851
MD,20230630,-0.83424
MD,20230615,-0.854066
MD,20230727,-0.783278
MD,20230710,-0.827751
MD,20230803,-0.779235
MD,20230831,-0.794073
MD,20230906,-0.662441
MD,20230912,-0.423212
MD,20231005,0.236716
MD,20231020,0.491153
MD,20231129,0.508518
MD,20231121,0.508627
MD,20231228,0.312125
MD,20231218,-0.567018
ME,20230103,0.398479
ME,20230130,0.393207
ME,20230213,0.433036
ME,20230216,0.322421
ME,20230306,0.322734
ME,20230315,0.304032
ME,20230403,-0.127742
ME,20230410,-0.173881
ME,20230530,-0.268312
ME,20230517,-0.332519
ME,20230630,-0.423573
ME,20230615,-0.30356
ME,20230727,-0.479643
ME,20230710,-0.455705
ME,20230803,-0.37785
ME,20230831,-0.24768
ME,20230906,-0.145416
ME,20230912,-0.0695697
ME,20231005,-0.00467917
ME,20231020,-0.111183
ME,20231129,5.28369
ME,20231121,3.00914
ME,20231228,-0.130979
ME,20231218,-0.116291
MI,20230103,0.840438
MI,20230130,0.916685
MI,20230213,0.880551
MI,20230216,0.670466
MI,20230306,0.674806
MI,20230315,0.930863
MI,20230403,0.647369
MI,20230410,0.496802
MI,20230530,0.533537
MI,20230517,0.521334
MI,20230630,0.513646
MI,20230615,0.531433
MI,20230727,0.517263
MI,20230710,0.51084
MI,20230803,0.519339
MI,20230831,0.511718
MI,20230906,0.516432
MI,20230912,0.501272
MI,20231005,0.744881
MI,20231020,0.784408
MI,20231129,0.859692
MI,20231121,0.855115
MI,20231228,0.849315
MI,20231218,0.852251
MN,20230103,0.957418
MN,20230130,0.971593
MN,20230213,0.805769
MN,20230216,0.844363
MN,20230306,0.667174
MN,20230315,0.921555
MN,20230403,0.532721
MN,20230410,0.450095
MN,20230530,0.477519
MN,20230517,0.432708
MN,20230630,0.441934
MN,20230615,0.493895
MN,20230727,0.405986
MN,20230710,0.418754
MN,20230803,0.405257
MN,20230831,0.427245
MN,20230906,0.434305
MN,20230912,0.411599
MN,20231005,0.648752
MN,20231020,0.698876
MN,20231129,0.770964
MN,20231121,0.768665
MN,20231228,0.765752
MN,20231218,0.767226
MO,20230103,0.583116
MO,20230130,0.654542
MO,20230213,0.675475
MO,20230216,0.506686
MO,20230306,0.523781
MO,20230315,0.776534
MO,20230403,0.428827
MO,20230410,0.353322
MO,20230530,0.323802
MO,20230517,0.321396
MO,20230630,0.202487
MO,20230615,0.323065
MO,20230727,0.183793
MO,20230710,0.178572
MO,20230803,0.184269
MO,20230831,0.182523
MO,20230906,0.225516
MO,20230912,0.203547
MO,20231005,0.490934
MO,20231020,0.457115
MO,20231129,0.467314
MO,20231121,0.460043
MO,20231228,0.452678
MO,20231218,0.455673
MS,20230103,0.338686
MS,20230130,0.326218
MS,20230213,0.467775
MS,20230216,0.157528
MS,20230306,0.196618
MS,20230315,0.555645
MS,20230403,0.347332
MS,20230410,0.262446
MS,20230530,0.260692
MS,20230517,0.254396
MS,20230630,0.170791
MS,20230615,0.239428
MS,20230727,0.15843
MS,20230710,0.15932
MS,20230803,0.184269
MS,20230831,0.182523
MS,20230906,0.225516
MS,20230912,0.274614
MS,20231005,0.517452
MS,20231020,0.524901
MS,20231129,0.522655
MS,20231121,0.524256
MS,20231228,0.517054
MS,20231218,0.455673
MT,20230103,0.385713
MT,20230130,0.458111
MT,20230213,0.465688
MT,20230216,0.506686
MT,20230306,0.383744
MT,20230315,0.509563
MT,20230403,0.295656
MT,20230410,0.198604
MT,20230530,0.256563
MT,20230517,0.253901
MT,20230630,0.230833
MT,20230615,0.249262
MT,20230727,0.226438
MT,20230710,0.224115
MT,20230803,0.227981
MT,20230831,0.222321
MT,20230906,0.225822
MT,20230912,0.214562
MT,20231005,0.43753
MT,20231020,0.457115
MT,20231129,0.480748
MT,20231121,0.460043
MT,20231228,0.452678
MT,20231218,0.455673
NC,20230103,0.374655
NC,20230130,0.325982
NC,20230213,0.427417
NC,20230216,0.116554
NC,20230306,0.166331
NC,20230315,0.861149
NC,20230403,0.422378
NC,20230410,0.380277
NC,20230530,0.24181
NC,20230517,0.256482
NC,20230630,0.189323
NC,20230615,0.190526
NC,20230727,0.238198
NC,20230710,0.221948
NC,20230803,0.263028
NC,20230831,0.264985
NC,20230906,0.558492
NC,20230912,0.638186
NC,20231005,0.9072
NC,20231020,0.871687
NC,20231129,0.882397
NC,20231121,0.874762
NC,20231228,0.598627
NC,20231218,0.538673
ND,20230103,0.532963
ND,20230130,0.596451
ND,20230213,0.615204
ND,20230216,0.658147
ND,20230306,0.51408
ND,20230315,0.654086
ND,20230403,0.410347
ND,20230410,0.321294
ND,20230530,0.325411
ND,20230517,0.324745
ND,20230630,0.318978
ND,20230615,0.323586
ND,20230727,0.31788
ND,20230710,0.317299
ND,20230803,0.318265
ND,20230831,0.31685
ND,20230906,0.317725
ND,20230912,0.314911
ND,20231005,0.545103
ND,20231020,0.55283
ND,20231129,0.58004
ND,20231121,0.556785
ND,20231228,0.546189
ND,20231218,0.55082
NE,20230103,0.551402
NE,20230130,0.553032
NE,20230213,0.470326
NE,20230216,0.506686
NE,20230306,0.383744
NE,20230315,0.489187
NE,20230403,0.318406
NE,20230410,0.32741
NE,20230530,0.100242
NE,20230517,0.213661
NE,20230630,0.0875144
NE,20230615,0.103191
NE,20230727,0.158571
NE,20230710,0.149477
NE,20230803,0.160765
NE,20230831,0.152714
NE,20230906,0.177189
NE,20230912,0.203547
NE,20231005,0.43753
NE,20231020,0.457115
NE,20231129,0.466179
NE,20231121,0.460043
NE,20231228,0.452678
NE,20231218,0.455673
NH,20230103,0.228096
NH,20230130,0.141124
NH,20230213,0.0440245
NH,20230216,-0.0631739
NH,20230306,0.0638355
NH,20230315,0.0918939
NH,20230403,-0.247658
NH,20230410,-0.279886
NH,20230530,-0.408806
NH,20230517,-0.426984
NH,20230630,-0.627695
NH,20230615,-0.552385
NH,20230727,-0.626116
NH,20230710,-0.624482
NH,20230803,-0.52247
NH,20230831,-0.3991
NH,20230906,-0.292629
NH,20230912,-0.23031
NH,20231005,-0.176992
NH,20231020,-0.264502
NH,20231129,5.12464
NH,20231121,2.85418
NH,20231228,-0.280767
NH,20231218,-0.268699
NJ,20230103,-0.776998
NJ,20230130,-0.785608
NJ,20230213,-0.788888
NJ,20230216,-0.785471
NJ,20230306,-0.800538
NJ,20230315,-0.807609
NJ,20230403,-0.870957
NJ,20230410,-0.879926
NJ,20230530,-0.877825
NJ,20230517,-0.886541
NJ,20230630,-0.83424
NJ,20230615,-0.854066
NJ,20230727,-0.831072
NJ,20230710,-0.827751
NJ,20230803,-0.83284
NJ,20230831,-0.82635
NJ,20230906,-0.830364
NJ,20230912,-0.817454
NJ,20231005,-0.806408
NJ,20231020,-0.824537
NJ,20231129,-0.81907
NJ,20231121,-0.822967
NJ,20231228,-0.827907
NJ,20231218,-0.825407
NM,20230103,0.338686
NM,20230130,0.527968
NM,20230213,0.470326
NM,20230216,0.288468
NM,20230306,0.125274
NM,20230315,0.406295
NM,20230403,0.296884
NM,20230410,0.194675
NM,20230530,0.196634
NM,20230517,0.191035
NM,20230630,0.146992
NM,20230615,0.144431
NM,20230727,0.15374
NM,20230710,0.149477
NM,20230803,0.154124
NM,20230831,0.152714
NM,20230906,0.177189
NM,20230912,0.15078
NM,20231005,0.434368
NM,20231020,0.406784
NM,20231129,0.415103
NM,20231121,0.409173
NM,20231228,0.401657
NM,20231218,0.405461
NV,20230103,0.637284
NV,20230130,0.710422
NV,20230213,0.634636
NV,20230216,0.628709
NV,20230306,0.494573
NV,20230315,0.343215
NV,20230403,0.37546
NV,20230410,0.304987
NV,20230530,0.193647
NV,20230517,0.235447
NV,20230630,0.192295
NV,20230615,0.179832
NV,20230727,0.208556
NV,20230710,0.20224
NV,20230803,0.209086
NV,20230831,0.207142
NV,20230906,0.208344
NV,20230912,0.204477
NV,20231005,0.58532
NV,20231020,0.588214
NV,20231129,0.599678
NV,20231121,0.591506
NV,20231228,0.581149
NV,20231218,0.586391
NY,20230103,-0.606369
NY,20230130,-0.641411
NY,20230213,-0.659454
NY,20230216,-0.649843
NY,20230306,-0.644357
NY,20230315,-0.640015
NY,20230403,-0.758194
NY,20230410,-0.773637
NY,20230530,-0.717012
NY,20230517,-0.643261
NY,20230630,-0.833453
NY,20230615,-0.744752
NY,20230727,-0.819004
NY,20230710,-0.827751
NY,20230803,-0.722248
NY,20230831,-0.710559
NY,20230906,-0.717789
NY,20230912,-0.694535
NY,20231005,-0.674639
NY,20231020,-0.707293
NY,20231129,-0.557738
NY,20231121,-0.704466
NY,20231228,-0.713363
NY,20231218,-0.70886
OH,20230103,0.426539
OH,20230130,0.438581
OH,20230213,0.39181
OH,20230216,0.183998
OH,20230306,0.294815
OH,20230315,0.591656
OH,20230403,0.400931
OH,20230410,0.333041
OH,20230530,0.301952
OH,20230517,0.294369
OH,20230630,0.169058
OH,20230615,0.313693
OH,20230727,0.0141674
OH,20230710,0.0537979
OH,20230803,0.0298662
OH,20230831,0.0156603
OH,20230906,0.0439429
OH,20230912,0.058057
OH,20231005,0.281565
OH,20231020,0.393693
OH,20231129,0.454379
OH,20231121,0.39164
OH,20231228,0.388867
OH,20231218,0.326776
OK,20230103,0.0939782
OK,20230130,0.225408
OK,20230213,0.0835962
OK,20230216,0.0812746
OK,20230306,-0.20714
OK,20230315,0.0986274
OK,20230403,0.0586357
OK,20230410,0.0663887
OK,20230530,0.0822871
OK,20230517,0.0610786
OK,20230630,-0.089287
OK,20230615,0.034523
OK,20230727,-0.093346
OK,20230710,-0.105099
OK,20230803,-0.0898359
OK,20230831,-0.102717
OK,20230906,-0.0711464
OK,20230912,-0.120374
OK,20231005,0.143692
OK,20231020,0.14815
OK,20231129,0.146805
OK,20231121,0.147764
OK,20231228,0.150827
OK,20231218,0.148544
OR,20230103,0.672053
OR,20230130,0.706
OR,20230213,0.687939
OR,20230216,0.700086
OR,20230306,0.655808
OR,20230315,0.567086
OR,20230403,0.440579
OR,20230410,0.325519
OR,20230530,0.313242
OR,20230517,0.360254
OR,20230630,0.298379
OR,20230615,0.306207
OR,20230727,0.297773
OR,20230710,0.293784
OR,20230803,0.298087
OR,20230831,0.296935
OR,20230906,0.297648
OR,20230912,0.295355
OR,20231005,0.589352
OR,20231020,0.544684
OR,20231129,0.604888
OR,20231121,0.605554
OR,20231228,0.602863
OR,20231218,0.605971
PA,20230103,-0.970874
PA,20230130,-0.970874
PA,20230213,-0.970874
PA,20230216,-0.970874
PA,20230306,-0.970874
PA,20230315,-0.970874
PA,20230403,-0.970874
PA,20230410,-0.970874
PA,20230530,-0.970874
PA,20230517,-0.970874
PA,20230630,-0.970874
PA,20230615,-0.970874
PA,20230727,-0.970874
PA,20230710,-0.970874
PA,20230803,-0.970874
PA,20230831,-0.970874
PA,20230906,-0.970874
PA,20230912,-0.970874
PA,20231005,-0.970874
PA,20231020,-0.970874
PA,20231129,-0.970874
PA,20231121,-0.970874
PA,20231228,-0.970874
PA,20231218,-0.970874
RI,20230103,-0.182013
RI,20230130,-0.216513
RI,20230213,-0.278895
RI,20230216,-0.270798
RI,20230306,-0.315672
RI,20230315,-0.317505
RI,20230403,-0.506641
RI,20230410,-0.519448
RI,20230530,-0.512261
RI,20230517,-0.451429
RI,20230630,-0.627695
RI,20230615,-0.552385
RI,20230727,-0.626116
RI,20230710,-0.624482
RI,20230803,-0.52247
RI,20230831,-0.501387
RI,20230906,-0.514428
RI,20230912,-0.472488
RI,20231005,-0.436606
RI,20231020,-0.495498
RI,20231129,4.84228
RI,20231121,2.57403
RI,20231228,-0.506445
RI,20231218,-0.498323
SC,20230103,0.543576
SC,20230130,0.495759
SC,20230213,0.593164
SC,20230216,0.286109
SC,20230306,0.327043
SC,20230315,1.01761
SC,20230403,0.53244
SC,20230410,0.485734
SC,20230530,0.320037
SC,20230517,0.334668
SC,20230630,0.327918
SC,20230615,0.278777
SC,20230727,0.428585
SC,20230710,0.398627
SC,20230803,0.451006
SC,20230831,0.461802
SC,20230906,0.749842
SC,20230912,0.847117
SC,20231005,1.13117
SC,20231020,1.07097
SC,20231129,1.08913
SC,20231121,1.07619
SC,20231228,0.793324
SC,20231218,0.736775
SD,20230103,0.957418
SD,20230130,0.971593
SD,20230213,0.805769
SD,20230216,0.844363
SD,20230306,0.664224
SD,20230315,0.788903
SD,20230403,0.532721
SD,20230410,0.450095
SD,20230530,0.445003
SD,20230517,0.432708
SD,20230630,0.441517
SD,20230615,0.472662
SD,20230727,0.405986
SD,20230710,0.418754
SD,20230803,0.405257
SD,20230831,0.407932
SD,20230906,0.406277
SD,20230912,0.411599
SD,20231005,0.648752
SD,20231020,0.645054
SD,20231129,0.675709
SD,20231121,0.649999
SD,20231228,0.636289
SD,20231218,0.642496
TN,20230103,0.605352
TN,20230130,0.563391
TN,20230213,0.63342
TN,20230216,0.324744
TN,20230306,0.353624
TN,20230315,0.707779
TN,20230403,0.532721
TN,20230410,0.453541
TN,20230530,0.387626
TN,20230517,0.378242
TN,20230630,0.374754
TN,20230615,0.386206
TN,20230727,0.387437
TN,20230710,0.387606
TN,20230803,0.398413
TN,20230831,0.401536
TN,20230906,0.4191
TN,20230912,0.467685
TN,20231005,0.806055
TN,20231020,0.784408
TN,20231129,0.791858
TN,20231121,0.786547
TN,20231228,0.770586
TN,20231218,0.713639
TX,20230103,0.148676
TX,20230130,0.326218
TX,20230213,0.251534
TX,20230216,0.0688825
TX,20230306,-0.051286
TX,20230315,0.247978
TX,20230403,0.14805
TX,20230410,0.0359901
TX,20230530,0.0718721
TX,20230517,0.049639
TX,20230630,0.0355851
TX,20230615,0.0253414
TX,20230727,0.0625766
TX,20230710,0.0500669
TX,20230803,0.0641143
TX,20230831,0.0584715
TX,20230906,0.0855649
TX,20230912,0.0507367
TX,20231005,0.327122
TX,20231020,0.31136
TX,20231129,0.316114
TX,20231121,0.312725
TX,20231228,0.30843
TX,20231218,0.310604
UT,20230103,0.436474
UT,20230130,0.525298
UT,20230213,0.470326
UT,20230216,0.459097
UT,20230306,0.318733
UT,20230315,0.164181
UT,20230403,0.24323
UT,20230410,0.175995
UT,20230530,0.0232915
UT,20230517,0.081313
UT,20230630,0.0178862
UT,20230615,-0.0319666
UT,20230727,0.0829284
UT,20230710,0.0576657
UT,20230803,0.0850473
UT,20230831,0.0772713
UT,20230906,0.0820811
UT,20230912,0.0666124
UT,20231005,0.43753
UT,20231020,0.456715
UT,20231129,0.463266
UT,20231121,0.458596
UT,20231228,0.452678
UT,20231218,0.455673
VA,20230103,-0.272253
VA,20230130,0.0115768
VA,20230213,0.00245828
VA,20230216,-0.612084
VA,20230306,-0.568126
VA,20230315,0.576981
VA,20230403,0.105776
VA,20230410,0.0361834
VA,20230530,-0.629982
VA,20230517,-0.608545
VA,20230630,-0.585989
VA,20230615,-0.520808
VA,20230727,-0.621519
VA,20230710,-0.63527
VA,20230803,-0.619522
VA,20230831,-0.626851
VA,20230906,-0.499864
VA,20230912,-0.245697
VA,20231005,0.427012
VA,20231020,0.660473
VA,20231129,0.684164
VA,20231121,0.679763
VA,20231228,0.477546
VA,20231218,-0.398705
VT,20230103,2.6647
VT,20230130,2.79931
VT,20230213,3.10454
VT,20230216,-0.970874
VT,20230306,2.75329
VT,20230315,2.66958
VT,20230403,4.8019
VT,20230410,1.93494
VT,20230530,1.80408
VT,20230517,1.66732
VT,20230630,1.772
VT,20230615,1.98469
VT,20230727,1.58705
VT,20230710,1.66588
VT,20230803,1.69583
VT,20230831,1.86439
VT,20230906,1.96613
VT,20230912,2.0951
VT,20231005,-0.970874
VT,20231020,2.02434
VT,20231129,3.42807
VT,20231121,3.24992
VT,20231228,1.99068
VT,20231218,2.01566
WA,20230103,0.443244
WA,20230130,0.519954
WA,20230213,0.524249
WA,20230216,0.53286
WA,20230306,0.494573
WA,20230315,0.408769
WA,20230403,0.298074
WA,20230410,0.175995
WA,20230530,0.177685
WA,20230517,0.209963
WA,20230630,0.192295
WA,20230615,0.174053
WA,20230727,0.223286
WA,20230710,0.207331
WA,20230803,0.224542
WA,20230831,0.219932
WA,20230906,0.222784
WA,20230912,0.213612
WA,20231005,0.501724
WA,20231020,0.466715
WA,20231129,0.524006
WA,20231121,0.526749
WA,20231228,0.52669
WA,20231218,0.528466
WI,20230103,1.05491
WI,20230130,1.05541
WI,20230213,0.962178
WI,20230216,0.80128
WI,20230306,0.840488
WI,20230315,1.10039
WI,20230403,0.680676
WI,20230410,0.60174
WI,20230530,0.619559
WI,20230517,0.626339
WI,20230630,0.602724
WI,20230615,0.604296
WI,20230727,0.610825
WI,20230710,0.613682
WI,20230803,0.607505
WI,20230831,0.639003
WI,20230906,0.640181
WI,20230912,0.636391
WI,20231005,0.889728
WI,20231020,0.913289
WI,20231129,0.993389
WI,20231121,0.985379
WI,20231228,0.975228
WI,20231218,0.980366
WV,20230103,-0.970874
WV,20230130,-0.970874
WV,20230213,-0.970874
WV,20230216,-0.970874
WV,20230306,-0.970874
WV,20230315,-0.970874
WV,20230403,-0.970874
WV,20230410,-0.970874
WV,20230530,-0.970874
WV,20230517,-0.970874
WV,20230630,-0.970874
WV,20230615,-0.970874
WV,20230727,-0.970874
WV,20230710,-0.970874
WV,20230803,-0.970874
WV,20230831,-0.970874
WV,20230906,-0.970874
WV,20230912,-0.970874
WV,20231005,-0.970874
WV,20231020,-0.970874
WV,20231129,-0.970874
WV,20231121,-0.970874
WV,20231228,-0.970874
WV,20231218,-0.970874
WY,20230103,0.36979
WY,20230130,0.381545
WY,20230213,0.300521
WY,20230216,0.334273
WY,20230306,0.229441
WY,20230315,0.343215
WY,20230403,0.206651
WY,20230410,0.216938
WY,20230530,-0.238606
WY,20230517,-0.528564
WY,20230630,-0.108631
WY,20230615,-0.0459242
WY,20230727,-0.0671139
WY,20230710,-0.0727031
WY,20230803,-0.0620649
WY,20230831,-0.0805932
WY,20230906,-0.049637
WY,20230912,-0.0441213
WY,20231005,0.17203
WY,20231020,0.220882
WY,20231129,0.221119
WY,20231121,0.221276
WY,20231228,0.221884
WY,20231218,0.220844
