GENERATION_PROJECT,PERIOD,gen_tech,gen_load_zone,gen_energy_source,GenCapacity,SuspendGen_total,GenStorageCapacity,GenCapitalRecovery,GenFixedOMCosts
BASN_id_natural_gas_fired_combined_cycle_1,2023,Natural Gas Fired Combined Cycle,BASN,Naturalgas,302.2,0,.,0,4.98388e+06
BASN_nv_natural_gas_fired_combined_cycle_1,2023,Natural Gas Fired Combined Cycle,BASN,Naturalgas,5754.7,0,.,0,6.65285e+07
BASN_ut_natural_gas_fired_combined_cycle_1,2023,Natural Gas Fired Combined Cycle,BASN,Naturalgas,1905.4,0,.,0,2.14376e+07
BASN_id_natural_gas_fired_combustion_turbine_1,2023,Natural Gas Fired Combustion Turbine,BASN,Naturalgas,417.7,0,.,0,4.56588e+06
BASN_id_natural_gas_fired_combustion_turbine_2,2023,Natural Gas Fired Combustion Turbine,BASN,Naturalgas,5.3,0,.,0,71083.6
BASN_nv_natural_gas_fired_combustion_turbine_1,2023,Natural Gas Fired Combustion Turbine,BASN,Naturalgas,836,0,.,0,7.93242e+06
BASN_nv_natural_gas_fired_combustion_turbine_2,2023,Natural Gas Fired Combustion Turbine,BASN,Naturalgas,374,0,.,0,4.10804e+06
BASN_ut_natural_gas_fired_combustion_turbine_1,2023,Natural Gas Fired Combustion Turbine,BASN,Naturalgas,222.9,0,.,0,2.98953e+06
BASN_ut_natural_gas_fired_combustion_turbine_2,2023,Natural Gas Fired Combustion Turbine,BASN,Naturalgas,327.1,0,.,0,3.57553e+06
BASN_nv_natural_gas_internal_combustion_engine_1,2023,Natural Gas Internal Combustion Engine,BASN,Naturalgas,117.6,0,.,0,2.8224e+06
BASN_ut_natural_gas_internal_combustion_engine_1,2023,Natural Gas Internal Combustion Engine,BASN,Naturalgas,103.8,0,.,0,2.4912e+06
BASN_id_natural_gas_steam_turbine_1,2023,Natural Gas Steam Turbine,BASN,Naturalgas,5,0,.,0,256515
BASN_nv_natural_gas_steam_turbine_1,2023,Natural Gas Steam Turbine,BASN,Naturalgas,334,0,.,0,1.71352e+07
BASN_ut_natural_gas_steam_turbine_1,2023,Natural Gas Steam Turbine,BASN,Naturalgas,237.5,0,.,0,1.21845e+07
CANO_ca_natural_gas_fired_combined_cycle_1,2023,Natural Gas Fired Combined Cycle,CANO,Naturalgas,3112.8,0,.,0,5.13363e+07
CANO_ca_natural_gas_fired_combined_cycle_2,2023,Natural Gas Fired Combined Cycle,CANO,Naturalgas,8296.9,0,.,0,8.65106e+07
CANO_ca_natural_gas_fired_combustion_turbine_1,2023,Natural Gas Fired Combustion Turbine,CANO,Naturalgas,2248.7,0,.,0,2.24269e+07
CANO_ca_natural_gas_fired_combustion_turbine_2,2023,Natural Gas Fired Combustion Turbine,CANO,Naturalgas,2426.8,0,.,0,3.25482e+07
CANO_ca_natural_gas_internal_combustion_engine_1,2023,Natural Gas Internal Combustion Engine,CANO,Naturalgas,444.4,0,.,0,1.06656e+07
CANO_ca_natural_gas_steam_turbine_1,2023,Natural Gas Steam Turbine,CANO,Naturalgas,2.9,0,.,0,148779
CASO_ca_natural_gas_fired_combined_cycle_1,2023,Natural Gas Fired Combined Cycle,CASO,Naturalgas,2250.9,0,.,0,3.71218e+07
CASO_ca_natural_gas_fired_combined_cycle_2,2023,Natural Gas Fired Combined Cycle,CASO,Naturalgas,7481.6,0,.,0,7.60474e+07
CASO_ca_natural_gas_fired_combustion_turbine_1,2023,Natural Gas Fired Combustion Turbine,CASO,Naturalgas,1926.1,0,.,0,2.58329e+07
CASO_ca_natural_gas_fired_combustion_turbine_2,2023,Natural Gas Fired Combustion Turbine,CASO,Naturalgas,4877.4,0,.,0,4.73847e+07
CASO_ca_natural_gas_internal_combustion_engine_1,2023,Natural Gas Internal Combustion Engine,CASO,Naturalgas,50.2,0,.,0,1.2048e+06
CASO_ca_natural_gas_steam_turbine_1,2023,Natural Gas Steam Turbine,CASO,Naturalgas,1753.8,0,.,0,5.33577e+07
FRCC_fl_natural_gas_fired_combined_cycle_1,2023,Natural Gas Fired Combined Cycle,FRCC,Naturalgas,34026.2,0,.,0,4.09774e+08
FRCC_fl_natural_gas_fired_combined_cycle_2,2023,Natural Gas Fired Combined Cycle,FRCC,Naturalgas,2791.7,0,.,0,4.60407e+07
FRCC_fl_natural_gas_fired_combustion_turbine_1,2023,Natural Gas Fired Combustion Turbine,FRCC,Naturalgas,7864.4,0,.,0,7.28681e+07
FRCC_fl_natural_gas_fired_combustion_turbine_2,2023,Natural Gas Fired Combustion Turbine,FRCC,Naturalgas,1108.9,0,.,0,1.28307e+07
FRCC_fl_natural_gas_internal_combustion_engine_1,2023,Natural Gas Internal Combustion Engine,FRCC,Naturalgas,130.9,0,.,0,3.1416e+06
FRCC_fl_natural_gas_steam_turbine_1,2023,Natural Gas Steam Turbine,FRCC,Naturalgas,3824,0,.,0,1.1357e+08
ISNE_ct_natural_gas_fired_combined_cycle_1,2023,Natural Gas Fired Combined Cycle,ISNE,Naturalgas,144,0,.,0,2.37485e+06
ISNE_ct_natural_gas_fired_combined_cycle_2,2023,Natural Gas Fired Combined Cycle,ISNE,Naturalgas,4046.9,0,.,0,3.9607e+07
ISNE_ma_natural_gas_fired_combined_cycle_1,2023,Natural Gas Fired Combined Cycle,ISNE,Naturalgas,2640.5,0,.,0,4.35471e+07
ISNE_ma_natural_gas_fired_combined_cycle_2,2023,Natural Gas Fired Combined Cycle,ISNE,Naturalgas,4495.4,0,.,0,4.83041e+07
ISNE_me_natural_gas_fired_combined_cycle_1,2023,Natural Gas Fired Combined Cycle,ISNE,Naturalgas,1116.5,0,.,0,1.09272e+07
ISNE_me_natural_gas_fired_combined_cycle_2,2023,Natural Gas Fired Combined Cycle,ISNE,Naturalgas,256,0,.,0,4.22195e+06
ISNE_nh_natural_gas_fired_combined_cycle_1,2023,Natural Gas Fired Combined Cycle,ISNE,Naturalgas,797,0,.,0,7.80024e+06
ISNE_nh_natural_gas_fired_combined_cycle_2,2023,Natural Gas Fired Combined Cycle,ISNE,Naturalgas,633,0,.,0,6.19517e+06
ISNE_ri_natural_gas_fired_combined_cycle_1,2023,Natural Gas Fired Combined Cycle,ISNE,Naturalgas,1117.1,0,.,0,1.09331e+07
ISNE_ri_natural_gas_fired_combined_cycle_2,2023,Natural Gas Fired Combined Cycle,ISNE,Naturalgas,781.4,0,.,0,1.28868e+07
ISNE_ct_natural_gas_fired_combustion_turbine_1,2023,Natural Gas Fired Combustion Turbine,ISNE,Naturalgas,180,0,.,0,2.41416e+06
ISNE_ct_natural_gas_fired_combustion_turbine_2,2023,Natural Gas Fired Combustion Turbine,ISNE,Naturalgas,450.7,0,.,0,4.32742e+06
ISNE_ma_natural_gas_fired_combustion_turbine_1,2023,Natural Gas Fired Combustion Turbine,ISNE,Naturalgas,144.7,0,.,0,1.94072e+06
ISNE_ma_natural_gas_fired_combustion_turbine_2,2023,Natural Gas Fired Combustion Turbine,ISNE,Naturalgas,808.2,0,.,0,8.48067e+06
ISNE_me_natural_gas_fired_combustion_turbine_1,2023,Natural Gas Fired Combustion Turbine,ISNE,Naturalgas,183.1,0,.,0,2.00147e+06
ISNE_me_natural_gas_fired_combustion_turbine_2,2023,Natural Gas Fired Combustion Turbine,ISNE,Naturalgas,5,0,.,0,67060
ISNE_nh_natural_gas_fired_combustion_turbine_1,2023,Natural Gas Fired Combustion Turbine,ISNE,Naturalgas,5,0,.,0,67060
ISNE_ri_natural_gas_fired_combustion_turbine_1,2023,Natural Gas Fired Combustion Turbine,ISNE,Naturalgas,15.1,0,.,0,202521
ISNE_ct_natural_gas_internal_combustion_engine_1,2023,Natural Gas Internal Combustion Engine,ISNE,Naturalgas,15.7,0,.,0,376800
ISNE_ma_natural_gas_internal_combustion_engine_1,2023,Natural Gas Internal Combustion Engine,ISNE,Naturalgas,33.4,0,.,0,801600
ISNE_ri_natural_gas_internal_combustion_engine_1,2023,Natural Gas Internal Combustion Engine,ISNE,Naturalgas,14.5,0,.,0,348000
ISNE_ct_natural_gas_steam_turbine_1,2023,Natural Gas Steam Turbine,ISNE,Naturalgas,453.9,0,.,0,2.32864e+07
ISNE_ma_natural_gas_steam_turbine_1,2023,Natural Gas Steam Turbine,ISNE,Naturalgas,37.3,0,.,0,1.9136e+06
ISNE_nh_natural_gas_steam_turbine_1,2023,Natural Gas Steam Turbine,ISNE,Naturalgas,400.2,0,.,0,2.05315e+07
ISNE_ri_natural_gas_steam_turbine_1,2023,Natural Gas Steam Turbine,ISNE,Naturalgas,10.4,0,.,0,533551
MISC_ar_natural_gas_fired_combined_cycle_1,2023,Natural Gas Fired Combined Cycle,MISC,Naturalgas,482,0,.,0,7.94914e+06
MISC_ia_natural_gas_fired_combined_cycle_1,2023,Natural Gas Fired Combined Cycle,MISC,Naturalgas,50,0,.,0,824600
MISC_il_natural_gas_fired_combined_cycle_1,2023,Natural Gas Fired Combined Cycle,MISC,Naturalgas,1047.5,0,.,0,1.02519e+07
MISC_in_natural_gas_fired_combined_cycle_1,2023,Natural Gas Fired Combined Cycle,MISC,Naturalgas,1987,0,.,0,1.94468e+07
MISC_mo_natural_gas_fired_combined_cycle_1,2023,Natural Gas Fired Combined Cycle,MISC,Naturalgas,494.6,0,.,0,8.15694e+06
MISC_ok_natural_gas_fired_combined_cycle_1,2023,Natural Gas Fired Combined Cycle,MISC,Naturalgas,938,0,.,0,9.18021e+06
MISC_il_natural_gas_fired_combustion_turbine_1,2023,Natural Gas Fired Combustion Turbine,MISC,Naturalgas,3380.8,0,.,0,3.28477e+07
MISC_il_natural_gas_fired_combustion_turbine_2,2023,Natural Gas Fired Combustion Turbine,MISC,Naturalgas,125,0,.,0,1.6765e+06
MISC_in_natural_gas_fired_combustion_turbine_1,2023,Natural Gas Fired Combustion Turbine,MISC,Naturalgas,1958,0,.,0,1.82242e+07
MISC_in_natural_gas_fired_combustion_turbine_2,2023,Natural Gas Fired Combustion Turbine,MISC,Naturalgas,1652.1,0,.,0,1.78173e+07
MISC_ky_natural_gas_fired_combustion_turbine_1,2023,Natural Gas Fired Combustion Turbine,MISC,Naturalgas,65,0,.,0,871780
MISC_mo_natural_gas_fired_combustion_turbine_1,2023,Natural Gas Fired Combustion Turbine,MISC,Naturalgas,2020.5,0,.,0,2.07599e+07
MISC_ia_natural_gas_internal_combustion_engine_1,2023,Natural Gas Internal Combustion Engine,MISC,Naturalgas,18,0,.,0,432000
MISC_il_natural_gas_internal_combustion_engine_1,2023,Natural Gas Internal Combustion Engine,MISC,Naturalgas,39.9,0,.,0,957600
MISC_in_natural_gas_internal_combustion_engine_1,2023,Natural Gas Internal Combustion Engine,MISC,Naturalgas,26.4,0,.,0,633600
MISC_mo_natural_gas_internal_combustion_engine_1,2023,Natural Gas Internal Combustion Engine,MISC,Naturalgas,5.3,0,.,0,127200
MISC_il_natural_gas_steam_turbine_1,2023,Natural Gas Steam Turbine,MISC,Naturalgas,89.3,0,.,0,4.58136e+06
MISC_in_natural_gas_steam_turbine_1,2023,Natural Gas Steam Turbine,MISC,Naturalgas,70.6,0,.,0,3.62199e+06
MISC_mo_natural_gas_steam_turbine_1,2023,Natural Gas Steam Turbine,MISC,Naturalgas,56.4,0,.,0,2.89349e+06
MISE_mi_natural_gas_fired_combined_cycle_1,2023,Natural Gas Fired Combined Cycle,MISE,Naturalgas,5517.4,0,.,0,6.42253e+07
MISE_mi_natural_gas_fired_combined_cycle_2,2023,Natural Gas Fired Combined Cycle,MISE,Naturalgas,743.7,0,.,0,1.22651e+07
MISE_mi_natural_gas_fired_combustion_turbine_1,2023,Natural Gas Fired Combustion Turbine,MISE,Naturalgas,427.7,0,.,0,5.73631e+06
MISE_mi_natural_gas_fired_combustion_turbine_2,2023,Natural Gas Fired Combustion Turbine,MISE,Naturalgas,3971.5,0,.,0,3.82381e+07
MISE_mi_natural_gas_internal_combustion_engine_1,2023,Natural Gas Internal Combustion Engine,MISE,Naturalgas,137.1,0,.,0,3.2904e+06
MISE_mi_natural_gas_steam_turbine_1,2023,Natural Gas Steam Turbine,MISE,Naturalgas,1853.5,0,.,0,5.89863e+07
MISS_ar_natural_gas_fired_combined_cycle_1,2023,Natural Gas Fired Combined Cycle,MISS,Naturalgas,4392.1,0,.,0,4.91647e+07
MISS_ar_natural_gas_fired_combined_cycle_2,2023,Natural Gas Fired Combined Cycle,MISS,Naturalgas,232,0,.,0,3.82614e+06
MISS_la_natural_gas_fired_combined_cycle_1,2023,Natural Gas Fired Combined Cycle,MISS,Naturalgas,7852.3,0,.,0,8.518e+07
MISS_la_natural_gas_fired_combined_cycle_2,2023,Natural Gas Fired Combined Cycle,MISS,Naturalgas,2020.6,0,.,0,2.88361e+07
MISS_ms_natural_gas_fired_combined_cycle_1,2023,Natural Gas Fired Combined Cycle,MISS,Naturalgas,346.5,0,.,0,5.71448e+06
MISS_ms_natural_gas_fired_combined_cycle_2,2023,Natural Gas Fired Combined Cycle,MISS,Naturalgas,2026.6,0,.,0,1.98343e+07
MISS_tx_natural_gas_fired_combined_cycle_1,2023,Natural Gas Fired Combined Cycle,MISS,Naturalgas,1197.7,0,.,0,1.477e+07
MISS_tx_natural_gas_fired_combined_cycle_2,2023,Natural Gas Fired Combined Cycle,MISS,Naturalgas,1793.6,0,.,0,2.18965e+07
MISS_ar_natural_gas_fired_combustion_turbine_1,2023,Natural Gas Fired Combustion Turbine,MISS,Naturalgas,192,0,.,0,2.09875e+06
MISS_la_natural_gas_fired_combustion_turbine_1,2023,Natural Gas Fired Combustion Turbine,MISS,Naturalgas,888.2,0,.,0,1.15908e+07
MISS_la_natural_gas_fired_combustion_turbine_2,2023,Natural Gas Fired Combustion Turbine,MISS,Naturalgas,2288.8,0,.,0,2.32775e+07
MISS_ms_natural_gas_fired_combustion_turbine_1,2023,Natural Gas Fired Combustion Turbine,MISS,Naturalgas,725,0,.,0,7.38197e+06
MISS_ms_natural_gas_fired_combustion_turbine_2,2023,Natural Gas Fired Combustion Turbine,MISS,Naturalgas,211.2,0,.,0,2.48279e+06
MISS_tx_natural_gas_fired_combustion_turbine_1,2023,Natural Gas Fired Combustion Turbine,MISS,Naturalgas,701.1,0,.,0,8.17183e+06
MISS_tx_natural_gas_fired_combustion_turbine_2,2023,Natural Gas Fired Combustion Turbine,MISS,Naturalgas,533,0,.,0,4.88654e+06
MISS_la_natural_gas_internal_combustion_engine_1,2023,Natural Gas Internal Combustion Engine,MISS,Naturalgas,77.2,0,.,0,1.8528e+06
MISS_ms_natural_gas_internal_combustion_engine_1,2023,Natural Gas Internal Combustion Engine,MISS,Naturalgas,25.8,0,.,0,619200
MISS_tx_natural_gas_internal_combustion_engine_1,2023,Natural Gas Internal Combustion Engine,MISS,Naturalgas,4.8,0,.,0,115200
MISS_ar_natural_gas_steam_turbine_1,2023,Natural Gas Steam Turbine,MISS,Naturalgas,522,0,.,0,1.62864e+07
MISS_ar_natural_gas_steam_turbine_2,2023,Natural Gas Steam Turbine,MISS,Naturalgas,0,0,.,0,0
MISS_la_natural_gas_steam_turbine_1,2023,Natural Gas Steam Turbine,MISS,Naturalgas,3961.4,0,.,0,1.18993e+08
MISS_la_natural_gas_steam_turbine_2,2023,Natural Gas Steam Turbine,MISS,Naturalgas,433.2,0,.,0,2.22245e+07
MISS_ms_natural_gas_steam_turbine_1,2023,Natural Gas Steam Turbine,MISS,Naturalgas,725,0,.,0,2.262e+07
MISS_ms_natural_gas_steam_turbine_2,2023,Natural Gas Steam Turbine,MISS,Naturalgas,59,0,.,0,3.02688e+06
MISS_tx_natural_gas_steam_turbine_1,2023,Natural Gas Steam Turbine,MISS,Naturalgas,97.6,0,.,0,5.00717e+06
MISS_tx_natural_gas_steam_turbine_2,2023,Natural Gas Steam Turbine,MISS,Naturalgas,2027.6,0,.,0,5.64849e+07
MISW_ia_natural_gas_fired_combined_cycle_1,2023,Natural Gas Fired Combined Cycle,MISW,Naturalgas,693.5,0,.,0,6.78728e+06
MISW_ia_natural_gas_fired_combined_cycle_2,2023,Natural Gas Fired Combined Cycle,MISW,Naturalgas,1190.8,0,.,0,1.16544e+07
MISW_mn_natural_gas_fired_combined_cycle_1,2023,Natural Gas Fired Combined Cycle,MISW,Naturalgas,954.9,0,.,0,1.57482e+07
MISW_mn_natural_gas_fired_combined_cycle_2,2023,Natural Gas Fired Combined Cycle,MISW,Naturalgas,1826,0,.,0,1.78711e+07
MISW_wi_natural_gas_fired_combined_cycle_1,2023,Natural Gas Fired Combined Cycle,MISW,Naturalgas,453.2,0,.,0,7.47417e+06
MISW_wi_natural_gas_fired_combined_cycle_2,2023,Natural Gas Fired Combined Cycle,MISW,Naturalgas,3314.3,0,.,0,3.58952e+07
MISW_ia_natural_gas_fired_combustion_turbine_1,2023,Natural Gas Fired Combustion Turbine,MISW,Naturalgas,820.8,0,.,0,8.97216e+06
MISW_ia_natural_gas_fired_combustion_turbine_2,2023,Natural Gas Fired Combustion Turbine,MISW,Naturalgas,44.3,0,.,0,594152
MISW_ia_natural_gas_fired_combustion_turbine_3,2023,Natural Gas Fired Combustion Turbine,MISW,Naturalgas,118.5,0,.,0,1.58932e+06
MISW_il_natural_gas_fired_combustion_turbine_1,2023,Natural Gas Fired Combustion Turbine,MISW,Naturalgas,0,0,.,0,0
MISW_mn_natural_gas_fired_combustion_turbine_1,2023,Natural Gas Fired Combustion Turbine,MISW,Naturalgas,2137.7,0,.,0,2.0286e+07
MISW_mn_natural_gas_fired_combustion_turbine_2,2023,Natural Gas Fired Combustion Turbine,MISW,Naturalgas,445.9,0,.,0,5.41474e+06
MISW_mn_natural_gas_fired_combustion_turbine_3,2023,Natural Gas Fired Combustion Turbine,MISW,Naturalgas,387.6,0,.,0,3.62397e+06
MISW_mt_natural_gas_fired_combustion_turbine_1,2023,Natural Gas Fired Combustion Turbine,MISW,Naturalgas,43.2,0,.,0,579398
MISW_mt_natural_gas_fired_combustion_turbine_2,2023,Natural Gas Fired Combustion Turbine,MISW,Naturalgas,40.9,0,.,0,548551
MISW_mt_natural_gas_fired_combustion_turbine_3,2023,Natural Gas Fired Combustion Turbine,MISW,Naturalgas,0,0,.,0,0
MISW_nd_natural_gas_fired_combustion_turbine_1,2023,Natural Gas Fired Combustion Turbine,MISW,Naturalgas,101,0,.,0,1.10403e+06
MISW_nd_natural_gas_fired_combustion_turbine_2,2023,Natural Gas Fired Combustion Turbine,MISW,Naturalgas,101,0,.,0,1.10403e+06
MISW_sd_natural_gas_fired_combustion_turbine_1,2023,Natural Gas Fired Combustion Turbine,MISW,Naturalgas,386,0,.,0,3.53885e+06
MISW_wi_natural_gas_fired_combustion_turbine_1,2023,Natural Gas Fired Combustion Turbine,MISW,Naturalgas,3208.9,0,.,0,3.10088e+07
MISW_wi_natural_gas_fired_combustion_turbine_2,2023,Natural Gas Fired Combustion Turbine,MISW,Naturalgas,281.7,0,.,0,3.77816e+06
MISW_ia_natural_gas_internal_combustion_engine_1,2023,Natural Gas Internal Combustion Engine,MISW,Naturalgas,125.6,0,.,0,3.0144e+06
MISW_il_natural_gas_internal_combustion_engine_1,2023,Natural Gas Internal Combustion Engine,MISW,Naturalgas,15.8,0,.,0,379200
MISW_mi_natural_gas_internal_combustion_engine_1,2023,Natural Gas Internal Combustion Engine,MISW,Naturalgas,238.2,0,.,0,5.7168e+06
MISW_mn_natural_gas_internal_combustion_engine_1,2023,Natural Gas Internal Combustion Engine,MISW,Naturalgas,223.2,0,.,0,5.3568e+06
MISW_mt_natural_gas_internal_combustion_engine_1,2023,Natural Gas Internal Combustion Engine,MISW,Naturalgas,18.2,0,.,0,436800
MISW_wi_natural_gas_internal_combustion_engine_1,2023,Natural Gas Internal Combustion Engine,MISW,Naturalgas,153.5,0,.,0,3.684e+06
MISW_ia_natural_gas_steam_turbine_1,2023,Natural Gas Steam Turbine,MISW,Naturalgas,137.5,0,.,0,7.05416e+06
MISW_mn_natural_gas_steam_turbine_1,2023,Natural Gas Steam Turbine,MISW,Naturalgas,25.2,0,.,0,1.29284e+06
MISW_wi_natural_gas_steam_turbine_1,2023,Natural Gas Steam Turbine,MISW,Naturalgas,7,0,.,0,359121
NWPP_id_natural_gas_fired_combined_cycle_1,2023,Natural Gas Fired Combined Cycle,NWPP,Naturalgas,282,0,.,0,4.65074e+06
NWPP_or_natural_gas_fired_combined_cycle_1,2023,Natural Gas Fired Combined Cycle,NWPP,Naturalgas,3697.8,0,.,0,4.94314e+07
NWPP_wa_natural_gas_fired_combined_cycle_1,2023,Natural Gas Fired Combined Cycle,NWPP,Naturalgas,2935.4,0,.,0,4.05255e+07
NWPP_id_natural_gas_fired_combustion_turbine_1,2023,Natural Gas Fired Combustion Turbine,NWPP,Naturalgas,87.5,0,.,0,956462
NWPP_id_natural_gas_fired_combustion_turbine_2,2023,Natural Gas Fired Combustion Turbine,NWPP,Naturalgas,87.5,0,.,0,956462
NWPP_mt_natural_gas_fired_combustion_turbine_1,2023,Natural Gas Fired Combustion Turbine,NWPP,Naturalgas,144.3,0,.,0,1.57734e+06
NWPP_or_natural_gas_fired_combustion_turbine_1,2023,Natural Gas Fired Combustion Turbine,NWPP,Naturalgas,115.2,0,.,0,1.25925e+06
NWPP_or_natural_gas_fired_combustion_turbine_2,2023,Natural Gas Fired Combustion Turbine,NWPP,Naturalgas,24,0,.,0,321888
NWPP_wa_natural_gas_fired_combustion_turbine_1,2023,Natural Gas Fired Combustion Turbine,NWPP,Naturalgas,398.4,0,.,0,4.5385e+06
NWPP_wa_natural_gas_fired_combustion_turbine_2,2023,Natural Gas Fired Combustion Turbine,NWPP,Naturalgas,486,0,.,0,4.69894e+06
NWPP_mt_natural_gas_internal_combustion_engine_1,2023,Natural Gas Internal Combustion Engine,NWPP,Naturalgas,54,0,.,0,1.296e+06
NWPP_or_natural_gas_internal_combustion_engine_1,2023,Natural Gas Internal Combustion Engine,NWPP,Naturalgas,229.2,0,.,0,5.5008e+06
NWPP_wa_natural_gas_internal_combustion_engine_1,2023,Natural Gas Internal Combustion Engine,NWPP,Naturalgas,26.6,0,.,0,638400
NWPP_wa_natural_gas_steam_turbine_1,2023,Natural Gas Steam Turbine,NWPP,Naturalgas,3,0,.,0,153909
NYCW_nj_natural_gas_fired_combined_cycle_1,2023,Natural Gas Fired Combined Cycle,NYCW,Naturalgas,991.4,0,.,0,9.70283e+06
NYCW_ny_natural_gas_fired_combined_cycle_1,2023,Natural Gas Fired Combined Cycle,NYCW,Naturalgas,3341.6,0,.,0,4.27926e+07
NYCW_nj_natural_gas_fired_combustion_turbine_1,2023,Natural Gas Fired Combustion Turbine,NYCW,Naturalgas,623.4,0,.,0,5.71533e+06
NYCW_ny_natural_gas_fired_combustion_turbine_1,2023,Natural Gas Fired Combustion Turbine,NYCW,Naturalgas,1471.8,0,.,0,1.80952e+07
NYCW_ny_natural_gas_fired_combustion_turbine_2,2023,Natural Gas Fired Combustion Turbine,NYCW,Naturalgas,0,0,.,0,0
NYCW_ny_natural_gas_fired_combustion_turbine_3,2023,Natural Gas Fired Combustion Turbine,NYCW,Naturalgas,18.8,0,.,0,252146
NYCW_ny_natural_gas_internal_combustion_engine_1,2023,Natural Gas Internal Combustion Engine,NYCW,Naturalgas,37.4,0,.,0,897600
NYCW_ny_natural_gas_steam_turbine_1,2023,Natural Gas Steam Turbine,NYCW,Naturalgas,396.5,0,.,0,1.0604e+07
NYUP_ny_natural_gas_fired_combined_cycle_1,2023,Natural Gas Fired Combined Cycle,NYUP,Naturalgas,6565.9,0,.,0,7.32311e+07
NYUP_ny_natural_gas_fired_combined_cycle_2,2023,Natural Gas Fired Combined Cycle,NYUP,Naturalgas,1836.7,0,.,0,3.02909e+07
NYUP_ny_natural_gas_fired_combustion_turbine_1,2023,Natural Gas Fired Combustion Turbine,NYUP,Naturalgas,0,0,.,0,0
NYUP_ny_natural_gas_fired_combustion_turbine_2,2023,Natural Gas Fired Combustion Turbine,NYUP,Naturalgas,57.6,0,.,0,772531
NYUP_ny_natural_gas_internal_combustion_engine_1,2023,Natural Gas Internal Combustion Engine,NYUP,Naturalgas,19.5,0,.,0,468000
NYUP_ny_natural_gas_steam_turbine_1,2023,Natural Gas Steam Turbine,NYUP,Naturalgas,1838.4,0,.,0,5.03745e+07
PJMC_il_natural_gas_fired_combined_cycle_1,2023,Natural Gas Fired Combined Cycle,PJMC,Naturalgas,4843.4,0,.,0,5.66587e+07
PJMC_il_natural_gas_fired_combined_cycle_2,2023,Natural Gas Fired Combined Cycle,PJMC,Naturalgas,195,0,.,0,3.21594e+06
PJMC_il_natural_gas_fired_combustion_turbine_1,2023,Natural Gas Fired Combustion Turbine,PJMC,Naturalgas,101.8,0,.,0,1.36534e+06
PJMC_il_natural_gas_fired_combustion_turbine_2,2023,Natural Gas Fired Combustion Turbine,PJMC,Naturalgas,8523.9,0,.,0,7.84786e+07
PJMC_il_natural_gas_internal_combustion_engine_1,2023,Natural Gas Internal Combustion Engine,PJMC,Naturalgas,118.5,0,.,0,2.844e+06
PJMC_il_natural_gas_steam_turbine_1,2023,Natural Gas Steam Turbine,PJMC,Naturalgas,44.2,0,.,0,2.26759e+06
PJMD_va_natural_gas_fired_combined_cycle_1,2023,Natural Gas Fired Combined Cycle,PJMD,Naturalgas,6969.3,0,.,0,7.88423e+07
PJMD_va_natural_gas_fired_combined_cycle_2,2023,Natural Gas Fired Combined Cycle,PJMD,Naturalgas,932,0,.,0,1.53705e+07
PJMD_va_natural_gas_fired_combustion_turbine_1,2023,Natural Gas Fired Combustion Turbine,PJMD,Naturalgas,1874,0,.,0,1.71808e+07
PJMD_va_natural_gas_fired_combustion_turbine_2,2023,Natural Gas Fired Combustion Turbine,PJMD,Naturalgas,59.5,0,.,0,798014
PJMD_va_natural_gas_fired_combustion_turbine_3,2023,Natural Gas Fired Combustion Turbine,PJMD,Naturalgas,2627,0,.,0,2.40843e+07
PJMD_va_natural_gas_internal_combustion_engine_1,2023,Natural Gas Internal Combustion Engine,PJMD,Naturalgas,2.3,0,.,0,55200
PJMD_va_natural_gas_steam_turbine_1,2023,Natural Gas Steam Turbine,PJMD,Naturalgas,20.3,0,.,0,1.04145e+06
PJME_de_natural_gas_fired_combined_cycle_1,2023,Natural Gas Fired Combined Cycle,PJME,Naturalgas,388,0,.,0,6.3989e+06
PJME_de_natural_gas_fired_combined_cycle_2,2023,Natural Gas Fired Combined Cycle,PJME,Naturalgas,1136,0,.,0,1.40092e+07
PJME_md_natural_gas_fired_combined_cycle_1,2023,Natural Gas Fired Combined Cycle,PJME,Naturalgas,313.3,0,.,0,5.16694e+06
PJME_md_natural_gas_fired_combined_cycle_2,2023,Natural Gas Fired Combined Cycle,PJME,Naturalgas,2627.8,0,.,0,2.84857e+07
PJME_nj_natural_gas_fired_combined_cycle_1,2023,Natural Gas Fired Combined Cycle,PJME,Naturalgas,1505.5,0,.,0,2.48287e+07
PJME_nj_natural_gas_fired_combined_cycle_2,2023,Natural Gas Fired Combined Cycle,PJME,Naturalgas,5990.8,0,.,0,6.26363e+07
PJME_pa_natural_gas_fired_combined_cycle_1,2023,Natural Gas Fired Combined Cycle,PJME,Naturalgas,16174.7,0,.,0,1.86097e+08
PJME_pa_natural_gas_fired_combined_cycle_2,2023,Natural Gas Fired Combined Cycle,PJME,Naturalgas,170.5,0,.,0,2.81189e+06
PJME_dc_natural_gas_fired_combustion_turbine_1,2023,Natural Gas Fired Combustion Turbine,PJME,Naturalgas,10.2,0,.,0,136802
PJME_dc_natural_gas_fired_combustion_turbine_2,2023,Natural Gas Fired Combustion Turbine,PJME,Naturalgas,10,0,.,0,134120
PJME_de_natural_gas_fired_combustion_turbine_1,2023,Natural Gas Fired Combustion Turbine,PJME,Naturalgas,145.2,0,.,0,1.94742e+06
PJME_de_natural_gas_fired_combustion_turbine_2,2023,Natural Gas Fired Combustion Turbine,PJME,Naturalgas,144,0,.,0,1.57406e+06
PJME_de_natural_gas_fired_combustion_turbine_3,2023,Natural Gas Fired Combustion Turbine,PJME,Naturalgas,50,0,.,0,670600
PJME_md_natural_gas_fired_combustion_turbine_1,2023,Natural Gas Fired Combustion Turbine,PJME,Naturalgas,1275,0,.,0,1.21634e+07
PJME_md_natural_gas_fired_combustion_turbine_2,2023,Natural Gas Fired Combustion Turbine,PJME,Naturalgas,449,0,.,0,4.11643e+06
PJME_md_natural_gas_fired_combustion_turbine_3,2023,Natural Gas Fired Combustion Turbine,PJME,Naturalgas,78.5,0,.,0,1.05284e+06
PJME_nj_natural_gas_fired_combustion_turbine_1,2023,Natural Gas Fired Combustion Turbine,PJME,Naturalgas,1542.1,0,.,0,1.47975e+07
PJME_nj_natural_gas_fired_combustion_turbine_2,2023,Natural Gas Fired Combustion Turbine,PJME,Naturalgas,241.5,0,.,0,3.239e+06
PJME_nj_natural_gas_fired_combustion_turbine_3,2023,Natural Gas Fired Combustion Turbine,PJME,Naturalgas,528.6,0,.,0,6.67526e+06
PJME_pa_natural_gas_fired_combustion_turbine_1,2023,Natural Gas Fired Combustion Turbine,PJME,Naturalgas,169,0,.,0,2.26663e+06
PJME_pa_natural_gas_fired_combustion_turbine_2,2023,Natural Gas Fired Combustion Turbine,PJME,Naturalgas,400.9,0,.,0,4.38224e+06
PJME_pa_natural_gas_fired_combustion_turbine_3,2023,Natural Gas Fired Combustion Turbine,PJME,Naturalgas,267.5,0,.,0,2.92404e+06
PJME_md_natural_gas_internal_combustion_engine_1,2023,Natural Gas Internal Combustion Engine,PJME,Naturalgas,11.5,0,.,0,276000
PJME_nj_natural_gas_internal_combustion_engine_1,2023,Natural Gas Internal Combustion Engine,PJME,Naturalgas,41,0,.,0,984000
PJME_pa_natural_gas_internal_combustion_engine_1,2023,Natural Gas Internal Combustion Engine,PJME,Naturalgas,210.3,0,.,0,5.0472e+06
PJME_de_natural_gas_steam_turbine_1,2023,Natural Gas Steam Turbine,PJME,Naturalgas,0,0,.,0,0
PJME_md_natural_gas_steam_turbine_1,2023,Natural Gas Steam Turbine,PJME,Naturalgas,15.1,0,.,0,774675
PJME_nj_natural_gas_steam_turbine_1,2023,Natural Gas Steam Turbine,PJME,Naturalgas,21.9,0,.,0,1.12354e+06
PJME_pa_natural_gas_steam_turbine_1,2023,Natural Gas Steam Turbine,PJME,Naturalgas,2518.2,0,.,0,7.21626e+07
PJMW_in_natural_gas_fired_combined_cycle_1,2023,Natural Gas Fired Combined Cycle,PJMW,Naturalgas,1288,0,.,0,1.58836e+07
PJMW_in_natural_gas_fired_combined_cycle_2,2023,Natural Gas Fired Combined Cycle,PJMW,Naturalgas,755,0,.,0,7.38918e+06
PJMW_mi_natural_gas_fired_combined_cycle_1,2023,Natural Gas Fired Combined Cycle,PJMW,Naturalgas,1097.1,0,.,0,1.35294e+07
PJMW_oh_natural_gas_fired_combined_cycle_1,2023,Natural Gas Fired Combined Cycle,PJMW,Naturalgas,11172.6,0,.,0,1.24391e+08
PJMW_oh_natural_gas_fired_combined_cycle_2,2023,Natural Gas Fired Combined Cycle,PJMW,Naturalgas,28.6,0,.,0,471671
PJMW_pa_natural_gas_fired_combined_cycle_1,2023,Natural Gas Fired Combined Cycle,PJMW,Naturalgas,2957.4,0,.,0,3.16848e+07
PJMW_pa_natural_gas_fired_combined_cycle_2,2023,Natural Gas Fired Combined Cycle,PJMW,Naturalgas,560.5,0,.,0,9.24377e+06
PJMW_va_natural_gas_fired_combined_cycle_1,2023,Natural Gas Fired Combined Cycle,PJMW,Naturalgas,1472.2,0,.,0,1.81552e+07
PJMW_in_natural_gas_fired_combustion_turbine_1,2023,Natural Gas Fired Combustion Turbine,PJMW,Naturalgas,174,0,.,0,1.90199e+06
PJMW_in_natural_gas_fired_combustion_turbine_2,2023,Natural Gas Fired Combustion Turbine,PJMW,Naturalgas,9.4,0,.,0,126073
PJMW_in_natural_gas_fired_combustion_turbine_3,2023,Natural Gas Fired Combustion Turbine,PJMW,Naturalgas,84,0,.,0,1.12661e+06
PJMW_ky_natural_gas_fired_combustion_turbine_1,2023,Natural Gas Fired Combustion Turbine,PJMW,Naturalgas,567,0,.,0,5.19826e+06
PJMW_ky_natural_gas_fired_combustion_turbine_2,2023,Natural Gas Fired Combustion Turbine,PJMW,Naturalgas,989,0,.,0,9.06715e+06
PJMW_ky_natural_gas_fired_combustion_turbine_3,2023,Natural Gas Fired Combustion Turbine,PJMW,Naturalgas,950,0,.,0,8.7096e+06
PJMW_oh_natural_gas_fired_combustion_turbine_1,2023,Natural Gas Fired Combustion Turbine,PJMW,Naturalgas,5950.2,0,.,0,5.49675e+07
PJMW_oh_natural_gas_fired_combustion_turbine_2,2023,Natural Gas Fired Combustion Turbine,PJMW,Naturalgas,0,0,.,0,0
PJMW_oh_natural_gas_fired_combustion_turbine_3,2023,Natural Gas Fired Combustion Turbine,PJMW,Naturalgas,275.7,0,.,0,3.69769e+06
PJMW_pa_natural_gas_fired_combustion_turbine_1,2023,Natural Gas Fired Combustion Turbine,PJMW,Naturalgas,275.7,0,.,0,3.69769e+06
PJMW_pa_natural_gas_fired_combustion_turbine_2,2023,Natural Gas Fired Combustion Turbine,PJMW,Naturalgas,829.7,0,.,0,7.60669e+06
PJMW_pa_natural_gas_fired_combustion_turbine_3,2023,Natural Gas Fired Combustion Turbine,PJMW,Naturalgas,8.9,0,.,0,119367
PJMW_va_natural_gas_fired_combustion_turbine_1,2023,Natural Gas Fired Combustion Turbine,PJMW,Naturalgas,285,0,.,0,3.11534e+06
PJMW_va_natural_gas_fired_combustion_turbine_2,2023,Natural Gas Fired Combustion Turbine,PJMW,Naturalgas,0,0,.,0,0
PJMW_va_natural_gas_fired_combustion_turbine_3,2023,Natural Gas Fired Combustion Turbine,PJMW,Naturalgas,15,0,.,0,201180
PJMW_wv_natural_gas_fired_combustion_turbine_1,2023,Natural Gas Fired Combustion Turbine,PJMW,Naturalgas,342,0,.,0,3.13546e+06
PJMW_wv_natural_gas_fired_combustion_turbine_2,2023,Natural Gas Fired Combustion Turbine,PJMW,Naturalgas,339.5,0,.,0,3.11254e+06
PJMW_wv_natural_gas_fired_combustion_turbine_3,2023,Natural Gas Fired Combustion Turbine,PJMW,Naturalgas,516,0,.,0,4.73069e+06
PJMW_mi_natural_gas_internal_combustion_engine_1,2023,Natural Gas Internal Combustion Engine,PJMW,Naturalgas,6,0,.,0,144000
PJMW_oh_natural_gas_internal_combustion_engine_1,2023,Natural Gas Internal Combustion Engine,PJMW,Naturalgas,32.2,0,.,0,772800
PJMW_pa_natural_gas_internal_combustion_engine_1,2023,Natural Gas Internal Combustion Engine,PJMW,Naturalgas,52.3,0,.,0,1.2552e+06
PJMW_in_natural_gas_steam_turbine_1,2023,Natural Gas Steam Turbine,PJMW,Naturalgas,7.1,0,.,0,364251
PJMW_ky_natural_gas_steam_turbine_1,2023,Natural Gas Steam Turbine,PJMW,Naturalgas,0,0,.,0,0
PJMW_oh_natural_gas_steam_turbine_1,2023,Natural Gas Steam Turbine,PJMW,Naturalgas,32.8,0,.,0,1.68274e+06
PJMW_pa_natural_gas_steam_turbine_1,2023,Natural Gas Steam Turbine,PJMW,Naturalgas,7.1,0,.,0,364251
PJMW_va_natural_gas_steam_turbine_1,2023,Natural Gas Steam Turbine,PJMW,Naturalgas,23.1,0,.,0,1.1851e+06
PJMW_wv_natural_gas_steam_turbine_1,2023,Natural Gas Steam Turbine,PJMW,Naturalgas,0,0,.,0,0
RMRG_co_natural_gas_fired_combined_cycle_1,2023,Natural Gas Fired Combined Cycle,RMRG,Naturalgas,1512.5,0,.,0,2.49442e+07
RMRG_co_natural_gas_fired_combined_cycle_2,2023,Natural Gas Fired Combined Cycle,RMRG,Naturalgas,1955,0,.,0,1.91336e+07
RMRG_wy_natural_gas_fired_combined_cycle_1,2023,Natural Gas Fired Combined Cycle,RMRG,Naturalgas,94,0,.,0,1.55025e+06
RMRG_co_natural_gas_fired_combustion_turbine_1,2023,Natural Gas Fired Combustion Turbine,RMRG,Naturalgas,2569.4,0,.,0,2.57446e+07
RMRG_co_natural_gas_fired_combustion_turbine_2,2023,Natural Gas Fired Combustion Turbine,RMRG,Naturalgas,377.8,0,.,0,4.81895e+06
RMRG_sd_natural_gas_fired_combustion_turbine_1,2023,Natural Gas Fired Combustion Turbine,RMRG,Naturalgas,100,0,.,0,1.0931e+06
RMRG_sd_natural_gas_fired_combustion_turbine_2,2023,Natural Gas Fired Combustion Turbine,RMRG,Naturalgas,38,0,.,0,509656
RMRG_wy_natural_gas_fired_combustion_turbine_1,2023,Natural Gas Fired Combustion Turbine,RMRG,Naturalgas,110.6,0,.,0,1.20897e+06
RMRG_wy_natural_gas_fired_combustion_turbine_2,2023,Natural Gas Fired Combustion Turbine,RMRG,Naturalgas,165,0,.,0,2.21298e+06
RMRG_co_natural_gas_internal_combustion_engine_1,2023,Natural Gas Internal Combustion Engine,RMRG,Naturalgas,238,0,.,0,5.712e+06
RMRG_wy_natural_gas_internal_combustion_engine_1,2023,Natural Gas Internal Combustion Engine,RMRG,Naturalgas,9.2,0,.,0,220800
RMRG_co_natural_gas_steam_turbine_1,2023,Natural Gas Steam Turbine,RMRG,Naturalgas,350,0,.,0,1.7956e+07
RMRG_wy_natural_gas_steam_turbine_1,2023,Natural Gas Steam Turbine,RMRG,Naturalgas,247,0,.,0,1.26718e+07
SPPC_ks_natural_gas_fired_combined_cycle_1,2023,Natural Gas Fired Combined Cycle,SPPC,Naturalgas,297,0,.,0,4.89812e+06
SPPC_mo_natural_gas_fired_combined_cycle_1,2023,Natural Gas Fired Combined Cycle,SPPC,Naturalgas,1576,0,.,0,1.75216e+07
SPPC_ks_natural_gas_fired_combustion_turbine_1,2023,Natural Gas Fired Combustion Turbine,SPPC,Naturalgas,1831.9,0,.,0,1.80863e+07
SPPC_ks_natural_gas_fired_combustion_turbine_2,2023,Natural Gas Fired Combustion Turbine,SPPC,Naturalgas,135.6,0,.,0,1.81867e+06
SPPC_ks_natural_gas_fired_combustion_turbine_3,2023,Natural Gas Fired Combustion Turbine,SPPC,Naturalgas,349.2,0,.,0,4.68347e+06
SPPC_mo_natural_gas_fired_combustion_turbine_1,2023,Natural Gas Fired Combustion Turbine,SPPC,Naturalgas,279.2,0,.,0,3.12637e+06
SPPC_mo_natural_gas_fired_combustion_turbine_2,2023,Natural Gas Fired Combustion Turbine,SPPC,Naturalgas,137,0,.,0,1.83744e+06
SPPC_mo_natural_gas_fired_combustion_turbine_3,2023,Natural Gas Fired Combustion Turbine,SPPC,Naturalgas,1249.6,0,.,0,1.25519e+07
SPPC_ok_natural_gas_fired_combustion_turbine_1,2023,Natural Gas Fired Combustion Turbine,SPPC,Naturalgas,338,0,.,0,3.09878e+06
SPPC_ks_natural_gas_internal_combustion_engine_1,2023,Natural Gas Internal Combustion Engine,SPPC,Naturalgas,398.8,0,.,0,9.5712e+06
SPPC_mo_natural_gas_internal_combustion_engine_1,2023,Natural Gas Internal Combustion Engine,SPPC,Naturalgas,26,0,.,0,624000
SPPC_ne_natural_gas_internal_combustion_engine_1,2023,Natural Gas Internal Combustion Engine,SPPC,Naturalgas,8,0,.,0,192000
SPPC_ks_natural_gas_steam_turbine_1,2023,Natural Gas Steam Turbine,SPPC,Naturalgas,5.7,0,.,0,292427
SPPC_mo_natural_gas_steam_turbine_1,2023,Natural Gas Steam Turbine,SPPC,Naturalgas,99.4,0,.,0,5.09952e+06
SPPN_ne_natural_gas_fired_combined_cycle_1,2023,Natural Gas Fired Combined Cycle,SPPN,Naturalgas,124.6,0,.,0,2.0549e+06
SPPN_ne_natural_gas_fired_combined_cycle_2,2023,Natural Gas Fired Combined Cycle,SPPN,Naturalgas,220,0,.,0,3.62824e+06
SPPN_sd_natural_gas_fired_combined_cycle_1,2023,Natural Gas Fired Combined Cycle,SPPN,Naturalgas,300,0,.,0,4.9476e+06
SPPN_ia_natural_gas_fired_combustion_turbine_1,2023,Natural Gas Fired Combustion Turbine,SPPN,Naturalgas,140.1,0,.,0,1.53143e+06
SPPN_mt_natural_gas_fired_combustion_turbine_1,2023,Natural Gas Fired Combustion Turbine,SPPN,Naturalgas,95,0,.,0,1.27414e+06
SPPN_nd_natural_gas_fired_combustion_turbine_1,2023,Natural Gas Fired Combustion Turbine,SPPN,Naturalgas,405,0,.,0,4.42706e+06
SPPN_ne_natural_gas_fired_combustion_turbine_1,2023,Natural Gas Fired Combustion Turbine,SPPN,Naturalgas,901.7,0,.,0,9.37128e+06
SPPN_sd_natural_gas_fired_combustion_turbine_1,2023,Natural Gas Fired Combustion Turbine,SPPN,Naturalgas,532.5,0,.,0,5.96962e+06
SPPN_ks_natural_gas_internal_combustion_engine_1,2023,Natural Gas Internal Combustion Engine,SPPN,Naturalgas,8.8,0,.,0,211200
SPPN_nd_natural_gas_internal_combustion_engine_1,2023,Natural Gas Internal Combustion Engine,SPPN,Naturalgas,106.8,0,.,0,2.5632e+06
SPPN_ne_natural_gas_internal_combustion_engine_1,2023,Natural Gas Internal Combustion Engine,SPPN,Naturalgas,87.7,0,.,0,2.1048e+06
SPPN_sd_natural_gas_internal_combustion_engine_1,2023,Natural Gas Internal Combustion Engine,SPPN,Naturalgas,63.9,0,.,0,1.5336e+06
SPPN_ne_natural_gas_steam_turbine_1,2023,Natural Gas Steam Turbine,SPPN,Naturalgas,223.7,0,.,0,1.14765e+07
SPPN_sd_natural_gas_steam_turbine_1,2023,Natural Gas Steam Turbine,SPPN,Naturalgas,7.5,0,.,0,384772
SPPS_ar_natural_gas_fired_combined_cycle_1,2023,Natural Gas Fired Combined Cycle,SPPS,Naturalgas,110,0,.,0,1.81412e+06
SPPS_la_natural_gas_fired_combined_cycle_1,2023,Natural Gas Fired Combined Cycle,SPPS,Naturalgas,534,0,.,0,5.22626e+06
SPPS_nm_natural_gas_fired_combined_cycle_1,2023,Natural Gas Fired Combined Cycle,SPPS,Naturalgas,634,0,.,0,6.20496e+06
SPPS_ok_natural_gas_fired_combined_cycle_1,2023,Natural Gas Fired Combined Cycle,SPPS,Naturalgas,6728.4,0,.,0,8.48492e+07
SPPS_tx_natural_gas_fired_combined_cycle_1,2023,Natural Gas Fired Combined Cycle,SPPS,Naturalgas,1521.2,0,.,0,2.12359e+07
SPPS_ar_natural_gas_fired_combustion_turbine_1,2023,Natural Gas Fired Combustion Turbine,SPPS,Naturalgas,218.2,0,.,0,2.54691e+06
SPPS_ar_natural_gas_fired_combustion_turbine_2,2023,Natural Gas Fired Combustion Turbine,SPPS,Naturalgas,336,0,.,0,3.08045e+06
SPPS_ar_natural_gas_fired_combustion_turbine_3,2023,Natural Gas Fired Combustion Turbine,SPPS,Naturalgas,13.6,0,.,0,182403
SPPS_ks_natural_gas_fired_combustion_turbine_1,2023,Natural Gas Fired Combustion Turbine,SPPS,Naturalgas,0,0,.,0,0
SPPS_nm_natural_gas_fired_combustion_turbine_1,2023,Natural Gas Fired Combustion Turbine,SPPS,Naturalgas,276.2,0,.,0,3.21812e+06
SPPS_ok_natural_gas_fired_combustion_turbine_1,2023,Natural Gas Fired Combustion Turbine,SPPS,Naturalgas,1339.9,0,.,0,1.449e+07
SPPS_tx_natural_gas_fired_combustion_turbine_1,2023,Natural Gas Fired Combustion Turbine,SPPS,Naturalgas,1770.1,0,.,0,1.68964e+07
SPPS_ar_natural_gas_internal_combustion_engine_1,2023,Natural Gas Internal Combustion Engine,SPPS,Naturalgas,18,0,.,0,432000
SPPS_ks_natural_gas_internal_combustion_engine_1,2023,Natural Gas Internal Combustion Engine,SPPS,Naturalgas,101.4,0,.,0,2.4336e+06
SPPS_mo_natural_gas_internal_combustion_engine_1,2023,Natural Gas Internal Combustion Engine,SPPS,Naturalgas,42.2,0,.,0,1.0128e+06
SPPS_nm_natural_gas_internal_combustion_engine_1,2023,Natural Gas Internal Combustion Engine,SPPS,Naturalgas,46.5,0,.,0,1.116e+06
SPPS_ok_natural_gas_internal_combustion_engine_1,2023,Natural Gas Internal Combustion Engine,SPPS,Naturalgas,67.2,0,.,0,1.6128e+06
SPPS_tx_natural_gas_internal_combustion_engine_1,2023,Natural Gas Internal Combustion Engine,SPPS,Naturalgas,170.4,0,.,0,4.0896e+06
SPPS_la_natural_gas_steam_turbine_1,2023,Natural Gas Steam Turbine,SPPS,Naturalgas,110,0,.,0,5.64333e+06
SPPS_nm_natural_gas_steam_turbine_1,2023,Natural Gas Steam Turbine,SPPS,Naturalgas,295,0,.,0,1.51344e+07
SPPS_ok_natural_gas_steam_turbine_1,2023,Natural Gas Steam Turbine,SPPS,Naturalgas,2594.7,0,.,0,8.30718e+07
SPPS_tx_natural_gas_steam_turbine_1,2023,Natural Gas Steam Turbine,SPPS,Naturalgas,1447.5,0,.,0,7.42611e+07
SRCA_nc_natural_gas_fired_combined_cycle_1,2023,Natural Gas Fired Combined Cycle,SRCA,Naturalgas,3793,0,.,0,3.71221e+07
SRCA_nc_natural_gas_fired_combined_cycle_2,2023,Natural Gas Fired Combined Cycle,SRCA,Naturalgas,2519,0,.,0,3.19587e+07
SRCA_sc_natural_gas_fired_combined_cycle_1,2023,Natural Gas Fired Combined Cycle,SRCA,Naturalgas,454,0,.,0,7.48737e+06
SRCA_sc_natural_gas_fired_combined_cycle_2,2023,Natural Gas Fired Combined Cycle,SRCA,Naturalgas,2907.2,0,.,0,2.84528e+07
SRCA_nc_natural_gas_fired_combustion_turbine_1,2023,Natural Gas Fired Combustion Turbine,SRCA,Naturalgas,6981.8,0,.,0,6.48723e+07
SRCA_nc_natural_gas_fired_combustion_turbine_2,2023,Natural Gas Fired Combustion Turbine,SRCA,Naturalgas,30,0,.,0,402360
SRCA_sc_natural_gas_fired_combustion_turbine_1,2023,Natural Gas Fired Combustion Turbine,SRCA,Naturalgas,482.8,0,.,0,5.78293e+06
SRCA_sc_natural_gas_fired_combustion_turbine_2,2023,Natural Gas Fired Combustion Turbine,SRCA,Naturalgas,2503.1,0,.,0,2.3197e+07
SRCA_nc_natural_gas_steam_turbine_1,2023,Natural Gas Steam Turbine,SRCA,Naturalgas,29.7,0,.,0,1.5237e+06
SRCA_sc_natural_gas_steam_turbine_1,2023,Natural Gas Steam Turbine,SRCA,Naturalgas,536,0,.,0,2.74984e+07
SRCE_al_natural_gas_fired_combined_cycle_1,2023,Natural Gas Fired Combined Cycle,SRCE,Naturalgas,895,0,.,0,8.75936e+06
SRCE_al_natural_gas_fired_combined_cycle_2,2023,Natural Gas Fired Combined Cycle,SRCE,Naturalgas,809,0,.,0,7.91768e+06
SRCE_ky_natural_gas_fired_combined_cycle_1,2023,Natural Gas Fired Combined Cycle,SRCE,Naturalgas,683,0,.,0,6.68452e+06
SRCE_ky_natural_gas_fired_combined_cycle_2,2023,Natural Gas Fired Combined Cycle,SRCE,Naturalgas,1160,0,.,0,1.43051e+07
SRCE_ms_natural_gas_fired_combined_cycle_1,2023,Natural Gas Fired Combined Cycle,SRCE,Naturalgas,4415,0,.,0,4.32096e+07
SRCE_ms_natural_gas_fired_combined_cycle_2,2023,Natural Gas Fired Combined Cycle,SRCE,Naturalgas,883.5,0,.,0,8.64681e+06
SRCE_tn_natural_gas_fired_combined_cycle_1,2023,Natural Gas Fired Combined Cycle,SRCE,Naturalgas,1555,0,.,0,1.52188e+07
SRCE_tn_natural_gas_fired_combined_cycle_2,2023,Natural Gas Fired Combined Cycle,SRCE,Naturalgas,1114.1,0,.,0,1.37391e+07
SRCE_al_natural_gas_fired_combustion_turbine_1,2023,Natural Gas Fired Combustion Turbine,SRCE,Naturalgas,0,0,.,0,0
SRCE_ky_natural_gas_fired_combustion_turbine_1,2023,Natural Gas Fired Combustion Turbine,SRCE,Naturalgas,175,0,.,0,1.91292e+06
SRCE_ky_natural_gas_fired_combustion_turbine_2,2023,Natural Gas Fired Combustion Turbine,SRCE,Naturalgas,2944.4,0,.,0,2.72129e+07
SRCE_ky_natural_gas_fired_combustion_turbine_3,2023,Natural Gas Fired Combustion Turbine,SRCE,Naturalgas,28.5,0,.,0,382242
SRCE_ms_natural_gas_fired_combustion_turbine_1,2023,Natural Gas Fired Combustion Turbine,SRCE,Naturalgas,374.4,0,.,0,3.4325e+06
SRCE_tn_natural_gas_fired_combustion_turbine_1,2023,Natural Gas Fired Combustion Turbine,SRCE,Naturalgas,360,0,.,0,3.30048e+06
SRCE_tn_natural_gas_fired_combustion_turbine_2,2023,Natural Gas Fired Combustion Turbine,SRCE,Naturalgas,3739.2,0,.,0,3.4281e+07
SRCE_tn_natural_gas_fired_combustion_turbine_3,2023,Natural Gas Fired Combustion Turbine,SRCE,Naturalgas,95,0,.,0,1.27414e+06
SRCE_tn_natural_gas_internal_combustion_engine_1,2023,Natural Gas Internal Combustion Engine,SRCE,Naturalgas,3.2,0,.,0,76800
SRCE_tn_natural_gas_steam_turbine_1,2023,Natural Gas Steam Turbine,SRCE,Naturalgas,63.8,0,.,0,3.27313e+06
SRSE_al_natural_gas_fired_combined_cycle_1,2023,Natural Gas Fired Combined Cycle,SRSE,Naturalgas,758.4,0,.,0,1.25075e+07
SRSE_al_natural_gas_fired_combined_cycle_2,2023,Natural Gas Fired Combined Cycle,SRSE,Naturalgas,9344.2,0,.,0,1.05011e+08
SRSE_fl_natural_gas_fired_combined_cycle_1,2023,Natural Gas Fired Combined Cycle,SRSE,Naturalgas,619.7,0,.,0,6.065e+06
SRSE_fl_natural_gas_fired_combined_cycle_2,2023,Natural Gas Fired Combined Cycle,SRSE,Naturalgas,247.9,0,.,0,4.08837e+06
SRSE_ga_natural_gas_fired_combined_cycle_1,2023,Natural Gas Fired Combined Cycle,SRSE,Naturalgas,8286.8,0,.,0,9.81117e+07
SRSE_ga_natural_gas_fired_combined_cycle_2,2023,Natural Gas Fired Combined Cycle,SRSE,Naturalgas,330,0,.,0,5.44236e+06
SRSE_ms_natural_gas_fired_combined_cycle_1,2023,Natural Gas Fired Combined Cycle,SRSE,Naturalgas,840,0,.,0,8.22108e+06
SRSE_ms_natural_gas_fired_combined_cycle_2,2023,Natural Gas Fired Combined Cycle,SRSE,Naturalgas,1132.4,0,.,0,1.39648e+07
SRSE_al_natural_gas_fired_combustion_turbine_1,2023,Natural Gas Fired Combustion Turbine,SRSE,Naturalgas,2324,0,.,0,2.13064e+07
SRSE_al_natural_gas_fired_combustion_turbine_2,2023,Natural Gas Fired Combustion Turbine,SRSE,Naturalgas,267.6,0,.,0,3.34095e+06
SRSE_fl_natural_gas_fired_combustion_turbine_1,2023,Natural Gas Fired Combustion Turbine,SRSE,Naturalgas,1028.2,0,.,0,9.60284e+06
SRSE_fl_natural_gas_fired_combustion_turbine_2,2023,Natural Gas Fired Combustion Turbine,SRSE,Naturalgas,13.8,0,.,0,185086
SRSE_ga_natural_gas_fired_combustion_turbine_1,2023,Natural Gas Fired Combustion Turbine,SRSE,Naturalgas,385.4,0,.,0,4.68271e+06
SRSE_ga_natural_gas_fired_combustion_turbine_2,2023,Natural Gas Fired Combustion Turbine,SRSE,Naturalgas,8432.6,0,.,0,7.80227e+07
SRSE_ms_natural_gas_fired_combustion_turbine_1,2023,Natural Gas Fired Combustion Turbine,SRSE,Naturalgas,80,0,.,0,874480
SRSE_ms_natural_gas_fired_combustion_turbine_2,2023,Natural Gas Fired Combustion Turbine,SRSE,Naturalgas,0,0,.,0,0
SRSE_fl_natural_gas_internal_combustion_engine_1,2023,Natural Gas Internal Combustion Engine,SRSE,Naturalgas,13.7,0,.,0,328800
SRSE_ga_natural_gas_internal_combustion_engine_1,2023,Natural Gas Internal Combustion Engine,SRSE,Naturalgas,7,0,.,0,168000
SRSE_al_natural_gas_steam_turbine_1,2023,Natural Gas Steam Turbine,SRSE,Naturalgas,10.9,0,.,0,559203
SRSE_fl_natural_gas_steam_turbine_1,2023,Natural Gas Steam Turbine,SRSE,Naturalgas,0,0,.,0,0
SRSE_ga_natural_gas_steam_turbine_1,2023,Natural Gas Steam Turbine,SRSE,Naturalgas,789.7,0,.,0,2.61604e+07
SRSE_ms_natural_gas_steam_turbine_1,2023,Natural Gas Steam Turbine,SRSE,Naturalgas,0,0,.,0,0
SRSG_az_natural_gas_fired_combined_cycle_1,2023,Natural Gas Fired Combined Cycle,SRSG,Naturalgas,349.4,0,.,0,5.7623e+06
SRSG_az_natural_gas_fired_combined_cycle_2,2023,Natural Gas Fired Combined Cycle,SRSG,Naturalgas,10363.6,0,.,0,1.1052e+08
SRSG_ca_natural_gas_fired_combined_cycle_1,2023,Natural Gas Fired Combined Cycle,SRSG,Naturalgas,73,0,.,0,1.20392e+06
SRSG_ca_natural_gas_fired_combined_cycle_2,2023,Natural Gas Fired Combined Cycle,SRSG,Naturalgas,145,0,.,0,2.39134e+06
SRSG_nm_natural_gas_fired_combined_cycle_1,2023,Natural Gas Fired Combined Cycle,SRSG,Naturalgas,937.4,0,.,0,1.13628e+07
SRSG_nm_natural_gas_fired_combined_cycle_2,2023,Natural Gas Fired Combined Cycle,SRSG,Naturalgas,40,0,.,0,659680
SRSG_tx_natural_gas_fired_combined_cycle_1,2023,Natural Gas Fired Combined Cycle,SRSG,Naturalgas,233,0,.,0,2.28037e+06
SRSG_tx_natural_gas_fired_combined_cycle_2,2023,Natural Gas Fired Combined Cycle,SRSG,Naturalgas,272,0,.,0,2.66206e+06
SRSG_az_natural_gas_fired_combustion_turbine_1,2023,Natural Gas Fired Combustion Turbine,SRSG,Naturalgas,2184.7,0,.,0,2.20018e+07
SRSG_az_natural_gas_fired_combustion_turbine_2,2023,Natural Gas Fired Combustion Turbine,SRSG,Naturalgas,348,0,.,0,3.19046e+06
SRSG_ca_natural_gas_fired_combustion_turbine_1,2023,Natural Gas Fired Combustion Turbine,SRSG,Naturalgas,39.5,0,.,0,529774
SRSG_ca_natural_gas_fired_combustion_turbine_2,2023,Natural Gas Fired Combustion Turbine,SRSG,Naturalgas,112,0,.,0,1.50214e+06
SRSG_nm_natural_gas_fired_combustion_turbine_1,2023,Natural Gas Fired Combustion Turbine,SRSG,Naturalgas,332.6,0,.,0,3.63565e+06
SRSG_nm_natural_gas_fired_combustion_turbine_2,2023,Natural Gas Fired Combustion Turbine,SRSG,Naturalgas,237.2,0,.,0,3.18133e+06
SRSG_tx_natural_gas_fired_combustion_turbine_1,2023,Natural Gas Fired Combustion Turbine,SRSG,Naturalgas,65,0,.,0,871780
SRSG_tx_natural_gas_fired_combustion_turbine_2,2023,Natural Gas Fired Combustion Turbine,SRSG,Naturalgas,617.2,0,.,0,6.13395e+06
SRSG_az_natural_gas_internal_combustion_engine_1,2023,Natural Gas Internal Combustion Engine,SRSG,Naturalgas,188.6,0,.,0,4.5264e+06
SRSG_nm_natural_gas_internal_combustion_engine_1,2023,Natural Gas Internal Combustion Engine,SRSG,Naturalgas,4.4,0,.,0,105600
SRSG_tx_natural_gas_internal_combustion_engine_1,2023,Natural Gas Internal Combustion Engine,SRSG,Naturalgas,4.2,0,.,0,100800
SRSG_az_natural_gas_steam_turbine_1,2023,Natural Gas Steam Turbine,SRSG,Naturalgas,175,0,.,0,8.97802e+06
SRSG_ca_natural_gas_steam_turbine_1,2023,Natural Gas Steam Turbine,SRSG,Naturalgas,0,0,.,0,0
SRSG_nm_natural_gas_steam_turbine_1,2023,Natural Gas Steam Turbine,SRSG,Naturalgas,95,0,.,0,4.87378e+06
SRSG_tx_natural_gas_steam_turbine_1,2023,Natural Gas Steam Turbine,SRSG,Naturalgas,254,0,.,0,1.3031e+07
TRE_tx_natural_gas_fired_combined_cycle_1,2023,Natural Gas Fired Combined Cycle,TRE,Naturalgas,31954.6,0,.,0,3.46999e+08
TRE_tx_natural_gas_fired_combined_cycle_2,2023,Natural Gas Fired Combined Cycle,TRE,Naturalgas,6247.2,0,.,0,9.86974e+07
TRE_tx_natural_gas_fired_combustion_turbine_1,2023,Natural Gas Fired Combustion Turbine,TRE,Naturalgas,7166.1,0,.,0,7.06079e+07
TRE_tx_natural_gas_fired_combustion_turbine_2,2023,Natural Gas Fired Combustion Turbine,TRE,Naturalgas,1566.8,0,.,0,2.10139e+07
TRE_tx_natural_gas_internal_combustion_engine_1,2023,Natural Gas Internal Combustion Engine,TRE,Naturalgas,900.2,0,.,0,2.16048e+07
TRE_tx_natural_gas_steam_turbine_1,2023,Natural Gas Steam Turbine,TRE,Naturalgas,4869.2,0,.,0,1.65402e+08
TREW_tx_natural_gas_fired_combined_cycle_1,2023,Natural Gas Fired Combined Cycle,TREW,Naturalgas,1734.8,0,.,0,1.86392e+07
TREW_tx_natural_gas_fired_combined_cycle_2,2023,Natural Gas Fired Combined Cycle,TREW,Naturalgas,393.1,0,.,0,6.48301e+06
TREW_tx_natural_gas_fired_combustion_turbine_1,2023,Natural Gas Fired Combustion Turbine,TREW,Naturalgas,872,0,.,0,7.9945e+06
TREW_tx_natural_gas_fired_combustion_turbine_2,2023,Natural Gas Fired Combustion Turbine,TREW,Naturalgas,336,0,.,0,3.08045e+06
TREW_tx_natural_gas_internal_combustion_engine_1,2023,Natural Gas Internal Combustion Engine,TREW,Naturalgas,9.1,0,.,0,218400
TREW_tx_natural_gas_steam_turbine_1,2023,Natural Gas Steam Turbine,TREW,Naturalgas,0,0,.,0,0
BASN_batteries_1,2023,Batteries,BASN,Electricity,935.8,0,2195.6,0,6.99604e+06
BASN_biomass_1,2023,Biomass,BASN,Waste_biomass,12.6,0,.,0,1.98097e+06
BASN_biomass_2,2023,Biomass,BASN,Waste_biomass,32,0,.,0,5.03104e+06
BASN_conventional_hydroelectric_1,2023,Conventional Hydroelectric,BASN,Water,2489.6,0,.,0,1.17131e+08
BASN_conventional_steam_coal_1,2023,Conventional Steam Coal,BASN,Coal,1700.2,0,.,0,1.17379e+08
BASN_conventional_steam_coal_2,2023,Conventional Steam Coal,BASN,Coal,3622,0,.,0,2.15948e+08
BASN_geothermal_1,2023,Geothermal,BASN,Heat,893.5,0,.,0,1.86832e+08
BASN_onshore_wind_turbine_1,2023,Onshore Wind Turbine,BASN,Wind,1510.1,0,.,0,4.5756e+07
BASN_petroleum_liquids_1,2023,Petroleum Liquids,BASN,Distillate,39.8,0,.,0,955200
BASN_small_hydroelectric_1,2023,Small Hydroelectric,BASN,Water,435.6,0,.,0,2.04941e+07
BASN_solar_photovoltaic_1,2023,Solar Photovoltaic,BASN,Solar,6777.2,0,.,0,1.52677e+08
CANO_batteries_1,2023,Batteries,CANO,Electricity,2273.6,0,9058.7,0,1.69974e+07
CANO_biomass_1,2023,Biomass,CANO,Waste_biomass,465.7,0,.,0,7.32174e+07
CANO_biomass_2,2023,Biomass,CANO,Waste_biomass,212.1,0,.,0,3.33464e+07
CANO_conventional_hydroelectric_1,2023,Conventional Hydroelectric,CANO,Water,7326,0,.,0,3.44674e+08
CANO_geothermal_1,2023,Geothermal,CANO,Heat,0,0,.,0,0
CANO_hydroelectric_pumped_storage_1,2023,Hydroelectric Pumped Storage,CANO,Electricity,2276.9,0,35291.9,0,1.07124e+08
CANO_nuclear_1,2023,Nuclear,CANO,Uranium,2240,0,.,0,4.32936e+08
CANO_onshore_wind_turbine_1,2023,Onshore Wind Turbine,CANO,Wind,1442,0,.,0,4.36926e+07
CANO_petroleum_liquids_1,2023,Petroleum Liquids,CANO,Distillate,177.3,0,.,0,4.2552e+06
CANO_small_hydroelectric_1,2023,Small Hydroelectric,CANO,Water,664.8,0,.,0,3.12775e+07
CANO_solar_photovoltaic_1,2023,Solar Photovoltaic,CANO,Solar,5278,0,.,0,1.18903e+08
CASO_batteries_1,2023,Batteries,CASO,Electricity,6682.4,0,24587.6,0,4.99576e+07
CASO_biomass_1,2023,Biomass,CASO,Waste_biomass,310.3,0,.,0,4.87854e+07
CASO_biomass_2,2023,Biomass,CASO,Waste_biomass,53.8,0,.,0,8.45844e+06
CASO_conventional_hydroelectric_1,2023,Conventional Hydroelectric,CASO,Water,1022,0,.,0,4.80831e+07
CASO_conventional_steam_coal_1,2023,Conventional Steam Coal,CASO,Coal,50,0,.,0,3.87453e+06
CASO_geothermal_1,2023,Geothermal,CASO,Heat,44.4,0,.,0,9.28408e+06
CASO_hydroelectric_pumped_storage_1,2023,Hydroelectric Pumped Storage,CASO,Electricity,1665,0,25807.5,0,7.83349e+07
CASO_onshore_wind_turbine_1,2023,Onshore Wind Turbine,CASO,Wind,4089,0,.,0,1.23897e+08
CASO_petroleum_liquids_1,2023,Petroleum Liquids,CASO,Distillate,17.2,0,.,0,412800
CASO_small_hydroelectric_1,2023,Small Hydroelectric,CASO,Water,250.3,0,.,0,1.17761e+07
CASO_solar_photovoltaic_1,2023,Solar Photovoltaic,CASO,Solar,12607.4,0,.,0,2.8402e+08
FRCC_batteries_1,2023,Batteries,FRCC,Electricity,555.2,0,1129.4,0,4.15068e+06
FRCC_biomass_1,2023,Biomass,FRCC,Waste_biomass,411.6,0,.,0,6.47118e+07
FRCC_biomass_2,2023,Biomass,FRCC,Waste_biomass,412.1,0,.,0,6.47904e+07
FRCC_conventional_hydroelectric_1,2023,Conventional Hydroelectric,FRCC,Water,43.5,0,.,0,2.04659e+06
FRCC_conventional_steam_coal_1,2023,Conventional Steam Coal,FRCC,Coal,4229,0,.,0,2.57651e+08
FRCC_conventional_steam_coal_2,2023,Conventional Steam Coal,FRCC,Coal,442,0,.,0,3.32318e+07
FRCC_nuclear_1,2023,Nuclear,FRCC,Uranium,3737,0,.,0,7.22269e+08
FRCC_petroleum_liquids_1,2023,Petroleum Liquids,FRCC,Distillate,455.6,0,.,0,1.09344e+07
FRCC_solar_photovoltaic_1,2023,Solar Photovoltaic,FRCC,Solar,6776.1,0,.,0,1.52652e+08
ISNE_batteries_1,2023,Batteries,ISNE,Electricity,344,0,712.5,0,2.57174e+06
ISNE_biomass_1,2023,Biomass,ISNE,Waste_biomass,393,0,.,0,6.17875e+07
ISNE_biomass_2,2023,Biomass,ISNE,Waste_biomass,803.2,0,.,0,1.26279e+08
ISNE_conventional_hydroelectric_1,2023,Conventional Hydroelectric,ISNE,Water,928.2,0,.,0,4.367e+07
ISNE_conventional_steam_coal_1,2023,Conventional Steam Coal,ISNE,Coal,0,0,.,0,0
ISNE_conventional_steam_coal_2,2023,Conventional Steam Coal,ISNE,Coal,438,0,.,0,3.40364e+07
ISNE_hydroelectric_pumped_storage_1,2023,Hydroelectric Pumped Storage,ISNE,Electricity,1830,0,28365,0,8.60978e+07
ISNE_nuclear_1,2023,Nuclear,ISNE,Uranium,3355.5,0,.,0,7.51019e+08
ISNE_offshore_wind_turbine_1,2023,Offshore Wind Turbine,ISNE,Wind,29.3,0,.,0,3.26877e+06
ISNE_onshore_wind_turbine_1,2023,Onshore Wind Turbine,ISNE,Wind,1547.1,0,.,0,4.68771e+07
ISNE_petroleum_liquids_1,2023,Petroleum Liquids,ISNE,Distillate,1103.2,0,.,0,2.64768e+07
ISNE_small_hydroelectric_1,2023,Small Hydroelectric,ISNE,Water,693.4,0,.,0,3.26231e+07
ISNE_solar_photovoltaic_1,2023,Solar Photovoltaic,ISNE,Solar,2359.6,0,.,0,5.31571e+07
MISC_batteries_1,2023,Batteries,MISC,Electricity,36.3,0,60.1,0,271379
MISC_biomass_1,2023,Biomass,MISC,Waste_biomass,72.1,0,.,0,1.13356e+07
MISC_biomass_2,2023,Biomass,MISC,Waste_biomass,71.7,0,.,0,1.12727e+07
MISC_conventional_hydroelectric_1,2023,Conventional Hydroelectric,MISC,Water,451.5,0,.,0,2.12422e+07
MISC_conventional_steam_coal_1,2023,Conventional Steam Coal,MISC,Coal,2409,0,.,0,1.78144e+08
MISC_conventional_steam_coal_2,2023,Conventional Steam Coal,MISC,Coal,16326.1,0,.,0,9.97566e+08
MISC_hydroelectric_pumped_storage_1,2023,Hydroelectric Pumped Storage,MISC,Electricity,471,0,7300.5,0,2.21596e+07
MISC_nuclear_1,2023,Nuclear,MISC,Uranium,2373,0,.,0,6.52981e+08
MISC_onshore_wind_turbine_1,2023,Onshore Wind Turbine,MISC,Wind,6382.6,0,.,0,1.93393e+08
MISC_petroleum_liquids_1,2023,Petroleum Liquids,MISC,Distillate,450.5,0,.,0,1.0812e+07
MISC_small_hydroelectric_1,2023,Small Hydroelectric,MISC,Water,39.6,0,.,0,1.8631e+06
MISC_solar_photovoltaic_1,2023,Solar Photovoltaic,MISC,Solar,1498.9,0,.,0,3.37672e+07
MISE_batteries_1,2023,Batteries,MISE,Electricity,1.3,0,1.5,0,9718.8
MISE_biomass_1,2023,Biomass,MISE,Waste_biomass,170.6,0,.,0,2.68217e+07
MISE_biomass_2,2023,Biomass,MISE,Waste_biomass,139.9,0,.,0,2.19951e+07
MISE_conventional_hydroelectric_1,2023,Conventional Hydroelectric,MISE,Water,32.3,0,.,0,1.51965e+06
MISE_conventional_steam_coal_1,2023,Conventional Steam Coal,MISE,Coal,5761.3,0,.,0,3.56581e+08
MISE_conventional_steam_coal_2,2023,Conventional Steam Coal,MISE,Coal,60,0,.,0,4.4712e+06
MISE_hydroelectric_pumped_storage_1,2023,Hydroelectric Pumped Storage,MISE,Electricity,2115,0,32782.5,0,9.95065e+07
MISE_nuclear_1,2023,Nuclear,MISE,Uranium,1161,0,.,0,3.19474e+08
MISE_onshore_wind_turbine_1,2023,Onshore Wind Turbine,MISE,Wind,3676.9,0,.,0,1.1141e+08
MISE_petroleum_liquids_1,2023,Petroleum Liquids,MISE,Distillate,59.9,0,.,0,1.4376e+06
MISE_small_hydroelectric_1,2023,Small Hydroelectric,MISE,Water,24.6,0,.,0,1.15738e+06
MISE_solar_photovoltaic_1,2023,Solar Photovoltaic,MISE,Solar,891,0,.,0,2.00724e+07
MISS_batteries_1,2023,Batteries,MISS,Electricity,10.5,0,30.5,0,78498
MISS_biomass_1,2023,Biomass,MISS,Waste_biomass,40.6,0,.,0,6.38313e+06
MISS_biomass_2,2023,Biomass,MISS,Waste_biomass,331.6,0,.,0,5.21342e+07
MISS_conventional_hydroelectric_1,2023,Conventional Hydroelectric,MISS,Water,583.1,0,.,0,2.74337e+07
MISS_conventional_steam_coal_1,2023,Conventional Steam Coal,MISS,Coal,1574.4,0,.,0,1.04053e+08
MISS_conventional_steam_coal_2,2023,Conventional Steam Coal,MISS,Coal,4521.1,0,.,0,2.58398e+08
MISS_nuclear_1,2023,Nuclear,MISS,Uranium,5426,0,.,0,1.34124e+09
MISS_onshore_wind_turbine_1,2023,Onshore Wind Turbine,MISS,Wind,0,0,.,0,0
MISS_petroleum_liquids_1,2023,Petroleum Liquids,MISS,Distillate,40.9,0,.,0,981600
MISS_small_hydroelectric_1,2023,Small Hydroelectric,MISS,Water,74.1,0,.,0,3.48626e+06
MISS_solar_photovoltaic_1,2023,Solar Photovoltaic,MISS,Solar,1526.9,0,.,0,3.4398e+07
MISW_batteries_1,2023,Batteries,MISW,Electricity,31.2,0,62.9,0,233251
MISW_biomass_1,2023,Biomass,MISW,Waste_biomass,468,0,.,0,7.3579e+07
MISW_biomass_2,2023,Biomass,MISW,Waste_biomass,145.3,0,.,0,2.28441e+07
MISW_conventional_hydroelectric_1,2023,Conventional Hydroelectric,MISW,Water,95.2,0,.,0,4.47897e+06
MISW_conventional_steam_coal_1,2023,Conventional Steam Coal,MISW,Coal,15419.6,0,.,0,9.8252e+08
MISW_conventional_steam_coal_2,2023,Conventional Steam Coal,MISW,Coal,330.9,0,.,0,2.43919e+07
MISW_nuclear_1,2023,Nuclear,MISW,Uranium,2928.1,0,.,0,6.63274e+08
MISW_onshore_wind_turbine_1,2023,Onshore Wind Turbine,MISW,Wind,23541,0,.,0,7.13292e+08
MISW_petroleum_liquids_1,2023,Petroleum Liquids,MISW,Distillate,1668.1,0,.,0,4.00344e+07
MISW_small_hydroelectric_1,2023,Small Hydroelectric,MISW,Water,531.1,0,.,0,2.49872e+07
MISW_solar_photovoltaic_1,2023,Solar Photovoltaic,MISW,Solar,2948.1,0,.,0,6.64148e+07
NWPP_batteries_1,2023,Batteries,NWPP,Electricity,41,0,143.4,0,306516
NWPP_biomass_1,2023,Biomass,NWPP,Waste_biomass,187.4,0,.,0,2.9463e+07
NWPP_biomass_2,2023,Biomass,NWPP,Waste_biomass,343,0,.,0,5.39265e+07
NWPP_conventional_hydroelectric_1,2023,Conventional Hydroelectric,NWPP,Water,31942.5,0,.,0,1.50283e+09
NWPP_conventional_steam_coal_1,2023,Conventional Steam Coal,NWPP,Coal,2151.5,0,.,0,1.31088e+08
NWPP_conventional_steam_coal_2,2023,Conventional Steam Coal,NWPP,Coal,147.5,0,.,0,1.07639e+07
NWPP_geothermal_1,2023,Geothermal,NWPP,Heat,30.8,0,.,0,6.44031e+06
NWPP_hydroelectric_pumped_storage_1,2023,Hydroelectric Pumped Storage,NWPP,Electricity,314,0,4867,0,1.47731e+07
NWPP_nuclear_1,2023,Nuclear,NWPP,Uranium,1172,0,.,0,3.225e+08
NWPP_onshore_wind_turbine_1,2023,Onshore Wind Turbine,NWPP,Wind,8432.7,0,.,0,2.55511e+08
NWPP_petroleum_liquids_1,2023,Petroleum Liquids,NWPP,Distillate,21.3,0,.,0,511200
NWPP_small_hydroelectric_1,2023,Small Hydroelectric,NWPP,Water,770.6,0,.,0,3.62552e+07
NWPP_solar_photovoltaic_1,2023,Solar Photovoltaic,NWPP,Solar,1525.7,0,.,0,3.4371e+07
NYCW_batteries_1,2023,Batteries,NYCW,Electricity,19.3,0,107,0,144287
NYCW_biomass_1,2023,Biomass,NYCW,Waste_biomass,25.4,0,.,0,3.99339e+06
NYCW_biomass_2,2023,Biomass,NYCW,Waste_biomass,99.3,0,.,0,1.56119e+07
NYCW_petroleum_liquids_1,2023,Petroleum Liquids,NYCW,Distillate,634.7,0,.,0,1.52328e+07
NYCW_solar_photovoltaic_1,2023,Solar Photovoltaic,NYCW,Solar,157.3,0,.,0,3.54365e+06
NYUP_batteries_1,2023,Batteries,NYUP,Electricity,170,0,394.4,0,1.27092e+06
NYUP_biomass_1,2023,Biomass,NYUP,Waste_biomass,154.3,0,.,0,2.4259e+07
NYUP_biomass_2,2023,Biomass,NYUP,Waste_biomass,150.5,0,.,0,2.36616e+07
NYUP_conventional_hydroelectric_1,2023,Conventional Hydroelectric,NYUP,Water,3540.6,0,.,0,1.66578e+08
NYUP_hydroelectric_pumped_storage_1,2023,Hydroelectric Pumped Storage,NYUP,Electricity,1406.7,0,21803.8,0,6.61824e+07
NYUP_nuclear_1,2023,Nuclear,NYUP,Uranium,3358.3,0,.,0,8.65585e+08
NYUP_onshore_wind_turbine_1,2023,Onshore Wind Turbine,NYUP,Wind,2746.3,0,.,0,8.32129e+07
NYUP_petroleum_liquids_1,2023,Petroleum Liquids,NYUP,Distillate,75.5,0,.,0,1.812e+06
NYUP_small_hydroelectric_1,2023,Small Hydroelectric,NYUP,Water,736.9,0,.,0,3.46697e+07
NYUP_solar_photovoltaic_1,2023,Solar Photovoltaic,NYUP,Solar,1467.9,0,.,0,3.30689e+07
PJMC_batteries_1,2023,Batteries,PJMC,Electricity,95.8,0,171.6,0,716201
PJMC_biomass_1,2023,Biomass,PJMC,Waste_biomass,26.4,0,.,0,4.15061e+06
PJMC_biomass_2,2023,Biomass,PJMC,Waste_biomass,28.8,0,.,0,4.52794e+06
PJMC_conventional_hydroelectric_1,2023,Conventional Hydroelectric,PJMC,Water,0.8,0,.,0,37638.4
PJMC_conventional_steam_coal_1,2023,Conventional Steam Coal,PJMC,Coal,1538,0,.,0,8.78959e+07
PJMC_conventional_steam_coal_2,2023,Conventional Steam Coal,PJMC,Coal,1108,0,.,0,6.75287e+07
PJMC_nuclear_1,2023,Nuclear,PJMC,Uranium,10898.1,0,.,0,2.10633e+09
PJMC_onshore_wind_turbine_1,2023,Onshore Wind Turbine,PJMC,Wind,4488.8,0,.,0,1.36011e+08
PJMC_petroleum_liquids_1,2023,Petroleum Liquids,PJMC,Distillate,55.3,0,.,0,1.3272e+06
PJMC_small_hydroelectric_1,2023,Small Hydroelectric,PJMC,Water,25.3,0,.,0,1.19031e+06
PJMC_solar_photovoltaic_1,2023,Solar Photovoltaic,PJMC,Solar,309.1,0,.,0,6.9634e+06
PJMD_batteries_1,2023,Batteries,PJMD,Electricity,40.5,0,74.6,0,302778
PJMD_biomass_1,2023,Biomass,PJMD,Waste_biomass,515.3,0,.,0,8.10155e+07
PJMD_biomass_2,2023,Biomass,PJMD,Waste_biomass,293.4,0,.,0,4.61283e+07
PJMD_conventional_hydroelectric_1,2023,Conventional Hydroelectric,PJMD,Water,613.1,0,.,0,2.88451e+07
PJMD_conventional_steam_coal_1,2023,Conventional Steam Coal,PJMD,Coal,32.5,0,.,0,2.50837e+06
PJMD_conventional_steam_coal_2,2023,Conventional Steam Coal,PJMD,Coal,881,0,.,0,5.55284e+07
PJMD_hydroelectric_pumped_storage_1,2023,Hydroelectric Pumped Storage,PJMD,Electricity,3003,0,46546.5,0,1.41285e+08
PJMD_nuclear_1,2023,Nuclear,PJMD,Uranium,3708,0,.,0,7.16664e+08
PJMD_onshore_wind_turbine_1,2023,Onshore Wind Turbine,PJMD,Wind,208,0,.,0,6.3024e+06
PJMD_petroleum_liquids_1,2023,Petroleum Liquids,PJMD,Distillate,319.3,0,.,0,7.6632e+06
PJMD_small_hydroelectric_1,2023,Small Hydroelectric,PJMD,Water,12.9,0,.,0,606919
PJMD_solar_photovoltaic_1,2023,Solar Photovoltaic,PJMD,Solar,4533.6,0,.,0,1.02133e+08
PJME_batteries_1,2023,Batteries,PJME,Electricity,107,0,145.5,0,799932
PJME_biomass_1,2023,Biomass,PJME,Waste_biomass,263.8,0,.,0,4.14746e+07
PJME_biomass_2,2023,Biomass,PJME,Waste_biomass,520.3,0,.,0,8.18016e+07
PJME_conventional_hydroelectric_1,2023,Conventional Hydroelectric,PJME,Water,1213.9,0,.,0,5.71116e+07
PJME_conventional_steam_coal_1,2023,Conventional Steam Coal,PJME,Coal,8109,0,.,0,4.89881e+08
PJME_conventional_steam_coal_2,2023,Conventional Steam Coal,PJME,Coal,1315,0,.,0,9.94558e+07
PJME_hydroelectric_pumped_storage_1,2023,Hydroelectric Pumped Storage,PJME,Electricity,1942,0,30101,0,9.13672e+07
PJME_nuclear_1,2023,Nuclear,PJME,Uranium,12829.4,0,.,0,2.57558e+09
PJME_onshore_wind_turbine_1,2023,Onshore Wind Turbine,PJME,Wind,1314.4,0,.,0,3.98263e+07
PJME_petroleum_liquids_1,2023,Petroleum Liquids,PJME,Distillate,738.7,0,.,0,1.77288e+07
PJME_small_hydroelectric_1,2023,Small Hydroelectric,PJME,Water,148.5,0,.,0,6.98663e+06
PJME_solar_photovoltaic_1,2023,Solar Photovoltaic,PJME,Solar,2089.2,0,.,0,4.70655e+07
PJMW_batteries_1,2023,Batteries,PJMW,Electricity,97.3,0,187.6,0,727415
PJMW_biomass_1,2023,Biomass,PJMW,Waste_biomass,140.5,0,.,0,2.20894e+07
PJMW_biomass_2,2023,Biomass,PJMW,Waste_biomass,23.2,0,.,0,3.6475e+06
PJMW_conventional_hydroelectric_1,2023,Conventional Hydroelectric,PJMW,Water,884.8,0,.,0,4.16281e+07
PJMW_conventional_steam_coal_1,2023,Conventional Steam Coal,PJMW,Coal,20666,0,.,0,1.27817e+09
PJMW_conventional_steam_coal_2,2023,Conventional Steam Coal,PJMW,Coal,1390.2,0,.,0,8.86489e+07
PJMW_conventional_steam_coal_3,2023,Conventional Steam Coal,PJMW,Coal,666,0,.,0,5.05546e+07
PJMW_hydroelectric_pumped_storage_1,2023,Hydroelectric Pumped Storage,PJMW,Electricity,238,0,3689,0,1.11974e+07
PJMW_nuclear_1,2023,Nuclear,PJMW,Uranium,6326,0,.,0,1.40086e+09
PJMW_onshore_wind_turbine_1,2023,Onshore Wind Turbine,PJMW,Wind,4304,0,.,0,1.30411e+08
PJMW_petroleum_liquids_1,2023,Petroleum Liquids,PJMW,Distillate,217.7,0,.,0,5.2248e+06
PJMW_small_hydroelectric_1,2023,Small Hydroelectric,PJMW,Water,288.8,0,.,0,1.35875e+07
PJMW_solar_photovoltaic_1,2023,Solar Photovoltaic,PJMW,Solar,2361.1,0,.,0,5.31909e+07
RMRG_batteries_1,2023,Batteries,RMRG,Electricity,240.2,0,363.7,0,1.79574e+06
RMRG_biomass_1,2023,Biomass,RMRG,Waste_biomass,18.9,0,.,0,2.97146e+06
RMRG_biomass_2,2023,Biomass,RMRG,Waste_biomass,11,0,.,0,1.72942e+06
RMRG_conventional_hydroelectric_1,2023,Conventional Hydroelectric,RMRG,Water,708.8,0,.,0,3.33476e+07
RMRG_conventional_steam_coal_1,2023,Conventional Steam Coal,RMRG,Coal,5220,0,.,0,3.12694e+08
RMRG_conventional_steam_coal_2,2023,Conventional Steam Coal,RMRG,Coal,4695,0,.,0,3.30355e+08
RMRG_hydroelectric_pumped_storage_1,2023,Hydroelectric Pumped Storage,RMRG,Electricity,580.8,0,9002.4,0,2.73255e+07
RMRG_onshore_wind_turbine_1,2023,Onshore Wind Turbine,RMRG,Wind,8172.8,0,.,0,2.47636e+08
RMRG_petroleum_liquids_1,2023,Petroleum Liquids,RMRG,Distillate,21.1,0,.,0,506400
RMRG_small_hydroelectric_1,2023,Small Hydroelectric,RMRG,Water,243.3,0,.,0,1.14468e+07
RMRG_solar_photovoltaic_1,2023,Solar Photovoltaic,RMRG,Solar,2306,0,.,0,5.19496e+07
SPPC_batteries_1,2023,Batteries,SPPC,Electricity,2.2,0,3.5,0,16447.2
SPPC_biomass_1,2023,Biomass,SPPC,Waste_biomass,4.6,0,.,0,723212
SPPC_biomass_2,2023,Biomass,SPPC,Waste_biomass,9,0,.,0,1.41498e+06
SPPC_conventional_hydroelectric_1,2023,Conventional Hydroelectric,SPPC,Water,52,0,.,0,2.4465e+06
SPPC_conventional_steam_coal_1,2023,Conventional Steam Coal,SPPC,Coal,4778,0,.,0,3.22684e+08
SPPC_conventional_steam_coal_2,2023,Conventional Steam Coal,SPPC,Coal,2337.8,0,.,0,1.35799e+08
SPPC_nuclear_1,2023,Nuclear,SPPC,Uranium,1255,0,.,0,3.4534e+08
SPPC_onshore_wind_turbine_1,2023,Onshore Wind Turbine,SPPC,Wind,8379.7,0,.,0,2.53905e+08
SPPC_petroleum_liquids_1,2023,Petroleum Liquids,SPPC,Distillate,250.6,0,.,0,6.0144e+06
SPPC_small_hydroelectric_1,2023,Small Hydroelectric,SPPC,Water,21.4,0,.,0,1.00683e+06
SPPC_solar_photovoltaic_1,2023,Solar Photovoltaic,SPPC,Solar,101.9,0,.,0,2.2956e+06
SPPN_batteries_1,2023,Batteries,SPPN,Electricity,4.7,0,12.7,0,35137.2
SPPN_biomass_1,2023,Biomass,SPPN,Waste_biomass,6.2,0,.,0,974764
SPPN_biomass_2,2023,Biomass,SPPN,Waste_biomass,13.2,0,.,0,2.0753e+06
SPPN_conventional_hydroelectric_1,2023,Conventional Hydroelectric,SPPN,Water,2510,0,.,0,1.1809e+08
SPPN_conventional_steam_coal_1,2023,Conventional Steam Coal,SPPN,Coal,4291.2,0,.,0,2.56926e+08
SPPN_conventional_steam_coal_2,2023,Conventional Steam Coal,SPPN,Coal,1068.7,0,.,0,7.91215e+07
SPPN_nuclear_1,2023,Nuclear,SPPN,Uranium,770,0,.,0,2.64852e+08
SPPN_onshore_wind_turbine_1,2023,Onshore Wind Turbine,SPPN,Wind,7510.5,0,.,0,2.27568e+08
SPPN_petroleum_liquids_1,2023,Petroleum Liquids,SPPN,Distillate,59.2,0,.,0,1.4208e+06
SPPN_small_hydroelectric_1,2023,Small Hydroelectric,SPPN,Water,90.6,0,.,0,4.26255e+06
SPPN_solar_photovoltaic_1,2023,Solar Photovoltaic,SPPN,Solar,125.6,0,.,0,2.82952e+06
SPPS_batteries_1,2023,Batteries,SPPS,Electricity,22,0,46.2,0,164472
SPPS_biomass_1,2023,Biomass,SPPS,Waste_biomass,11.8,0,.,0,1.8552e+06
SPPS_biomass_2,2023,Biomass,SPPS,Waste_biomass,166.8,0,.,0,2.62243e+07
SPPS_conventional_hydroelectric_1,2023,Conventional Hydroelectric,SPPS,Water,2008.4,0,.,0,9.44912e+07
SPPS_conventional_steam_coal_1,2023,Conventional Steam Coal,SPPS,Coal,5269,0,.,0,3.05176e+08
SPPS_conventional_steam_coal_2,2023,Conventional Steam Coal,SPPS,Coal,2447,0,.,0,1.83575e+08
SPPS_hydroelectric_pumped_storage_1,2023,Hydroelectric Pumped Storage,SPPS,Electricity,474,0,7347,0,2.23008e+07
SPPS_onshore_wind_turbine_1,2023,Onshore Wind Turbine,SPPS,Wind,19005,0,.,0,5.75852e+08
SPPS_petroleum_liquids_1,2023,Petroleum Liquids,SPPS,Distillate,52.3,0,.,0,1.2552e+06
SPPS_small_hydroelectric_1,2023,Small Hydroelectric,SPPS,Water,87.8,0,.,0,4.13081e+06
SPPS_solar_photovoltaic_1,2023,Solar Photovoltaic,SPPS,Solar,334.8,0,.,0,7.54237e+06
SRCA_batteries_1,2023,Batteries,SRCA,Electricity,160.8,0,300.7,0,1.20214e+06
SRCA_biomass_1,2023,Biomass,SRCA,Waste_biomass,221,0,.,0,3.47456e+07
SRCA_biomass_2,2023,Biomass,SRCA,Waste_biomass,397.1,0,.,0,6.24321e+07
SRCA_conventional_hydroelectric_1,2023,Conventional Hydroelectric,SRCA,Water,1772.4,0,.,0,8.33879e+07
SRCA_conventional_steam_coal_1,2023,Conventional Steam Coal,SRCA,Coal,12994,0,.,0,8.23463e+08
SRCA_conventional_steam_coal_2,2023,Conventional Steam Coal,SRCA,Coal,1124,0,.,0,7.90084e+07
SRCA_hydroelectric_pumped_storage_1,2023,Hydroelectric Pumped Storage,SRCA,Electricity,2876,0,44578,0,1.3531e+08
SRCA_nuclear_1,2023,Nuclear,SRCA,Uranium,12106.7,0,.,0,2.62345e+09
SRCA_petroleum_liquids_1,2023,Petroleum Liquids,SRCA,Distillate,197.8,0,.,0,4.7472e+06
SRCA_small_hydroelectric_1,2023,Small Hydroelectric,SRCA,Water,119.2,0,.,0,5.60812e+06
SRCA_solar_photovoltaic_1,2023,Solar Photovoltaic,SRCA,Solar,6802.2,0,.,0,1.5324e+08
SRCE_batteries_1,2023,Batteries,SRCE,Electricity,122.3,0,244.6,0,914315
SRCE_biomass_1,2023,Biomass,SRCE,Waste_biomass,167.5,0,.,0,2.63344e+07
SRCE_biomass_2,2023,Biomass,SRCE,Waste_biomass,67.4,0,.,0,1.05966e+07
SRCE_conventional_hydroelectric_1,2023,Conventional Hydroelectric,SRCE,Water,4937.3,0,.,0,2.3229e+08
SRCE_conventional_steam_coal_1,2023,Conventional Steam Coal,SRCE,Coal,11116,0,.,0,6.9265e+08
SRCE_conventional_steam_coal_2,2023,Conventional Steam Coal,SRCE,Coal,535.3,0,.,0,3.83974e+07
SRCE_hydroelectric_pumped_storage_1,2023,Hydroelectric Pumped Storage,SRCE,Electricity,1683.8,0,26098.9,0,7.92194e+07
SRCE_nuclear_1,2023,Nuclear,SRCE,Uranium,8431.3,0,.,0,1.62956e+09
SRCE_onshore_wind_turbine_1,2023,Onshore Wind Turbine,SRCE,Wind,29.1,0,.,0,881730
SRCE_petroleum_liquids_1,2023,Petroleum Liquids,SRCE,Distillate,69.8,0,.,0,1.6752e+06
SRCE_small_hydroelectric_1,2023,Small Hydroelectric,SRCE,Water,130.3,0,.,0,6.13035e+06
SRCE_solar_photovoltaic_1,2023,Solar Photovoltaic,SRCE,Solar,1465.2,0,.,0,3.3008e+07
SRSE_batteries_1,2023,Batteries,SRSE,Electricity,86.7,0,178.7,0,648169
SRSE_biomass_1,2023,Biomass,SRSE,Waste_biomass,812.4,0,.,0,1.27726e+08
SRSE_biomass_2,2023,Biomass,SRSE,Waste_biomass,538.6,0,.,0,8.46787e+07
SRSE_conventional_hydroelectric_1,2023,Conventional Hydroelectric,SRSE,Water,3799.2,0,.,0,1.78745e+08
SRSE_conventional_steam_coal_1,2023,Conventional Steam Coal,SRSE,Coal,6809.5,0,.,0,4.39941e+08
SRSE_conventional_steam_coal_2,2023,Conventional Steam Coal,SRSE,Coal,4702.5,0,.,0,2.91803e+08
SRSE_hydroelectric_pumped_storage_1,2023,Hydroelectric Pumped Storage,SRSE,Electricity,1896.2,0,29391.1,0,8.92124e+07
SRSE_nuclear_1,2023,Nuclear,SRSE,Uranium,6966,0,.,0,1.34635e+09
SRSE_petroleum_liquids_1,2023,Petroleum Liquids,SRSE,Distillate,214.1,0,.,0,5.1384e+06
SRSE_small_hydroelectric_1,2023,Small Hydroelectric,SRSE,Water,94.2,0,.,0,4.43192e+06
SRSE_solar_photovoltaic_1,2023,Solar Photovoltaic,SRSE,Solar,5860.3,0,.,0,1.32021e+08
SRSG_batteries_1,2023,Batteries,SRSG,Electricity,1585.8,0,3215.6,0,1.18554e+07
SRSG_biomass_1,2023,Biomass,SRSG,Waste_biomass,26.6,0,.,0,4.18205e+06
SRSG_biomass_2,2023,Biomass,SRSG,Waste_biomass,69.2,0,.,0,1.08796e+07
SRSG_conventional_hydroelectric_1,2023,Conventional Hydroelectric,SRSG,Water,2765.5,0,.,0,1.30111e+08
SRSG_conventional_steam_coal_1,2023,Conventional Steam Coal,SRSG,Coal,3921,0,.,0,2.35241e+08
SRSG_conventional_steam_coal_2,2023,Conventional Steam Coal,SRSG,Coal,562,0,.,0,4.29288e+07
SRSG_geothermal_1,2023,Geothermal,SRSG,Heat,407.7,0,.,0,8.52505e+07
SRSG_hydroelectric_pumped_storage_1,2023,Hydroelectric Pumped Storage,SRSG,Electricity,216.3,0,3352.65,0,1.01765e+07
SRSG_nuclear_1,2023,Nuclear,SRSG,Uranium,4003,0,.,0,7.7368e+08
SRSG_onshore_wind_turbine_1,2023,Onshore Wind Turbine,SRSG,Wind,4444.1,0,.,0,1.34656e+08
SRSG_petroleum_liquids_1,2023,Petroleum Liquids,SRSG,Distillate,173.5,0,.,0,4.164e+06
SRSG_small_hydroelectric_1,2023,Small Hydroelectric,SRSG,Water,218.1,0,.,0,1.02612e+07
SRSG_solar_photovoltaic_1,2023,Solar Photovoltaic,SRSG,Solar,6817,0,.,0,1.53573e+08
TRE_batteries_1,2023,Batteries,TRE,Electricity,2405.5,0,3770.9,0,1.79835e+07
TRE_biomass_1,2023,Biomass,TRE,Waste_biomass,109.6,0,.,0,1.72313e+07
TRE_biomass_2,2023,Biomass,TRE,Waste_biomass,35.5,0,.,0,5.58131e+06
TRE_conventional_hydroelectric_1,2023,Conventional Hydroelectric,TRE,Water,483,0,.,0,2.27242e+07
TRE_conventional_steam_coal_1,2023,Conventional Steam Coal,TRE,Coal,9974.6,0,.,0,5.91911e+08
TRE_conventional_steam_coal_2,2023,Conventional Steam Coal,TRE,Coal,3660,0,.,0,2.43849e+08
TRE_nuclear_1,2023,Nuclear,TRE,Uranium,5120,0,.,0,9.89568e+08
TRE_onshore_wind_turbine_1,2023,Onshore Wind Turbine,TRE,Wind,12327.8,0,.,0,3.73532e+08
TRE_petroleum_liquids_1,2023,Petroleum Liquids,TRE,Distillate,131.9,0,.,0,3.1656e+06
TRE_small_hydroelectric_1,2023,Small Hydroelectric,TRE,Water,56.1,0,.,0,2.63939e+06
TRE_solar_photovoltaic_1,2023,Solar Photovoltaic,TRE,Solar,8532.2,0,.,0,1.92213e+08
TREW_batteries_1,2023,Batteries,TREW,Electricity,1712.4,0,3153.3,0,1.28019e+07
TREW_onshore_wind_turbine_1,2023,Onshore Wind Turbine,TREW,Wind,25634.7,0,.,0,7.76731e+08
TREW_petroleum_liquids_1,2023,Petroleum Liquids,TREW,Distillate,54,0,.,0,1.296e+06
TREW_solar_photovoltaic_1,2023,Solar Photovoltaic,TREW,Solar,8269.6,0,.,0,1.86298e+08
BASN_distributed_generation_1,2023,distributed_generation,BASN,Solar,859,0,.,0,0
CANO_distributed_generation_1,2023,distributed_generation,CANO,Solar,3582,0,.,0,0
CASO_distributed_generation_1,2023,distributed_generation,CASO,Solar,5574,0,.,0,0
FRCC_distributed_generation_1,2023,distributed_generation,FRCC,Solar,1322,0,.,0,0
ISNE_distributed_generation_1,2023,distributed_generation,ISNE,Solar,3528,0,.,0,0
MISC_distributed_generation_1,2023,distributed_generation,MISC,Solar,355,0,.,0,0
MISE_distributed_generation_1,2023,distributed_generation,MISE,Solar,223,0,.,0,0
MISS_distributed_generation_1,2023,distributed_generation,MISS,Solar,948,0,.,0,0
MISW_distributed_generation_1,2023,distributed_generation,MISW,Solar,1019,0,.,0,0
NWPP_distributed_generation_1,2023,distributed_generation,NWPP,Solar,697,0,.,0,0
NYCW_distributed_generation_1,2023,distributed_generation,NYCW,Solar,849,0,.,0,0
NYUP_distributed_generation_1,2023,distributed_generation,NYUP,Solar,630,0,.,0,0
PJMC_distributed_generation_1,2023,distributed_generation,PJMC,Solar,316,0,.,0,0
PJMD_distributed_generation_1,2023,distributed_generation,PJMD,Solar,363,0,.,0,0
PJME_distributed_generation_1,2023,distributed_generation,PJME,Solar,4500,0,.,0,0
PJMW_distributed_generation_1,2023,distributed_generation,PJMW,Solar,798,0,.,0,0
RMRG_distributed_generation_1,2023,distributed_generation,RMRG,Solar,756,0,.,0,0
SPPC_distributed_generation_1,2023,distributed_generation,SPPC,Solar,137,0,.,0,0
SPPN_distributed_generation_1,2023,distributed_generation,SPPN,Solar,137,0,.,0,0
SPPS_distributed_generation_1,2023,distributed_generation,SPPS,Solar,299,0,.,0,0
SRCA_distributed_generation_1,2023,distributed_generation,SRCA,Solar,1361,0,.,0,0
SRCE_distributed_generation_1,2023,distributed_generation,SRCE,Solar,186,0,.,0,0
SRSE_distributed_generation_1,2023,distributed_generation,SRSE,Solar,166,0,.,0,0
SRSG_distributed_generation_1,2023,distributed_generation,SRSG,Solar,1435,0,.,0,0
TRE_distributed_generation_1,2023,distributed_generation,TRE,Solar,1196,0,.,0,0
TREW_distributed_generation_1,2023,distributed_generation,TREW,Solar,65,0,.,0,0
